2.43,2.45,0,0
2.44,2.45,0,0
2.45,2.46,0,0
2.47,2.47,0,0
2.49,2.47,0,0
2.49,2.47,0,0
2.49,2.47,0,0
2.48,2.46,0,0
2.46,2.45,0,0
2.43,2.43,0,0
2.42,2.42,0,0
2.39,2.41,0,0
2.38,2.4,0,0
2.36,2.38,0,0
2.33,2.37,0,0
2.33,2.36,0,0
2.31,2.34,0,0
2.31,2.33,0,0
2.28,2.32,0,0
2.29,2.31,0,0
2.27,2.29,0,0
2.27,2.28,0,0
2.27,2.26,0,0
2.26,2.25,0,0
2.24,2.24,0,0
2.23,2.23,0,0
2.22,2.23,0,0
2.24,2.21,0,0
2.21,2.2,0,0
2.19,2.19,0,0
2.19,2.17,0,0
2.18,2.17,0,0
2.14,2.17,0,0
2.1,2.14,0,0
2.18,2.14,0,0
2.02,2.15,0,0
,,4,4
2.09,,0,4
2.1,,0,4
2.11,,0,4
2.08,,0,4
2.11,,0,4
2.27,,0,4
2.24,,0,4
2.12,,0,4
2.13,,0,4
2.17,2.36,0,0
2.15,,0,4
2.14,2.17,0,0
2.15,,0,4
2.16,,0,4
2.19,2.17,0,0
2.17,2.19,0,0
2.15,2.19,0,0
2.19,2.42,0,0
2.22,2.2,0,0
2.2,2.23,0,0
2.22,2.23,0,0
2.23,2.25,0,0
2.24,2.25,0,0
2.25,2.27,0,0
2.27,2.27,0,0
2.3,2.29,0,0
2.31,2.3,0,0
2.34,2.32,0,0
2.35,2.34,0,0
2.36,2.35,0,0
2.36,2.37,0,0
2.42,2.4,0,0
2.42,2.41,0,0
2.45,2.44,0,0
2.46,2.45,0,0
2.5,2.47,0,0
2.51,2.5,0,0
2.54,2.51,0,0
2.55,2.54,0,0
2.58,2.57,0,0
2.6,2.61,0,0
2.62,2.61,0,0
2.63,2.64,0,0
2.64,2.64,0,0
2.66,2.66,0,0
2.68,2.68,0,0
2.69,2.69,0,0
2.7,2.71,0,0
2.72,2.73,0,0
2.73,2.74,0,0
2.74,2.75,0,0
2.76,2.78,0,0
2.78,2.8,0,0
2.76,2.81,0,0
2.76,2.82,0,0
2.75,2.83,0,0
2.76,2.84,0,0
2.78,2.85,0,0
2.79,2.86,0,0
2.8,2.88,0,0
2.81,2.89,0,0
2.83,2.91,0,0
2.84,2.93,0,0
2.84,2.95,0,0
2.86,2.96,0,0
2.87,2.98,0,0
2.88,2.99,0,0
2.89,3,0,0
2.9,3.02,0,0
2.91,3.03,0,0
2.93,3.04,0,0
2.94,3.05,0,0
2.98,3.07,0,0
3,3.08,0,0
3.02,3.09,0,0
3.03,3.1,0,0
3.04,3.11,0,0
3.05,3.12,0,0
3.06,3.13,0,0
3.07,3.15,0,0
3.07,3.16,0,0
3.09,3.17,0,0
3.09,3.17,0,0
3.09,3.18,0,0
3.09,3.19,0,0
3.08,3.19,0,0
2.84,3.19,0,0
2.15,3.1,0,0
,,4,4
,,4,4
,,4,4
,,4,4
,,4,4
,,4,4
,,4,4
,,4,4
,,4,4
,,4,4
,,4,4
,,4,4
,,4,4
,,4,4
,,4,4
,,4,4
,,4,4
,,4,4
,,4,4
,,4,4
,,4,4
,,4,4
,,4,4
,,4,4
3.13,3.12,0,0
,,4,4
,,4,4
,,4,4
,,4,4
,,4,4
3.13,3.13,0,0
3.14,3.13,0,0
3.13,3.13,0,0
3.13,3.13,0,0
3.13,3.13,0,0
3.13,3.13,0,0
3.13,3.13,0,0
3.13,3.13,0,0
3.14,3.13,0,0
3.13,3.13,0,0
3.14,3.13,0,0
3.14,3.14,0,0
3.15,3.15,0,0
3.15,3.16,0,0
3.14,3.15,0,0
3.14,3.15,0,0
3.14,3.14,0,0
3.14,3.14,0,0
3.14,3.14,0,0
3.14,3.14,0,0
3.14,3.15,0,0
3.14,3.14,0,0
3.13,3.14,0,0
3.13,3.14,0,0
3.13,3.14,0,0
3.14,3.15,0,0
3.15,3.15,0,0
3.15,3.15,0,0
3.14,3.14,0,0
3.14,3.13,0,0
3.14,3.13,0,0
3.14,3.13,0,0
3.14,3.13,0,0
3.14,3.13,0,0
3.14,3.13,0,0
3.15,3.13,0,0
3.15,3.13,0,0
3.16,3.14,0,0
3.15,3.14,0,0
3.15,3.14,0,0
3.16,3.14,0,0
3.16,3.14,0,0
3.16,3.15,0,0
3.17,3.15,0,0
3.17,3.15,0,0
3.18,3.16,0,0
3.18,3.16,0,0
3.19,3.17,0,0
3.2,3.17,0,0
3.21,3.18,0,0
3.21,3.19,0,0
3.22,3.2,0,0
3.23,3.21,0,0
3.24,3.22,0,0
3.24,3.22,0,0
3.24,3.22,0,0
3.24,3.23,0,0
3.25,3.23,0,0
3.25,3.24,0,0
3.26,3.25,0,0
3.27,3.25,0,0
3.27,3.25,0,0
3.28,3.26,0,0
3.28,3.27,0,0
3.3,3.3,0,0
3.3,3.29,0,0
3.32,3.31,0,0
3.33,3.32,0,0
3.33,3.31,0,0
3.33,3.32,0,0
3.33,3.31,0,0
3.33,3.32,0,0
3.33,3.32,0,0
3.33,3.32,0,0
3.33,3.33,0,0
3.32,3.33,0,0
3.32,3.33,0,0
3.31,3.34,0,0
3.31,3.33,0,0
3.3,3.34,0,0
3.31,3.34,0,0
3.35,3.37,0,0
3.33,3.36,0,0
3.33,3.34,0,0
3.3,3.32,0,0
3.3,3.31,0,0
3.3,3.3,0,0
3.29,3.29,0,0
3.27,3.28,0,0
3.26,3.27,0,0
3.25,3.26,0,0
3.24,3.25,0,0
3.24,3.23,0,0
3.23,3.23,0,0
3.22,3.22,0,0
3.22,3.21,0,0
3.2,3.2,0,0
3.2,3.19,0,0
3.19,3.18,0,0
3.18,3.17,0,0
3.17,3.16,0,0
3.17,3.16,0,0
3.17,3.15,0,0
3.16,3.15,0,0
3.16,3.14,0,0
3.16,3.14,0,0
3.16,3.13,0,0
3.15,3.13,0,0
3.15,3.12,0,0
3.14,3.12,0,0
3.14,3.11,0,0
3.13,3.1,0,0
3.15,3.12,0,0
3.12,3.1,0,0
3.12,3.09,0,0
3.11,3.07,0,0
3.1,3.06,0,0
3.09,3.05,0,0
3.09,3.04,0,0
3.08,3.03,0,0
3.06,3.02,0,0
2.99,3.01,0,0
,2.85,4,0
,,4,4
,,4,4
,,4,4
,,4,4
,,4,4
,,4,4
,,4,4
,,4,4
,2.27,4,0
,2.87,4,0
2.14,2.98,0,0
1.9,3,0,0
,3,4,0
3,3,0,0
2.98,3.01,0,0
2.96,3.01,0,0
3.02,3.02,0,0
3.06,3.02,0,0
3.09,3.02,0,0
3.11,3.03,0,0
3.12,3.03,0,0
3.13,3.04,0,0
3.14,3.05,0,0
3.18,3.09,0,0
3.19,3.1,0,0
3.21,3.11,0,0
3.22,3.11,0,0
3.22,3.12,0,0
3.22,3.13,0,0
3.23,3.14,0,0
3.24,3.15,0,0
3.25,3.16,0,0
3.26,3.17,0,0
3.26,3.18,0,0
3.26,3.19,0,0
3.27,3.2,0,0
3.27,3.2,0,0
3.28,3.21,0,0
3.29,3.23,0,0
3.31,3.25,0,0
3.3,3.24,0,0
3.29,3.23,0,0
3.27,3.23,0,0
3.26,3.22,0,0
3.26,3.22,0,0
3.26,3.22,0,0
3.26,3.23,0,0
3.27,3.23,0,0
3.27,3.24,0,0
3.27,3.24,0,0
3.27,3.25,0,0
3.27,3.25,0,0
3.28,3.26,0,0
3.28,3.26,0,0
3.29,3.27,0,0
3.29,3.27,0,0
3.28,3.28,0,0
3.28,3.28,0,0
3.28,3.28,0,0
3.28,3.29,0,0
3.28,3.29,0,0
3.27,3.3,0,0
3.25,3.34,0,0
3.27,3.34,0,0
3.29,3.34,0,0
3.3,3.34,0,0
3.31,3.35,0,0
3.33,3.35,0,0
3.34,3.35,0,0
3.35,3.35,0,0
3.36,3.35,0,0
3.36,3.35,0,0
3.36,3.34,0,0
3.35,3.34,0,0
3.35,3.33,0,0
3.35,3.32,0,0
3.34,3.31,0,0
3.33,3.3,0,0
3.32,3.29,0,0
3.32,3.28,0,0
3.31,3.27,0,0
3.3,3.26,0,0
3.3,3.26,0,0
3.29,3.25,0,0
3.29,3.24,0,0
3.29,3.24,0,0
3.28,3.25,0,0
3.28,3.25,0,0
3.28,3.25,0,0
3.28,3.25,0,0
3.29,3.25,0,0
3.29,3.25,0,0
3.29,3.25,0,0
3.29,3.25,0,0
3.29,3.25,0,0
3.32,3.29,0,0
3.29,3.28,0,0
3.3,3.28,0,0
3.29,3.26,0,0
3.27,3.26,0,0
3.26,3.25,0,0
3.25,3.24,0,0
3.24,3.24,0,0
3.23,3.23,0,0
3.23,3.22,0,0
3.23,3.21,0,0
3.23,3.21,0,0
3.23,3.2,0,0
3.23,3.2,0,0
3.23,3.2,0,0
3.24,3.2,0,0
3.26,3.19,0,0
3.26,3.2,0,0
3.26,3.2,0,0
3.27,3.2,0,0
3.28,3.2,0,0
3.28,3.2,0,0
3.29,3.21,0,0
3.29,3.22,0,0
3.3,3.22,0,0
3.31,3.23,0,0
3.32,3.25,0,0
3.34,3.26,0,0
3.35,3.27,0,0
3.36,3.28,0,0
3.37,3.29,0,0
3.38,3.31,0,0
3.39,3.32,0,0
3.4,3.33,0,0
3.41,3.34,0,0
3.41,3.35,0,0
3.43,3.37,0,0
3.43,3.4,0,0
3.39,3.38,0,0
3.41,3.41,0,0
3.4,3.4,0,0
3.41,3.39,0,0
3.42,3.39,0,0
3.43,3.39,0,0
3.44,3.39,0,0
3.44,3.4,0,0
3.44,3.4,0,0
3.44,3.41,0,0
3.44,3.41,0,0
3.44,3.41,0,0
3.45,3.41,0,0
3.45,3.41,0,0
3.45,3.4,0,0
3.44,3.4,0,0
3.43,3.39,0,0
3.42,3.38,0,0
3.4,3.37,0,0
3.39,3.36,0,0
3.38,3.34,0,0
3.36,3.33,0,0
3.34,3.31,0,0
3.3,3.29,0,0
3.25,3.27,0,0
3.19,3.25,0,0
3.18,3.23,0,0
3.15,3.22,0,0
3.14,3.2,0,0
3.12,3.18,0,0
3.11,3.16,0,0
3.08,3.14,0,0
3.08,3.13,0,0
3.06,3.12,0,0
3.05,3.1,0,0
3.04,3.09,0,0
3.03,3.08,0,0
3.03,3.07,0,0
3.02,3.06,0,0
3.02,3.05,0,0
3.01,3.05,0,0
3.01,3.04,0,0
3,3.03,0,0
3,3.03,0,0
3,3.03,0,0
3,3.03,0,0
2.99,3.03,0,0
2.98,3.02,0,0
2.97,3.02,0,0
2.95,3.02,0,0
2.96,3.02,0,0
2.96,3.02,0,0
2.97,3.02,0,0
2.97,3.02,0,0
2.96,3.03,0,0
2.97,3.03,0,0
2.98,3.04,0,0
2.98,3.05,0,0
2.96,3.05,0,0
2.9,3.06,0,0
2.97,3.04,0,0
,2.77,4,0
,,4,4
,,4,4
,,4,4
,,4,4
,,4,4
,,4,4
,,4,4
,,4,4
,,4,4
,,4,4
,,4,4
,,4,4
,,4,4
,,4,4
,,4,4
,,4,4
,,4,4
,,4,4
,,4,4
,,4,4
,,4,4
,,4,4
,,4,4
,,4,4
,,4,4
,,4,4
,,4,4
,,4,4
,,4,4
,,4,4
3,3.04,0,0
3,3.05,0,0
2.99,3.06,0,0
3.01,3.07,0,0
2.99,3.07,0,0
3.06,3.08,0,0
3,3.08,0,0
3.01,3.08,0,0
3.05,3.08,0,0
3.02,3.08,0,0
3.03,3.07,0,0
3.01,3.07,0,0
3.01,3.07,0,0
3.02,3.06,0,0
3.03,3.07,0,0
3,3.06,0,0
3.03,3.06,0,0
3.02,3.06,0,0
3.03,3.06,0,0
3.04,3.06,0,0
2.99,3.07,0,0
3.02,3.07,0,0
2.98,3.07,0,0
2.99,3.07,0,0
2.99,3.07,0,0
3,3.08,0,0
3,3.08,0,0
2.92,3.08,0,0
2.96,3.09,0,0
2.95,3.09,0,0
2.98,3.09,0,0
2.96,3.09,0,0
2.96,3.09,0,0
2.99,3.09,0,0
2.98,3.09,0,0
2.98,3.09,0,0
2.96,3.09,0,0
2.9,3.08,0,0
2.96,3.08,0,0
3.01,3.07,0,0
3.06,3.06,0,0
3.06,3.04,0,0
3.03,3.04,0,0
3.03,3.03,0,0
3,3.02,0,0
3.02,3.04,0,0
2.69,3.06,0,0
2.71,3.05,0,0
2.89,3.06,0,0
2.97,3.05,0,0
3.02,3.05,0,0
3.05,3.04,0,0
3.05,3.03,0,0
3.05,3.03,0,0
3.04,3.02,0,0
3.04,3.02,0,0
3.03,3.01,0,0
3.02,3.01,0,0
3.02,3,0,0
3.02,3,0,0
3.01,2.99,0,0
3.01,2.99,0,0
3.01,2.99,0,0
3.01,2.99,0,0
3.02,2.99,0,0
3.03,2.99,0,0
3.03,2.99,0,0
3.04,3,0,0
3.04,3,0,0
3.05,3,0,0
3.05,3,0,0
3.06,3,0,0
3.06,3,0,0
3.05,3,0,0
2.91,2.99,0,0
2.7,2.95,0,0
,2.55,4,0
,,4,4
,,4,4
,,4,4
,,4,4
,,4,4
,,4,4
,,4,4
,,4,4
,,4,4
,,4,4
,,4,4
,,4,4
,,4,4
,,4,4
,,4,4
,,4,4
,,4,4
,,4,4
,,4,4
2.79,2.94,0,0
,,4,4
,,4,4
,,4,4
,,4,4
,,4,4
,,4,4
,,4,4
,,4,4
,,4,4
,,4,4
2.72,2.95,0,0
2.65,2.96,0,0
2.63,2.97,0,0
2.76,2.97,0,0
,2.97,4,0
2.87,2.97,0,0
2.68,2.96,0,0
2.95,2.96,0,0
2.93,2.96,0,0
2.92,2.96,0,0
2.98,2.96,0,0
2.91,2.96,0,0
2.85,2.99,0,0
3.02,3.02,0,0
2.85,3.01,0,0
2.96,3.01,0,0
3,3.01,0,0
2.97,3,0,0
2.92,2.99,0,0
2.7,2.98,0,0
2.8,2.98,0,0
2.75,2.97,0,0
2.71,2.97,0,0
2.69,2.97,0,0
2.74,2.96,0,0
2.75,2.96,0,0
2.78,2.95,0,0
2.88,2.95,0,0
2.87,2.94,0,0
2.85,2.94,0,0
2.86,2.94,0,0
2.91,2.93,0,0
2.86,2.93,0,0
2.89,2.93,0,0
2.86,2.92,0,0
2.92,2.92,0,0
2.88,2.92,0,0
2.86,2.92,0,0
2.87,2.92,0,0
2.89,2.92,0,0
2.9,2.93,0,0
2.88,2.93,0,0
2.87,2.93,0,0
2.9,2.93,0,0
2.89,2.93,0,0
2.92,2.93,0,0
2.91,2.94,0,0
2.94,2.94,0,0
2.94,2.94,0,0
2.95,2.94,0,0
2.94,2.94,0,0
2.95,2.93,0,0
2.94,2.93,0,0
2.94,2.93,0,0
2.94,2.92,0,0
2.93,2.92,0,0
2.92,2.91,0,0
2.92,2.91,0,0
2.91,2.9,0,0
2.9,2.89,0,0
2.9,2.89,0,0
2.89,2.88,0,0
2.87,2.88,0,0
2.86,2.87,0,0
2.86,2.87,0,0
2.85,2.86,0,0
2.82,2.86,0,0
2.84,2.85,0,0
2.84,2.85,0,0
2.85,2.85,0,0
2.84,2.85,0,0
2.84,2.85,0,0
2.85,2.85,0,0
2.84,2.85,0,0
2.85,2.84,0,0
2.85,2.85,0,0
2.85,2.85,0,0
2.85,2.85,0,0
2.85,2.85,0,0
2.86,2.85,0,0
2.85,2.86,0,0
2.86,2.86,0,0
2.86,2.86,0,0
2.86,2.86,0,0
2.86,2.87,0,0
2.87,2.88,0,0
2.88,2.89,0,0
2.89,2.9,0,0
2.89,2.9,0,0
2.9,2.91,0,0
2.91,2.92,0,0
2.92,2.94,0,0
2.92,2.95,0,0
2.93,2.96,0,0
2.93,2.96,0,0
2.94,2.97,0,0
2.95,2.98,0,0
2.95,2.98,0,0
2.95,2.98,0,0
2.95,2.98,0,0
2.96,2.98,0,0
2.96,2.98,0,0
2.96,2.98,0,0
2.94,2.97,0,0
2.79,2.97,0,0
,2.88,4,0
,,4,4
,,4,4
,,4,4
,,4,4
,,4,4
,,4,4
,,4,4
,,4,4
,,4,4
,,4,4
,,4,4
,,4,4
,,4,4
,,4,4
,,4,4
,,4,4
,,4,4
,,4,4
,,4,4
,,4,4
3,3.03,0,0
,,4,4
,,4,4
,,4,4
,,4,4
,,4,4
,,4,4
,,4,4
,,4,4
,,4,4
,,4,4
3.01,3.03,0,0
3.01,3.04,0,0
3,3.04,0,0
2.99,3.04,0,0
2.99,3.04,0,0
2.98,3.04,0,0
2.98,3.03,0,0
2.97,3.03,0,0
2.96,3.02,0,0
2.95,3.01,0,0
2.94,3.01,0,0
2.93,3,0,0
2.91,2.98,0,0
2.91,2.97,0,0
2.9,2.96,0,0
2.89,2.95,0,0
2.88,2.94,0,0
2.88,2.93,0,0
2.87,2.92,0,0
2.86,2.91,0,0
2.85,2.9,0,0
2.84,2.89,0,0
2.83,2.89,0,0
2.84,2.88,0,0
2.83,2.87,0,0
2.82,2.86,0,0
2.81,2.85,0,0
2.81,2.85,0,0
2.81,2.84,0,0
2.81,2.83,0,0
2.8,2.83,0,0
2.8,2.83,0,0
2.8,2.82,0,0
2.79,2.82,0,0
2.79,2.82,0,0
2.79,2.82,0,0
2.79,2.82,0,0
2.79,2.82,0,0
2.8,2.82,0,0
2.81,2.83,0,0
2.81,2.82,0,0
2.82,2.83,0,0
2.82,2.83,0,0
2.83,2.84,0,0
2.83,2.84,0,0
2.84,2.85,0,0
2.83,2.85,0,0
2.84,2.86,0,0
2.84,2.86,0,0
2.86,2.87,0,0
2.86,2.87,0,0
2.86,2.88,0,0
2.87,2.89,0,0
2.87,2.9,0,0
2.88,2.91,0,0
2.89,2.92,0,0
2.91,2.93,0,0
2.91,2.94,0,0
2.93,2.95,0,0
2.93,2.97,0,0
2.95,2.98,0,0
2.95,2.99,0,0
2.96,3,0,0
2.97,3.02,0,0
2.98,3.02,0,0
2.99,3.04,0,0
2.99,3.05,0,0
3,3.05,0,0
3.01,3.06,0,0
3.01,3.07,0,0
3.02,3.08,0,0
3.02,3.08,0,0
3.02,3.09,0,0
3.02,3.1,0,0
3.02,3.1,0,0
3.03,3.1,0,0
3.02,3.11,0,0
3.02,3.11,0,0
3.01,3.11,0,0
2.5,3.12,0,0
,3.06,4,0
,,4,4
,,4,4
,,4,4
,,4,4
,,4,4
,,4,4
,,4,4
,,4,4
,,4,4
,3.02,4,0
,3.04,4,0
,3.11,4,0
2.93,3.12,0,0
2.88,3.11,0,0
2.98,3.1,0,0
3.03,3.08,0,0
3.03,3.08,0,0
3.02,3.08,0,0
3.01,3.07,0,0
3,3.07,0,0
2.99,3.07,0,0
2.99,3.07,0,0
3,3.07,0,0
3,3.07,0,0
3.02,3.08,0,0
3.02,3.09,0,0
3.03,3.09,0,0
3.05,3.1,0,0
3.06,3.11,0,0
3.07,3.11,0,0
3.07,3.11,0,0
3.07,3.11,0,0
3.07,3.11,0,0
3.06,3.1,0,0
3.06,3.1,0,0
3.05,3.09,0,0
3.04,3.08,0,0
3.03,3.07,0,0
3,3.05,0,0
3.03,3.03,0,0
3.03,3.02,0,0
3.02,3,0,0
3.01,2.99,0,0
3.01,2.98,0,0
2.99,2.98,0,0
2.99,2.97,0,0
3,2.97,0,0
3.01,2.97,0,0
2.99,2.97,0,0
3.01,2.97,0,0
3.02,2.97,0,0
3.02,2.97,0,0
3.02,2.98,0,0
3.02,2.99,0,0
3.04,2.99,0,0
3.04,3,0,0
3.04,3,0,0
3.06,3.01,0,0
3.08,3.03,0,0
3.08,3.04,0,0
3.09,3.04,0,0
3.1,3.06,0,0
3.12,3.07,0,0
3.12,3.08,0,0
3.13,3.09,0,0
3.13,3.1,0,0
3.14,3.12,0,0
3.15,3.13,0,0
3.17,3.14,0,0
3.17,3.15,0,0
3.17,3.15,0,0
3.18,3.16,0,0
3.18,3.17,0,0
3.18,3.17,0,0
3.18,3.17,0,0
3.17,3.17,0,0
3.19,3.18,0,0
3.19,3.17,0,0
3.19,3.18,0,0
3.2,3.17,0,0
3.2,3.18,0,0
3.19,3.18,0,0
3.2,3.18,0,0
3.19,3.18,0,0
3.13,3.18,0,0
2.84,3.19,0,0
2.88,3.17,0,0
,3.08,4,0
,,4,4
,,4,4
,,4,4
,,4,4
,,4,4
,,4,4
,,4,4
,,4,4
,,4,4
,2.84,4,0
,2.82,4,0
,3.04,4,0
,3.1,4,0
,3.13,4,0
1.83,3.17,0,0
2.08,3.19,0,0
2.09,3.19,0,0
2.22,3.19,0,0
2.38,3.19,0,0
2.44,3.18,0,0
2.45,3.18,0,0
2.46,3.18,0,0
2.48,3.18,0,0
2.54,3.19,0,0
2.57,3.19,0,0
2.6,3.19,0,0
2.62,3.19,0,0
2.68,3.21,0,0
2.73,3.22,0,0
2.81,3.22,0,0
2.92,3.23,0,0
2.91,3.24,0,0
2.93,3.25,0,0
2.96,3.26,0,0
2.96,3.27,0,0
3.02,3.28,0,0
3.06,3.29,0,0
3.01,3.29,0,0
3.01,3.3,0,0
3.14,3.31,0,0
3.24,3.32,0,0
3.25,3.3,0,0
3.25,3.3,0,0
3.13,3.28,0,0
3.19,3.25,0,0
3.11,3.23,0,0
3.15,3.22,0,0
3.15,3.2,0,0
3.15,3.19,0,0
3.15,3.18,0,0
3.14,3.17,0,0
3.13,3.16,0,0
3.12,3.16,0,0
3.12,3.15,0,0
3.12,3.15,0,0
3.13,3.14,0,0
3.12,3.13,0,0
3.11,3.12,0,0
3.11,3.12,0,0
3.1,3.11,0,0
3.09,3.1,0,0
3.08,3.09,0,0
3.07,3.08,0,0
3.05,3.07,0,0
3.03,3.06,0,0
3.02,3.05,0,0
3.01,3.04,0,0
2.99,3.03,0,0
2.98,3.01,0,0
2.97,3,0,0
2.95,2.99,0,0
2.94,2.98,0,0
2.93,2.97,0,0
2.92,2.96,0,0
2.91,2.95,0,0
2.9,2.94,0,0
2.89,2.93,0,0
2.89,2.92,0,0
2.88,2.91,0,0
2.87,2.9,0,0
2.86,2.89,0,0
2.85,2.88,0,0
2.85,2.88,0,0
2.85,2.87,0,0
2.84,2.87,0,0
2.84,2.87,0,0
2.83,2.87,0,0
2.83,2.86,0,0
2.84,2.86,0,0
2.84,2.86,0,0
2.84,2.86,0,0
2.84,2.86,0,0
2.84,2.87,0,0
2.84,2.86,0,0
2.84,2.86,0,0
2.84,2.86,0,0
2.84,2.86,0,0
2.85,2.86,0,0
2.85,2.86,0,0
2.85,2.86,0,0
2.85,2.86,0,0
2.88,2.89,0,0
2.83,2.89,0,0
2.81,2.88,0,0
2.82,2.89,0,0
2.83,2.89,0,0
2.83,2.89,0,0
2.83,2.89,0,0
2.83,2.89,0,0
2.84,2.89,0,0
2.84,2.89,0,0
2.84,2.89,0,0
2.84,2.88,0,0
2.85,2.89,0,0
2.85,2.88,0,0
2.85,2.88,0,0
2.85,2.88,0,0
2.85,2.88,0,0
2.85,2.88,0,0
2.86,2.88,0,0
2.86,2.89,0,0
2.87,2.89,0,0
2.87,2.89,0,0
2.88,2.9,0,0
2.89,2.91,0,0
2.9,2.92,0,0
2.91,2.93,0,0
2.92,2.93,0,0
2.94,2.94,0,0
2.95,2.96,0,0
2.96,2.97,0,0
2.97,2.98,0,0
2.98,2.99,0,0
3,3,0,0
3.01,3.01,0,0
3.02,3.02,0,0
3.03,3.03,0,0
3.04,3.04,0,0
3.05,3.05,0,0
3.06,3.06,0,0
3.07,3.07,0,0
3.07,3.08,0,0
3.07,3.08,0,0
3.07,3.09,0,0
3.07,3.09,0,0
3.07,3.09,0,0
3.07,3.09,0,0
3.07,3.08,0,0
3.06,3.08,0,0
3.06,3.07,0,0
3.04,3.06,0,0
3.03,3.05,0,0
3.02,3.04,0,0
3,3.03,0,0
2.99,3.01,0,0
2.98,3,0,0
2.96,2.99,0,0
2.94,2.98,0,0
2.93,2.97,0,0
2.92,2.96,0,0
2.9,2.95,0,0
2.88,2.93,0,0
2.87,2.92,0,0
2.85,2.9,0,0
2.84,2.89,0,0
2.84,2.88,0,0
2.84,2.88,0,0
2.83,2.88,0,0
2.82,2.87,0,0
2.81,2.87,0,0
2.83,2.86,0,0
2.72,2.86,0,0
,2.66,4,0
,,4,4
,,4,4
,,4,4
,,4,4
,,4,4
,,4,4
,,4,4
,,4,4
,2.3,4,0
,2.54,4,0
,2.7,4,0
,2.7,4,0
,2.72,4,0
,2.74,4,0
,2.73,4,0
,2.72,4,0
,2.71,4,0
,2.7,4,0
2.47,2.7,0,0
2.45,2.7,0,0
2.69,2.7,0,0
2.69,2.7,0,0
2.57,2.71,0,0
2.53,2.71,0,0
2.48,2.72,0,0
2.54,2.73,0,0
2.59,2.74,0,0
2.59,2.75,0,0
2.68,2.76,0,0
2.64,2.78,0,0
2.73,2.79,0,0
2.81,2.81,0,0
2.81,2.81,0,0
2.81,2.82,0,0
2.81,2.83,0,0
2.8,2.84,0,0
2.8,2.85,0,0
2.81,2.86,0,0
2.81,2.87,0,0
2.84,2.88,0,0
2.83,2.88,0,0
2.85,2.89,0,0
2.85,2.89,0,0
2.87,2.9,0,0
2.91,2.91,0,0
2.88,2.92,0,0
2.89,2.91,0,0
2.89,2.92,0,0
2.91,2.92,0,0
2.9,2.93,0,0
2.91,2.93,0,0
2.91,2.93,0,0
2.9,2.93,0,0
2.9,2.93,0,0
2.89,2.93,0,0
2.89,2.92,0,0
2.9,2.92,0,0
2.9,2.92,0,0
2.89,2.92,0,0
2.88,2.92,0,0
2.89,2.91,0,0
2.88,2.91,0,0
2.88,2.9,0,0
2.89,2.91,0,0
2.89,2.9,0,0
2.88,2.9,0,0
2.87,2.89,0,0
2.85,2.89,0,0
2.84,2.89,0,0
2.83,2.87,0,0
2.82,2.87,0,0
2.82,2.86,0,0
2.81,2.86,0,0
2.8,2.85,0,0
2.79,2.84,0,0
2.79,2.84,0,0
2.77,2.82,0,0
2.76,2.81,0,0
2.73,2.82,0,0
2.72,2.8,0,0
2.68,2.79,0,0
2.69,2.78,0,0
2.68,2.77,0,0
2.68,2.77,0,0
2.68,2.76,0,0
2.67,2.76,0,0
2.66,2.75,0,0
2.66,2.75,0,0
2.66,2.75,0,0
2.66,2.76,0,0
2.77,2.78,0,0
2.71,2.76,0,0
2.62,2.77,0,0
2.76,2.8,0,0
2.81,2.8,0,0
2.83,2.81,0,0
2.84,2.81,0,0
2.85,2.82,0,0
2.86,2.83,0,0
2.86,2.84,0,0
2.88,2.85,0,0
2.89,2.87,0,0
2.91,2.88,0,0
2.93,2.9,0,0
2.95,2.91,0,0
2.97,2.93,0,0
3,2.94,0,0
3,2.96,0,0
3.01,2.97,0,0
3.02,2.98,0,0
3.03,2.98,0,0
3.03,2.99,0,0
3.03,2.99,0,0
3.03,3,0,0
3,3,0,0
2.93,2.99,0,0
2.32,2.89,0,0
,2.58,4,0
,,4,4
,,4,4
,,4,4
,,4,4
,,4,4
,,4,4
,1.94,4,0
,2.36,4,0
,2.77,4,0
,2.96,4,0
,3.01,4,0
2.85,3.01,0,0
2.99,3,0,0
3.01,3.01,0,0
2.97,3.02,0,0
2.99,3.03,0,0
3.01,3.03,0,0
3.03,3.04,0,0
3.04,3.05,0,0
3.06,3.05,0,0
3.07,3.06,0,0
3.08,3.06,0,0
3.1,3.07,0,0
3.11,3.08,0,0
3.12,3.09,0,0
3.13,3.1,0,0
3.15,3.11,0,0
3.16,3.13,0,0
3.18,3.14,0,0
3.2,3.15,0,0
3.22,3.17,0,0
3.25,3.18,0,0
3.24,3.2,0,0
3.27,3.21,0,0
3.29,3.22,0,0
3.3,3.24,0,0
3.32,3.25,0,0
3.33,3.26,0,0
3.34,3.27,0,0
3.34,3.28,0,0
3.35,3.28,0,0
3.35,3.29,0,0
3.36,3.29,0,0
3.36,3.29,0,0
3.36,3.29,0,0
3.37,3.29,0,0
3.37,3.29,0,0
3.37,3.29,0,0
3.37,3.29,0,0
3.37,3.29,0,0
3.36,3.28,0,0
3.36,3.28,0,0
3.36,3.28,0,0
3.35,3.27,0,0
3.35,3.27,0,0
3.34,3.26,0,0
3.33,3.25,0,0
3.31,3.25,0,0
3.3,3.24,0,0
3.3,3.23,0,0
3.29,3.21,0,0
3.28,3.21,0,0
3.27,3.2,0,0
3.26,3.18,0,0
3.25,3.18,0,0
3.25,3.17,0,0
3.24,3.16,0,0
3.24,3.16,0,0
3.23,3.15,0,0
3.23,3.15,0,0
3.23,3.14,0,0
3.22,3.14,0,0
3.22,3.14,0,0
3.22,3.14,0,0
3.22,3.14,0,0
3.22,3.14,0,0
3.22,3.14,0,0
3.22,3.15,0,0
3.22,3.15,0,0
3.21,3.15,0,0
3.21,3.16,0,0
3.21,3.16,0,0
3.2,3.15,0,0
3.2,3.16,0,0
3.19,3.15,0,0
3.18,3.15,0,0
3.18,3.14,0,0
3.17,3.13,0,0
3.16,3.13,0,0
3.15,3.12,0,0
3.15,3.11,0,0
3.15,3.11,0,0
3.14,3.1,0,0
3.14,3.1,0,0
3.14,3.1,0,0
3.14,3.09,0,0
3.14,3.09,0,0
3.14,3.09,0,0
3.14,3.09,0,0
3.14,3.09,0,0
3.15,3.1,0,0
3.15,3.1,0,0
3.15,3.09,0,0
3.15,3.1,0,0
3.15,3.1,0,0
3.16,3.1,0,0
3.16,3.1,0,0
3.15,3.1,0,0
3.15,3.1,0,0
3.15,3.1,0,0
3.15,3.1,0,0
3.15,3.09,0,0
3.16,3.1,0,0
3.16,3.1,0,0
3.16,3.1,0,0
3.16,3.11,0,0
3.16,3.11,0,0
3.17,3.12,0,0
3.17,3.12,0,0
3.16,3.12,0,0
3.12,3.12,0,0
3.07,3.14,0,0
2.9,3.08,0,0
,2.72,4,0
,,4,4
,,4,4
,,4,4
,,4,4
,,4,4
,,4,4
,,4,4
,,4,4
,,4,4
,,4,4
,,4,4
,,4,4
,,4,4
,,4,4
,,4,4
,,4,4
,,4,4
,,4,4
,,4,4
3.27,3.28,0,0
,,4,4
,,4,4
,,4,4
,,4,4
,,4,4
,,4,4
,,4,4
,,4,4
,,4,4
,,4,4
3.27,3.28,0,0
3.27,3.29,0,0
3.26,3.28,0,0
3.25,3.28,0,0
3.24,3.26,0,0
3.2,3.25,0,0
3.12,3.23,0,0
3.1,3.21,0,0
3.1,3.21,0,0
3.11,3.19,0,0
3.15,3.18,0,0
3.16,3.15,0,0
3.14,3.13,0,0
3.11,3.11,0,0
3.09,3.09,0,0
3.08,3.07,0,0
3.06,3.05,0,0
3.05,3.04,0,0
3.04,3.02,0,0
3.03,3.01,0,0
3.02,3,0,0
3.01,2.99,0,0
2.99,2.97,0,0
2.98,2.96,0,0
2.98,2.95,0,0
2.97,2.95,0,0
2.96,2.94,0,0
2.96,2.94,0,0
2.95,2.93,0,0
2.95,2.93,0,0
2.95,2.92,0,0
2.95,2.93,0,0
2.94,2.92,0,0
2.94,2.92,0,0
2.95,2.92,0,0
2.96,2.93,0,0
2.96,2.93,0,0
2.97,2.93,0,0
2.98,2.93,0,0
2.98,2.93,0,0
3,2.94,0,0
2.98,2.95,0,0
2.8,2.86,0,0
,,4,4
,,4,4
,,4,4
,,4,4
,,4,4
,,4,4
,,4,4
,,4,4
,,4,4
,2.58,4,0
,2.83,4,0
,2.98,4,0
,3.04,4,0
2.73,3.06,0,0
2.98,3.06,0,0
2.95,3.04,0,0
2.95,3.04,0,0
2.98,3.04,0,0
3.02,3.04,0,0
3.05,3.05,0,0
3.06,3.06,0,0
3.07,3.07,0,0
3.1,3.08,0,0
3.11,3.09,0,0
3.14,3.1,0,0
3.15,3.1,0,0
3.16,3.11,0,0
3.17,3.13,0,0
3.19,3.13,0,0
3.2,3.14,0,0
3.21,3.15,0,0
3.21,3.15,0,0
3.21,3.16,0,0
3.21,3.16,0,0
3.21,3.17,0,0
3.2,3.17,0,0
3.19,3.17,0,0
3.18,3.16,0,0
3.17,3.16,0,0
3.16,3.16,0,0
3.15,3.16,0,0
3.14,3.15,0,0
3.13,3.15,0,0
3.12,3.15,0,0
3.11,3.14,0,0
3.1,3.13,0,0
3.1,3.12,0,0
3.09,3.11,0,0
3.07,3.1,0,0
3.06,3.09,0,0
3.05,3.08,0,0
3.04,3.07,0,0
3.02,3.05,0,0
3.01,3.04,0,0
3,3.02,0,0
2.99,3.01,0,0
2.98,2.99,0,0
2.97,2.98,0,0
2.96,2.96,0,0
2.95,2.95,0,0
2.94,2.95,0,0
2.94,2.94,0,0
2.93,2.93,0,0
2.93,2.93,0,0
2.92,2.92,0,0
2.92,2.93,0,0
2.96,2.94,0,0
2.93,2.93,0,0
2.93,2.92,0,0
2.93,2.91,0,0
2.92,2.91,0,0
2.91,2.9,0,0
2.91,2.9,0,0
2.91,2.9,0,0
2.91,2.9,0,0
2.92,2.9,0,0
2.92,2.9,0,0
2.92,2.91,0,0
2.92,2.91,0,0
2.92,2.91,0,0
2.93,2.91,0,0
2.93,2.91,0,0
2.94,2.92,0,0
2.95,2.92,0,0
2.95,2.92,0,0
2.96,2.93,0,0
2.97,2.94,0,0
2.99,2.95,0,0
3,2.96,0,0
3.01,2.98,0,0
3.03,2.99,0,0
3.05,3.01,0,0
3.06,3.03,0,0
3.08,3.04,0,0
3.1,3.07,0,0
3.1,3.08,0,0
3.12,3.09,0,0
3.13,3.11,0,0
3.14,3.12,0,0
3.16,3.13,0,0
3.17,3.14,0,0
3.18,3.15,0,0
3.19,3.17,0,0
3.2,3.17,0,0
3.21,3.18,0,0
3.22,3.19,0,0
3.22,3.2,0,0
3.24,3.21,0,0
3.24,3.21,0,0
3.25,3.22,0,0
3.26,3.23,0,0
3.27,3.23,0,0
3.28,3.24,0,0
3.28,3.24,0,0
3.28,3.25,0,0
3.28,3.26,0,0
3.28,3.26,0,0
3.28,3.26,0,0
3.28,3.26,0,0
3.28,3.27,0,0
3.28,3.27,0,0
3.29,3.28,0,0
3.29,3.28,0,0
3.29,3.28,0,0
3.29,3.29,0,0
3.29,3.29,0,0
3.29,3.28,0,0
3.28,3.29,0,0
3.28,3.28,0,0
3.27,3.28,0,0
3.26,3.28,0,0
3.25,3.28,0,0
3.25,3.28,0,0
3.22,3.28,0,0
3.23,3.29,0,0
3.25,3.3,0,0
3.28,3.31,0,0
3.27,3.3,0,0
3.26,3.3,0,0
3.25,3.29,0,0
3.22,3.28,0,0
3.2,3.26,0,0
3.16,3.23,0,0
3.1,3.06,0,0
,2.55,4,0
,,4,4
,,4,4
,,4,4
,,4,4
,,4,4
,,4,4
,,4,4
,,4,4
,,4,4
,,4,4
,,4,4
,,4,4
,,4,4
,,4,4
,,4,4
,,4,4
,,4,4
,,4,4
,,4,4
3.09,3.03,0,0
,,4,4
,,4,4
,,4,4
,,4,4
,,4,4
,,4,4
,,4,4
,,4,4
,,4,4
,,4,4
3.1,3.04,0,0
3.11,3.05,0,0
3.12,3.06,0,0
3.13,3.07,0,0
3.14,3.08,0,0
3.14,3.08,0,0
3.15,3.09,0,0
3.15,3.09,0,0
3.15,3.09,0,0
3.15,3.1,0,0
3.15,3.11,0,0
3.16,3.1,0,0
3.16,3.1,0,0
3.15,3.1,0,0
3.15,3.11,0,0
3.15,3.11,0,0
3.15,3.1,0,0
3.14,3.11,0,0
3.14,3.1,0,0
3.14,3.11,0,0
3.14,3.11,0,0
3.14,3.11,0,0
3.13,3.11,0,0
3.13,3.11,0,0
3.13,3.12,0,0
3.13,3.11,0,0
3.13,3.12,0,0
3.13,3.12,0,0
3.13,3.13,0,0
3.13,3.12,0,0
3.13,3.12,0,0
3.12,3.13,0,0
3.12,3.13,0,0
3.12,3.12,0,0
3.11,3.13,0,0
3.11,3.12,0,0
3.1,3.12,0,0
3.09,3.11,0,0
3.09,3.11,0,0
3.08,3.11,0,0
3.07,3.1,0,0
3.06,3.1,0,0
3.05,3.09,0,0
3.04,3.08,0,0
3.03,3.08,0,0
3.03,3.07,0,0
3.02,3.07,0,0
3.02,3.07,0,0
3.01,3.06,0,0
3.01,3.06,0,0
3,3.06,0,0
3,3.05,0,0
3,3.05,0,0
2.99,3.04,0,0
2.99,3.04,0,0
2.99,3.04,0,0
2.98,3.03,0,0
2.98,3.03,0,0
2.98,3.03,0,0
2.99,3.03,0,0
2.98,3.03,0,0
2.98,3.03,0,0
2.98,3.03,0,0
2.98,3.02,0,0
2.99,3.01,0,0
2.98,3.01,0,0
2.99,3.01,0,0
2.99,3.01,0,0
2.99,3.01,0,0
2.99,3.01,0,0
2.99,3,0,0
3,3,0,0
3,3,0,0
3,3.01,0,0
3,3.01,0,0
3,3.01,0,0
3,3.01,0,0
3.01,3.02,0,0
3.01,3.02,0,0
3.01,3.02,0,0
3.02,3.03,0,0
3.02,3.03,0,0
3.03,3.04,0,0
3.03,3.04,0,0
3.04,3.05,0,0
3.04,3.06,0,0
3.05,3.06,0,0
3.06,3.07,0,0
3.06,3.07,0,0
3.06,3.08,0,0
3.06,3.08,0,0
3.06,3.08,0,0
3.06,3.08,0,0
3.06,3.08,0,0
3.06,3.07,0,0
3.06,3.07,0,0
3.06,3.08,0,0
3.06,3.07,0,0
3.06,3.06,0,0
3.05,3.06,0,0
3.05,3.05,0,0
3.04,3.05,0,0
3.04,3.04,0,0
3.04,3.04,0,0
3.03,3.04,0,0
3.02,3.04,0,0
3.02,3.03,0,0
3.01,3.03,0,0
3.01,3.03,0,0
3,3.02,0,0
3,3.01,0,0
3,3.01,0,0
2.99,3,0,0
2.99,2.99,0,0
2.97,2.99,0,0
2.97,2.99,0,0
2.96,2.98,0,0
2.95,2.97,0,0
2.94,2.97,0,0
2.94,2.96,0,0
2.93,2.95,0,0
2.93,2.94,0,0
2.92,2.93,0,0
2.89,2.91,0,0
2.87,2.84,0,0
2.75,2.77,0,0
,,4,4
,,4,4
,,4,4
,,4,4
,,4,4
,,4,4
,,4,4
,,4,4
,,4,4
,,4,4
,,4,4
,,4,4
,,4,4
,,4,4
,,4,4
,,4,4
,,4,4
,,4,4
,,4,4
,,4,4
,,4,4
,,4,4
,,4,4
,,4,4
,,4,4
,,4,4
,,4,4
,,4,4
,,4,4
2.97,2.89,0,0
2.97,2.9,0,0
2.98,2.9,0,0
2.99,2.91,0,0
2.99,2.92,0,0
3.01,2.93,0,0
3.02,2.94,0,0
3.03,2.95,0,0
3.06,2.96,0,0
3.07,2.97,0,0
3.07,2.98,0,0
3.08,2.99,0,0
3.08,3,0,0
3.1,3.01,0,0
3.11,3.01,0,0
3.11,3.02,0,0
3.13,3.03,0,0
3.14,3.04,0,0
3.15,3.05,0,0
3.16,3.06,0,0
3.17,3.07,0,0
3.21,3.11,0,0
3.18,3.09,0,0
3.17,3.09,0,0
3.17,3.1,0,0
3.16,3.09,0,0
3.15,3.08,0,0
3.14,3.08,0,0
3.14,3.07,0,0
3.13,3.06,0,0
3.13,3.06,0,0
3.12,3.05,0,0
3.12,3.06,0,0
3.12,3.05,0,0
3.12,3.05,0,0
3.11,3.04,0,0
3.12,3.05,0,0
3.12,3.04,0,0
3.12,3.05,0,0
3.12,3.05,0,0
3.13,3.06,0,0
3.13,3.06,0,0
3.13,3.07,0,0
3.13,3.07,0,0
3.13,3.07,0,0
3.13,3.08,0,0
3.14,3.09,0,0
3.15,3.1,0,0
3.16,3.11,0,0
3.17,3.12,0,0
3.17,3.12,0,0
3.18,3.14,0,0
3.18,3.15,0,0
3.2,3.16,0,0
3.2,3.17,0,0
3.2,3.18,0,0
3.21,3.19,0,0
3.22,3.19,0,0
3.21,3.2,0,0
3.22,3.22,0,0
3.21,3.22,0,0
3.21,3.23,0,0
3.22,3.24,0,0
3.23,3.25,0,0
3.24,3.26,0,0
3.25,3.27,0,0
3.26,3.27,0,0
3.27,3.28,0,0
3.27,3.29,0,0
3.27,3.3,0,0
3.28,3.31,0,0
3.28,3.32,0,0
3.29,3.33,0,0
3.29,3.34,0,0
3.3,3.34,0,0
3.3,3.35,0,0
3.3,3.36,0,0
3.3,3.36,0,0
3.31,3.38,0,0
3.31,3.38,0,0
3.32,3.39,0,0
3.32,3.4,0,0
3.33,3.41,0,0
3.34,3.41,0,0
3.34,3.42,0,0
3.35,3.43,0,0
3.35,3.44,0,0
3.36,3.45,0,0
3.35,3.45,0,0
3.37,3.43,0,0
3.29,3.23,0,0
,,4,4
,,4,4
,,4,4
,,4,4
,,4,4
,,4,4
,,4,4
,,4,4
,,4,4
,,4,4
,,4,4
,,4,4
,,4,4
,,4,4
,,4,4
,,4,4
,,4,4
,,4,4
,,4,4
,3.17,4,0
,,4,4
,,4,4
,,4,4
,,4,4
,,4,4
,,4,4
,,4,4
,,4,4
,,4,4
3.13,3.18,0,0
3.12,3.18,0,0
3.12,3.18,0,0
3.14,3.19,0,0
3.13,3.2,0,0
3.1,3.19,0,0
3.09,3.19,0,0
3.09,3.19,0,0
3.08,3.18,0,0
3.09,3.18,0,0
3.1,3.17,0,0
3.11,3.17,0,0
3.11,3.16,0,0
3.11,3.15,0,0
3.08,3.17,0,0
3.06,3.17,0,0
3.07,3.16,0,0
3.14,3.15,0,0
3.17,3.15,0,0
3.18,3.14,0,0
3.18,3.14,0,0
3.18,3.14,0,0
3.18,3.13,0,0
3.18,3.12,0,0
3.17,3.11,0,0
3.16,3.1,0,0
3.15,3.1,0,0
3.14,3.08,0,0
3.13,3.07,0,0
3.11,3.06,0,0
3.1,3.04,0,0
3.09,3.03,0,0
3.07,3.02,0,0
3.06,3,0,0
3.04,2.99,0,0
3.03,2.98,0,0
3.02,2.97,0,0
3.02,2.96,0,0
3.01,2.95,0,0
3.01,2.95,0,0
3,2.95,0,0
2.99,2.94,0,0
2.99,2.94,0,0
2.99,2.94,0,0
2.99,2.94,0,0
2.99,2.93,0,0
2.99,2.93,0,0
2.99,2.93,0,0
2.98,2.92,0,0
2.98,2.92,0,0
2.97,2.92,0,0
2.97,2.91,0,0
2.96,2.91,0,0
2.96,2.9,0,0
2.95,2.89,0,0
2.94,2.89,0,0
2.94,2.89,0,0
2.94,2.88,0,0
2.93,2.88,0,0
2.93,2.88,0,0
2.94,2.88,0,0
2.94,2.88,0,0
2.94,2.88,0,0
2.95,2.88,0,0
2.95,2.89,0,0
2.96,2.89,0,0
2.96,2.89,0,0
2.98,2.9,0,0
2.98,2.91,0,0
2.99,2.91,0,0
2.99,2.92,0,0
2.99,2.92,0,0
3,2.93,0,0
3,2.94,0,0
3,2.94,0,0
3.01,2.95,0,0
3.01,2.95,0,0
3.02,2.96,0,0
3.03,2.97,0,0
3.03,2.97,0,0
3.03,2.98,0,0
3.04,2.98,0,0
3.04,2.98,0,0
3.04,2.99,0,0
3.05,2.99,0,0
3.05,2.99,0,0
3.06,3,0,0
3.06,3,0,0
3.06,3,0,0
3.07,3,0,0
3.07,3,0,0
3.08,3,0,0
3.08,3,0,0
3.08,2.99,0,0
3.08,3,0,0
3.08,3,0,0
3.08,3,0,0
3.08,3,0,0
3.08,3,0,0
3.08,3,0,0
3.08,3,0,0
3.08,3,0,0
3.08,3.01,0,0
2.77,2.85,0,0
,,4,4
,,4,4
,,4,4
,,4,4
,,4,4
,,4,4
,,4,4
,,4,4
,,4,4
,,4,4
,,4,4
,,4,4
,,4,4
,,4,4
,,4,4
,,4,4
,,4,4
,,4,4
,,4,4
,,4,4
,,4,4
,,4,4
,,4,4
,,4,4
,,4,4
,,4,4
,,4,4
,,4,4
,,4,4
3.09,3.03,0,0
3.1,3.03,0,0
3.12,3.04,0,0
3.12,3.04,0,0
3.1,3.04,0,0
3.1,3.05,0,0
3.11,3.05,0,0
3.11,3.06,0,0
3.11,3.06,0,0
3.11,3.06,0,0
3.12,3.07,0,0
3.12,3.07,0,0
3.12,3.07,0,0
3.12,3.07,0,0
3.13,3.08,0,0
3.13,3.08,0,0
3.14,3.09,0,0
3.13,3.09,0,0
3.14,3.09,0,0
3.14,3.09,0,0
3.14,3.1,0,0
3.14,3.11,0,0
3.14,3.11,0,0
3.14,3.12,0,0
3.14,3.13,0,0
3.13,3.13,0,0
3.13,3.14,0,0
3.13,3.14,0,0
3.14,3.13,0,0
3.13,3.13,0,0
3.13,3.13,0,0
3.13,3.12,0,0
3.12,3.12,0,0
3.11,3.11,0,0
3.14,3.14,0,0
3.14,3.11,0,0
3.13,3.1,0,0
3.12,3.1,0,0
3.11,3.08,0,0
3.09,3.07,0,0
3.07,3.06,0,0
3.06,3.05,0,0
3.05,3.04,0,0
3.05,3.03,0,0
3.04,3.03,0,0
3.04,3.02,0,0
3.04,3.02,0,0
3.04,3.02,0,0
3.04,3.02,0,0
3.04,3.01,0,0
3.01,3.02,0,0
,2.84,4,0
,,4,4
,,4,4
,,4,4
,,4,4
,,4,4
,2.78,4,0
,2.67,4,0
,2.95,4,0
1.88,3,0,0
2.81,2.99,0,0
2.76,2.97,0,0
2.9,2.96,0,0
2.96,2.95,0,0
2.97,2.93,0,0
2.97,2.92,0,0
2.95,2.91,0,0
2.94,2.89,0,0
2.92,2.88,0,0
2.92,2.87,0,0
2.91,2.86,0,0
2.91,2.86,0,0
2.91,2.86,0,0
2.91,2.85,0,0
2.91,2.85,0,0
2.91,2.85,0,0
2.92,2.85,0,0
2.92,2.86,0,0
2.94,2.86,0,0
2.95,2.87,0,0
2.96,2.88,0,0
2.97,2.9,0,0
2.98,2.91,0,0
2.99,2.92,0,0
3,2.93,0,0
3.01,2.94,0,0
3.02,2.95,0,0
3.02,2.97,0,0
3.02,2.97,0,0
3.02,2.98,0,0
3.02,2.98,0,0
3.01,2.99,0,0
3.01,2.98,0,0
3,2.98,0,0
3,2.98,0,0
3,2.98,0,0
3,2.98,0,0
3,2.97,0,0
3,2.97,0,0
3,2.97,0,0
3,2.97,0,0
3,2.97,0,0
3,2.97,0,0
3,2.98,0,0
3,2.98,0,0
3,2.98,0,0
3,2.98,0,0
3,2.98,0,0
2.99,2.98,0,0
2.99,2.98,0,0
2.99,2.98,0,0
2.99,2.98,0,0
2.99,2.98,0,0
2.98,2.98,0,0
2.98,2.98,0,0
2.98,2.98,0,0
2.97,2.98,0,0
2.98,2.97,0,0
2.98,2.97,0,0
2.98,2.97,0,0
2.98,2.97,0,0
2.98,2.98,0,0
2.99,2.98,0,0
2.99,2.98,0,0
2.99,2.98,0,0
3,2.99,0,0
3,2.99,0,0
3.01,3,0,0
3.01,3,0,0
3.02,3,0,0
3.02,3.01,0,0
3.02,3.01,0,0
3.03,3.01,0,0
3.03,3.02,0,0
3.04,3.02,0,0
3.05,3.03,0,0
3.05,3.03,0,0
3.06,3.04,0,0
3.07,3.05,0,0
3.08,3.05,0,0
3.08,3.06,0,0
3.09,3.06,0,0
3.1,3.07,0,0
3.1,3.08,0,0
3.11,3.08,0,0
3.11,3.09,0,0
3.11,3.09,0,0
3.12,3.1,0,0
3.12,3.1,0,0
3.12,3.11,0,0
3.12,3.11,0,0
3.12,3.11,0,0
3.12,3.11,0,0
3.13,3.12,0,0
3.13,3.12,0,0
3.13,3.13,0,0
3.13,3.13,0,0
3.13,3.13,0,0
3.14,3.13,0,0
3.13,3.14,0,0
3.13,3.14,0,0
3.13,3.14,0,0
3.14,3.15,0,0
3.14,3.15,0,0
3.14,3.15,0,0
3.14,3.15,0,0
3.14,3.15,0,0
3.14,3.15,0,0
3.14,3.15,0,0
3.14,3.16,0,0
3.13,3.16,0,0
3.13,3.16,0,0
3.13,3.15,0,0
3.12,3.15,0,0
3.12,3.15,0,0
3.12,3.15,0,0
3.12,3.15,0,0
3.11,3.14,0,0
3.11,3.14,0,0
3.11,3.14,0,0
3.1,3.14,0,0
3.1,3.13,0,0
3.08,3.13,0,0
3.02,3.12,0,0
,2.97,4,0
,,4,4
,,4,4
,,4,4
,,4,4
,,4,4
,,4,4
,,4,4
,,4,4
,,4,4
,,4,4
,,4,4
,,4,4
,,4,4
,,4,4
,,4,4
,,4,4
,,4,4
,,4,4
,,4,4
2.99,3.06,0,0
,,4,4
,,4,4
,,4,4
,,4,4
,,4,4
,,4,4
,,4,4
,,4,4
,,4,4
,,4,4
3.01,3.06,0,0
3.02,3.07,0,0
3.03,3.07,0,0
3.04,3.07,0,0
3,3.07,0,0
2.99,3.07,0,0
3,3.07,0,0
3.02,3.06,0,0
3.01,3.05,0,0
3.01,3.04,0,0
2.97,3.04,0,0
2.97,3.03,0,0
2.96,3.02,0,0
2.97,3.02,0,0
3,3.02,0,0
2.99,3.01,0,0
3.01,3.01,0,0
3.01,3.01,0,0
2.97,3,0,0
2.97,2.99,0,0
2.97,2.99,0,0
2.96,2.99,0,0
2.95,2.99,0,0
2.92,2.99,0,0
2.93,2.99,0,0
2.93,2.99,0,0
2.89,2.99,0,0
2.92,2.99,0,0
2.93,3,0,0
2.93,3,0,0
2.95,3.03,0,0
2.99,3.07,0,0
2.98,3.07,0,0
3.01,3.08,0,0
3.04,3.07,0,0
3.04,3.07,0,0
3.05,3.07,0,0
3.05,3.07,0,0
3.05,3.07,0,0
3.05,3.07,0,0
3.06,3.07,0,0
3.06,3.07,0,0
3.06,3.07,0,0
3.06,3.07,0,0
3.07,3.07,0,0
3.07,3.07,0,0
3.07,3.07,0,0
3.07,3.07,0,0
3.06,3.07,0,0
3.06,3.06,0,0
3.07,3.06,0,0
3.08,3.06,0,0
3.08,3.06,0,0
3.08,3.06,0,0
3.04,3.05,0,0
2.98,3.05,0,0
2.97,3.06,0,0
2.98,3.04,0,0
2.99,3.03,0,0
2.99,3.03,0,0
3,3.03,0,0
3,3.03,0,0
3,3.03,0,0
3,3.02,0,0
3.01,3.02,0,0
3,3.01,0,0
3,3.01,0,0
2.99,3.01,0,0
2.98,3.01,0,0
2.99,3.01,0,0
2.96,3,0,0
2.97,3,0,0
2.96,3,0,0
2.95,2.99,0,0
2.95,2.99,0,0
2.91,2.98,0,0
2.94,2.99,0,0
2.92,2.98,0,0
2.91,2.98,0,0
2.91,2.97,0,0
2.91,2.97,0,0
2.91,2.97,0,0
2.95,2.96,0,0
2.86,2.96,0,0
2.53,2.93,0,0
,2.79,4,0
,,4,4
,,4,4
,,4,4
,,4,4
,,4,4
,,4,4
,,4,4
,,4,4
,,4,4
,,4,4
,,4,4
,,4,4
,,4,4
,,4,4
,,4,4
,,4,4
,,4,4
,,4,4
2.83,2.89,0,0
,,4,4
,,4,4
,,4,4
,,4,4
,,4,4
,,4,4
,,4,4
,,4,4
,,4,4
2.85,2.89,0,0
2.84,2.9,0,0
2.82,2.91,0,0
2.9,2.93,0,0
2.92,2.95,0,0
2.95,2.96,0,0
2.96,2.95,0,0
2.98,2.96,0,0
2.98,2.96,0,0
2.98,2.96,0,0
2.98,2.97,0,0
2.99,2.96,0,0
2.99,2.96,0,0
2.98,2.97,0,0
2.99,2.96,0,0
2.99,2.98,0,0
2.99,2.98,0,0
3,2.99,0,0
3.02,2.99,0,0
3.03,2.99,0,0
3.02,2.99,0,0
3.02,2.99,0,0
3.01,2.98,0,0
3.01,2.98,0,0
3,2.97,0,0
2.99,2.97,0,0
3.01,2.97,0,0
3,2.98,0,0
2.99,2.96,0,0
2.97,2.95,0,0
2.96,2.93,0,0
2.95,2.92,0,0
2.94,2.91,0,0
2.93,2.9,0,0
2.92,2.9,0,0
2.92,2.89,0,0
2.92,2.88,0,0
2.91,2.88,0,0
2.9,2.87,0,0
2.9,2.87,0,0
2.9,2.86,0,0
2.91,2.88,0,0
2.9,2.87,0,0
2.9,2.86,0,0
2.89,2.85,0,0
2.89,2.85,0,0
2.88,2.83,0,0
2.87,2.82,0,0
2.86,2.81,0,0
2.86,2.81,0,0
2.85,2.8,0,0
2.83,2.8,0,0
2.83,2.79,0,0
2.82,2.78,0,0
2.82,2.78,0,0
2.83,2.79,0,0
2.82,2.77,0,0
2.81,2.76,0,0
2.8,2.76,0,0
2.8,2.76,0,0
2.8,2.75,0,0
2.8,2.76,0,0
2.8,2.76,0,0
2.81,2.76,0,0
2.81,2.76,0,0
2.81,2.75,0,0
2.67,2.76,0,0
,2.75,4,0
,,4,4
,,4,4
,,4,4
,,4,4
,,4,4
,,4,4
,,4,4
,,4,4
,2.61,4,0
,2.78,4,0
,2.81,4,0
2.43,2.8,0,0
2.72,2.8,0,0
2.88,2.79,0,0
2.86,2.79,0,0
2.84,2.79,0,0
2.85,2.79,0,0
2.86,2.8,0,0
2.87,2.8,0,0
2.88,2.81,0,0
2.88,2.81,0,0
2.89,2.82,0,0
2.9,2.83,0,0
2.91,2.85,0,0
2.92,2.85,0,0
2.93,2.86,0,0
2.94,2.87,0,0
2.95,2.89,0,0
2.96,2.9,0,0
2.98,2.91,0,0
2.98,2.93,0,0
3,2.94,0,0
3.01,2.96,0,0
3.02,2.97,0,0
3.04,2.98,0,0
3.04,2.99,0,0
3.06,3,0,0
3.08,3.02,0,0
3.09,3.02,0,0
3.09,3.03,0,0
3.1,3.03,0,0
3.11,3.04,0,0
3.12,3.04,0,0
3.12,3.05,0,0
3.12,3.06,0,0
3.13,3.06,0,0
3.14,3.07,0,0
3.15,3.07,0,0
3.16,3.08,0,0
3.16,3.09,0,0
3.17,3.1,0,0
3.18,3.11,0,0
3.18,3.11,0,0
3.2,3.12,0,0
3.21,3.13,0,0
3.21,3.14,0,0
3.22,3.15,0,0
3.22,3.16,0,0
3.23,3.16,0,0
3.24,3.17,0,0
3.24,3.18,0,0
3.24,3.19,0,0
2.98,3.2,0,0
,3.02,4,0
,,4,4
,,4,4
,,4,4
,,4,4
,,4,4
,,4,4
,,4,4
,,4,4
,2.29,4,0
,2.96,4,0
,3.15,4,0
,3.21,4,0
3.04,3.26,0,0
3.13,3.27,0,0
3.22,3.26,0,0
3.24,3.26,0,0
3.25,3.27,0,0
3.25,3.27,0,0
3.27,3.26,0,0
3.26,3.26,0,0
3.26,3.26,0,0
3.26,3.26,0,0
3.26,3.26,0,0
3.27,3.27,0,0
3.27,3.27,0,0
3.28,3.28,0,0
3.29,3.29,0,0
3.29,3.29,0,0
3.31,3.3,0,0
3.31,3.31,0,0
3.32,3.32,0,0
3.33,3.33,0,0
3.34,3.34,0,0
3.35,3.35,0,0
3.36,3.35,0,0
3.37,3.37,0,0
3.37,3.37,0,0
3.38,3.38,0,0
3.39,3.39,0,0
3.39,3.39,0,0
3.39,3.4,0,0
3.39,3.4,0,0
3.39,3.4,0,0
3.39,3.4,0,0
3.38,3.4,0,0
3.38,3.39,0,0
3.38,3.39,0,0
3.37,3.39,0,0
3.36,3.38,0,0
3.36,3.37,0,0
3.35,3.36,0,0
3.34,3.35,0,0
3.33,3.34,0,0
3.33,3.33,0,0
3.32,3.32,0,0
3.31,3.31,0,0
3.3,3.3,0,0
3.29,3.28,0,0
3.29,3.27,0,0
3.28,3.26,0,0
3.27,3.25,0,0
3.27,3.24,0,0
3.26,3.24,0,0
3.25,3.23,0,0
3.25,3.23,0,0
3.25,3.23,0,0
3.25,3.23,0,0
3.25,3.23,0,0
3.25,3.23,0,0
3.25,3.24,0,0
3.25,3.24,0,0
3.25,3.24,0,0
3.26,3.25,0,0
3.26,3.25,0,0
3.26,3.25,0,0
3.26,3.25,0,0
3.26,3.25,0,0
3.26,3.25,0,0
3.25,3.25,0,0
3.24,3.24,0,0
3.24,3.24,0,0
3.23,3.23,0,0
3.22,3.21,0,0
3.2,3.2,0,0
3.19,3.19,0,0
3.18,3.17,0,0
3.17,3.16,0,0
3.16,3.16,0,0
3.16,3.15,0,0
3.15,3.15,0,0
3.15,3.14,0,0
3.15,3.14,0,0
3.15,3.15,0,0
3.16,3.16,0,0
3.14,3.16,0,0
3.14,3.16,0,0
3.15,3.16,0,0
3.16,3.16,0,0
3.16,3.17,0,0
3.17,3.18,0,0
3.18,3.19,0,0
3.19,3.19,0,0
3.2,3.2,0,0
3.2,3.21,0,0
3.21,3.22,0,0
3.23,3.23,0,0
3.24,3.23,0,0
3.24,3.23,0,0
3.24,3.23,0,0
3.24,3.23,0,0
3.23,3.23,0,0
3.23,3.24,0,0
2.84,3.23,0,0
2.48,2.88,0,0
,,4,4
,,4,4
,,4,4
,,4,4
,,4,4
,,4,4
,,4,4
,,4,4
,2.39,4,0
,2.63,4,0
,3.05,4,0
,3.09,4,0
,3.2,4,0
2.63,3.23,0,0
2.97,3.24,0,0
3.05,3.24,0,0
3.02,3.24,0,0
3.09,3.24,0,0
3.14,3.24,0,0
3.19,3.24,0,0
3.22,3.25,0,0
3.23,3.26,0,0
3.23,3.26,0,0
3.24,3.27,0,0
3.25,3.28,0,0
3.26,3.28,0,0
3.28,3.29,0,0
3.28,3.3,0,0
3.3,3.32,0,0
3.31,3.33,0,0
3.32,3.34,0,0
3.34,3.35,0,0
3.34,3.36,0,0
3.34,3.36,0,0
3.34,3.37,0,0
3.34,3.37,0,0
3.34,3.37,0,0
3.33,3.37,0,0
3.33,3.37,0,0
3.32,3.36,0,0
3.3,3.35,0,0
3.29,3.34,0,0
3.28,3.33,0,0
3.27,3.31,0,0
3.26,3.3,0,0
3.25,3.29,0,0
3.25,3.28,0,0
3.23,3.27,0,0
3.23,3.26,0,0
3.23,3.25,0,0
3.23,3.25,0,0
3.22,3.24,0,0
3.22,3.23,0,0
3.21,3.23,0,0
3.21,3.22,0,0
3.21,3.22,0,0
3.2,3.21,0,0
3.2,3.21,0,0
3.2,3.2,0,0
3.2,3.2,0,0
3.19,3.19,0,0
3.18,3.19,0,0
3.17,3.18,0,0
3.17,3.17,0,0
3.17,3.17,0,0
3.16,3.16,0,0
3.15,3.16,0,0
3.14,3.15,0,0
3.13,3.14,0,0
3.13,3.14,0,0
3.12,3.12,0,0
3.11,3.11,0,0
3.1,3.1,0,0
3.09,3.09,0,0
3.08,3.08,0,0
3.08,3.07,0,0
3.06,3.06,0,0
3.05,3.05,0,0
3.05,3.04,0,0
3.04,3.03,0,0
3.03,3.02,0,0
3.02,3.02,0,0
3.02,3.01,0,0
3.03,3.02,0,0
3,3.01,0,0
2.99,3,0,0
2.98,2.99,0,0
2.98,2.98,0,0
2.97,2.98,0,0
2.96,2.98,0,0
2.96,2.98,0,0
2.95,2.98,0,0
2.95,2.97,0,0
2.95,2.97,0,0
2.95,2.97,0,0
2.95,2.97,0,0
2.95,2.98,0,0
2.95,2.98,0,0
2.96,2.98,0,0
2.97,2.99,0,0
2.98,2.99,0,0
2.98,3,0,0
2.99,3.01,0,0
3,3.01,0,0
3.01,3.03,0,0
3.02,3.04,0,0
3.03,3.05,0,0
3.04,3.06,0,0
3.06,3.07,0,0
3.07,3.09,0,0
3.08,3.1,0,0
3.1,3.12,0,0
3.11,3.13,0,0
3.12,3.14,0,0
3.13,3.16,0,0
3.16,3.17,0,0
3.2,3.19,0,0
3.12,3.21,0,0
2.64,3.19,0,0
,2.88,4,0
,,4,4
,,4,4
,,4,4
,,4,4
,,4,4
,,4,4
,,4,4
,2.27,4,0
,3.05,4,0
,3.18,4,0
,3.22,4,0
,3.23,4,0
3.01,3.24,0,0
3.13,3.25,0,0
3.15,3.24,0,0
3.13,3.24,0,0
3.09,3.23,0,0
3.1,3.23,0,0
3.14,3.23,0,0
3.13,3.23,0,0
3.12,3.23,0,0
3.05,3.23,0,0
3.14,3.24,0,0
3.16,3.25,0,0
3.16,3.26,0,0
3.21,3.28,0,0
3.28,3.29,0,0
3.27,3.3,0,0
3.2,3.31,0,0
3.18,3.32,0,0
3.26,3.33,0,0
3.3,3.34,0,0
3.32,3.35,0,0
3.33,3.36,0,0
3.34,3.36,0,0
3.35,3.37,0,0
3.36,3.38,0,0
3.36,3.39,0,0
3.37,3.39,0,0
3.37,3.39,0,0
3.37,3.4,0,0
3.37,3.4,0,0
3.38,3.41,0,0
3.38,3.41,0,0
3.38,3.41,0,0
3.38,3.42,0,0
3.39,3.42,0,0
3.39,3.42,0,0
3.39,3.43,0,0
3.38,3.43,0,0
3.39,3.43,0,0
3.38,3.43,0,0
3.38,3.43,0,0
3.37,3.42,0,0
3.37,3.42,0,0
3.37,3.42,0,0
3.36,3.41,0,0
3.36,3.41,0,0
3.35,3.4,0,0
3.34,3.4,0,0
3.33,3.39,0,0
3.32,3.38,0,0
3.31,3.37,0,0
3.29,3.36,0,0
3.24,3.35,0,0
3.2,3.33,0,0
3.18,3.32,0,0
3.17,3.31,0,0
3.15,3.3,0,0
3.15,3.29,0,0
3.15,3.28,0,0
3.15,3.27,0,0
3.15,3.26,0,0
3.15,3.25,0,0
3.15,3.25,0,0
3.15,3.24,0,0
3.15,3.24,0,0
3.06,3.26,0,0
3.05,3.27,0,0
3.14,3.27,0,0
3.15,3.27,0,0
3.2,3.27,0,0
3.22,3.26,0,0
3.22,3.26,0,0
3.22,3.25,0,0
3.22,3.24,0,0
3.21,3.24,0,0
3.2,3.23,0,0
3.17,3.22,0,0
2.29,3.16,0,0
,,4,4
,,4,4
,,4,4
,,4,4
,,4,4
,,4,4
,,4,4
,,4,4
,,4,4
,,4,4
,,4,4
,,4,4
,,4,4
,,4,4
,,4,4
,,4,4
,,4,4
,,4,4
,,4,4
3.2,3.2,0,0
,,4,4
,,4,4
,,4,4
,,4,4
,,4,4
,,4,4
,,4,4
,,4,4
,,4,4
3.21,3.21,0,0
3.22,3.22,0,0
3.22,3.22,0,0
3.22,3.22,0,0
3.22,3.22,0,0
3.22,3.22,0,0
3.22,3.22,0,0
3.21,3.22,0,0
3.2,3.21,0,0
3.19,3.21,0,0
2.59,3.19,0,0
,3,4,0
,,4,4
,,4,4
,,4,4
,,4,4
,,4,4
,,4,4
,,4,4
,,4,4
,,4,4
,,4,4
,,4,4
,,4,4
,,4,4
,,4,4
,,4,4
,,4,4
,,4,4
,,4,4
,,4,4
3.13,3.08,0,0
,,4,4
,,4,4
,,4,4
,,4,4
,,4,4
,,4,4
,,4,4
,,4,4
,,4,4
,,4,4
3.13,3.09,0,0
3.13,3.09,0,0
3.12,3.09,0,0
3.11,3.08,0,0
3.1,3.08,0,0
3.09,3.06,0,0
3.08,3.05,0,0
3.07,3.04,0,0
3.06,3.03,0,0
3.05,3.01,0,0
3.04,3,0,0
3.03,2.99,0,0
3.02,2.98,0,0
3.01,2.97,0,0
3.01,2.97,0,0
3.02,2.97,0,0
3.02,2.97,0,0
3.02,2.97,0,0
3.02,2.97,0,0
3.02,2.96,0,0
3.02,2.97,0,0
3.02,2.97,0,0
3.02,2.98,0,0
3.03,2.98,0,0
3.03,2.98,0,0
3.03,2.98,0,0
3.03,2.98,0,0
3.04,2.98,0,0
3.04,2.98,0,0
3.04,2.98,0,0
3.04,2.99,0,0
3.04,2.99,0,0
3.04,2.99,0,0
3.03,2.99,0,0
3.04,2.99,0,0
3.04,2.99,0,0
3.03,2.99,0,0
3.03,2.99,0,0
3.03,2.99,0,0
3.03,2.99,0,0
3.03,3,0,0
3.03,3,0,0
3.03,3,0,0
3.03,3,0,0
3.02,3,0,0
3.02,3,0,0
3.02,3,0,0
3.02,3,0,0
3.02,3,0,0
3.01,3,0,0
3.02,3,0,0
3.02,3,0,0
3.02,3.01,0,0
3.02,3.01,0,0
3.01,3.01,0,0
3.01,3.01,0,0
3.02,3.01,0,0
3.02,3.01,0,0
3.01,3.02,0,0
3.02,3.01,0,0
3.02,3.01,0,0
3.01,3.01,0,0
3.01,3.01,0,0
3,3.01,0,0
3.01,3.01,0,0
3.01,3.01,0,0
3.01,3.01,0,0
3.01,3.01,0,0
3.01,3.01,0,0
3,3.02,0,0
2.91,3.01,0,0
1.97,2.98,0,0
,,4,4
,,4,4
,,4,4
,,4,4
,,4,4
,,4,4
,,4,4
,,4,4
,,4,4
,,4,4
,,4,4
,,4,4
,,4,4
,,4,4
,,4,4
,,4,4
,,4,4
,,4,4
,,4,4
,,4,4
,,4,4
,,4,4
,,4,4
,,4,4
3.12,3.14,0,0
,,4,4
,,4,4
,,4,4
,,4,4
3.13,3.14,0,0
3.14,3.15,0,0
3.14,3.16,0,0
3.15,3.17,0,0
3.16,3.18,0,0
3.16,3.18,0,0
3.16,3.19,0,0
3.16,3.19,0,0
3.15,3.18,0,0
3.15,3.18,0,0
3.14,3.18,0,0
3.13,3.17,0,0
3.15,3.18,0,0
3.17,3.19,0,0
3.17,3.17,0,0
3.15,3.16,0,0
3.14,3.15,0,0
3.13,3.14,0,0
3.14,3.14,0,0
3.13,3.13,0,0
3.13,3.13,0,0
3.12,3.13,0,0
3.11,3.12,0,0
3.11,3.12,0,0
3.1,3.12,0,0
3.1,3.11,0,0
3.08,3.1,0,0
3.08,3.09,0,0
3.07,3.09,0,0
3.06,3.08,0,0
3.05,3.07,0,0
3.05,3.06,0,0
3.04,3.05,0,0
3.03,3.04,0,0
3.03,3.03,0,0
3.02,3.03,0,0
3.01,3.02,0,0
3.01,3.01,0,0
3,3,0,0
2.99,2.99,0,0
2.98,2.99,0,0
2.98,2.98,0,0
2.98,2.97,0,0
2.97,2.97,0,0
2.96,2.97,0,0
2.95,2.96,0,0
2.94,2.95,0,0
2.93,2.95,0,0
2.93,2.94,0,0
2.93,2.94,0,0
2.91,2.93,0,0
2.92,2.93,0,0
2.92,2.93,0,0
2.91,2.93,0,0
2.9,2.92,0,0
2.9,2.92,0,0
2.9,2.92,0,0
2.9,2.92,0,0
2.9,2.92,0,0
2.9,2.92,0,0
2.9,2.91,0,0
2.83,2.92,0,0
2.49,2.91,0,0
,2.9,4,0
,,4,4
,,4,4
,,4,4
,,4,4
,,4,4
,,4,4
,,4,4
,,4,4
,,4,4
,,4,4
,,4,4
,,4,4
,,4,4
,,4,4
,,4,4
,,4,4
,,4,4
,,4,4
,,4,4
,,4,4
3.05,3.07,0,0
,,4,4
,,4,4
,,4,4
,,4,4
,,4,4
,,4,4
,,4,4
,,4,4
,,4,4
,,4,4
3.06,3.08,0,0
3.07,3.09,0,0
3.07,3.1,0,0
3.09,3.11,0,0
3.09,3.12,0,0
3.1,3.13,0,0
3.1,3.13,0,0
3.1,3.13,0,0
3.1,3.14,0,0
3.1,3.14,0,0
3.1,3.14,0,0
3.11,3.15,0,0
3.11,3.14,0,0
3.11,3.14,0,0
3.1,3.13,0,0
3.1,3.13,0,0
3.08,3.12,0,0
3.08,3.12,0,0
3.07,3.12,0,0
3.06,3.12,0,0
3.06,3.11,0,0
3.06,3.11,0,0
3.06,3.11,0,0
3.04,3.1,0,0
3.05,3.1,0,0
3.05,3.1,0,0
3.05,3.09,0,0
3.04,3.09,0,0
3.05,3.08,0,0
3.04,3.08,0,0
3.03,3.08,0,0
3.03,3.07,0,0
3.03,3.07,0,0
3.03,3.07,0,0
3.03,3.07,0,0
3.03,3.07,0,0
3.03,3.08,0,0
3.04,3.08,0,0
3.03,3.08,0,0
3.02,3.08,0,0
3.01,3.09,0,0
3.02,3.09,0,0
3.02,3.1,0,0
3.03,3.1,0,0
3.03,3.1,0,0
3.04,3.11,0,0
3.04,3.11,0,0
3.06,3.12,0,0
3.08,3.14,0,0
3.07,3.13,0,0
3.08,3.14,0,0
3.08,3.14,0,0
3.07,3.13,0,0
3.08,3.13,0,0
3.08,3.14,0,0
3.08,3.14,0,0
3.09,3.14,0,0
3.09,3.14,0,0
3.1,3.14,0,0
3.1,3.15,0,0
3.11,3.15,0,0
3.12,3.16,0,0
3.11,3.16,0,0
3.1,3.17,0,0
3.12,3.18,0,0
3.14,3.19,0,0
3.14,3.19,0,0
3.15,3.2,0,0
3.15,3.2,0,0
3.16,3.2,0,0
3.16,3.2,0,0
3.17,3.2,0,0
3.16,3.2,0,0
3.16,3.19,0,0
3.15,3.18,0,0
3.14,3.18,0,0
3.13,3.17,0,0
3.12,3.15,0,0
3.11,3.14,0,0
3.09,3.13,0,0
3.08,3.12,0,0
3.07,3.11,0,0
3.05,3.09,0,0
3.04,3.08,0,0
3.03,3.06,0,0
3.01,3.05,0,0
2.99,3.03,0,0
2.93,3.01,0,0
2.88,3,0,0
,2.72,4,0
,,4,4
,,4,4
,,4,4
,,4,4
,,4,4
,,4,4
,,4,4
,,4,4
,,4,4
,,4,4
,,4,4
,,4,4
,,4,4
,,4,4
,,4,4
,,4,4
,,4,4
,,4,4
,,4,4
2.87,2.9,0,0
,,4,4
,,4,4
,,4,4
,,4,4
,,4,4
,,4,4
,,4,4
,,4,4
,,4,4
,,4,4
2.88,2.91,0,0
2.9,2.91,0,0
2.91,2.92,0,0
2.91,2.93,0,0
2.92,2.93,0,0
2.91,2.93,0,0
2.91,2.93,0,0
2.9,2.92,0,0
2.89,2.91,0,0
2.87,2.9,0,0
2.87,2.89,0,0
2.85,2.88,0,0
2.84,2.87,0,0
2.83,2.87,0,0
2.82,2.85,0,0
2.81,2.85,0,0
2.81,2.85,0,0
2.77,2.85,0,0
2.78,2.84,0,0
2.79,2.84,0,0
2.8,2.84,0,0
2.82,2.83,0,0
2.81,2.83,0,0
2.81,2.82,0,0
2.82,2.82,0,0
2.81,2.82,0,0
2.81,2.81,0,0
2.81,2.8,0,0
2.8,2.81,0,0
2.8,2.8,0,0
2.8,2.79,0,0
2.8,2.79,0,0
2.8,2.79,0,0
2.8,2.79,0,0
2.79,2.79,0,0
2.79,2.78,0,0
2.79,2.79,0,0
2.78,2.79,0,0
2.79,2.79,0,0
2.79,2.8,0,0
2.79,2.8,0,0
2.8,2.8,0,0
2.8,2.81,0,0
2.81,2.81,0,0
2.81,2.82,0,0
2.82,2.83,0,0
2.83,2.84,0,0
2.83,2.84,0,0
2.84,2.85,0,0
2.84,2.86,0,0
2.85,2.86,0,0
2.84,2.87,0,0
2.85,2.87,0,0
2.86,2.87,0,0
2.86,2.87,0,0
2.86,2.88,0,0
2.87,2.88,0,0
2.87,2.88,0,0
2.88,2.89,0,0
2.76,2.89,0,0
,2.73,4,0
,,4,4
,,4,4
,,4,4
,,4,4
,,4,4
,,4,4
,,4,4
,,4,4
,,4,4
,,4,4
,,4,4
,,4,4
,,4,4
,,4,4
,,4,4
,,4,4
,,4,4
,,4,4
,,4,4
2.99,2.96,0,0
,,4,4
,,4,4
,,4,4
,,4,4
,,4,4
,,4,4
,,4,4
,,4,4
,,4,4
3.01,2.96,0,0
3.02,2.97,0,0
3.03,2.98,0,0
3.02,2.98,0,0
3.03,2.99,0,0
3.03,2.99,0,0
3.03,2.99,0,0
3.03,3,0,0
3.03,3,0,0
3.03,3,0,0
3.02,3,0,0
3.01,2.99,0,0
3.01,2.99,0,0
3,2.98,0,0
2.99,2.98,0,0
2.98,2.97,0,0
2.98,2.96,0,0
2.97,2.95,0,0
2.96,2.95,0,0
2.95,2.93,0,0
2.95,2.93,0,0
2.93,2.92,0,0
2.93,2.91,0,0
2.92,2.9,0,0
2.91,2.89,0,0
2.9,2.88,0,0
2.89,2.87,0,0
2.88,2.86,0,0
2.86,2.84,0,0
2.85,2.84,0,0
2.84,2.82,0,0
2.82,2.81,0,0
2.81,2.8,0,0
2.79,2.79,0,0
2.78,2.78,0,0
,2.77,4,0
2.76,2.76,0,0
2.73,2.75,0,0
2.72,2.74,0,0
2.71,2.73,0,0
2.68,2.72,0,0
2.7,2.71,0,0
2.68,2.7,0,0
2.67,2.69,0,0
2.66,2.68,0,0
2.65,2.67,0,0
2.64,2.66,0,0
2.62,2.65,0,0
,2.64,4,0
,2.63,4,0
,2.63,4,0
,2.63,4,0
,2.62,4,0
2.56,2.61,0,0
,2.61,4,0
,2.6,4,0
,2.6,4,0
2.6,2.59,0,0
,2.6,4,0
,2.6,4,0
,2.6,4,0
2.59,2.59,0,0
,2.59,4,0
,2.6,4,0
2.57,2.59,0,0
2.59,2.59,0,0
,2.59,4,0
2.57,2.59,0,0
,2.58,4,0
,2.58,4,0
,2.58,4,0
,2.58,4,0
2.59,2.58,0,0
2.57,2.57,0,0
2.52,2.57,0,0
2.59,2.57,0,0
2.59,2.57,0,0
2.56,2.57,0,0
2.58,2.58,0,0
2.53,2.58,0,0
2.6,2.58,0,0
2.57,2.59,0,0
2.58,2.58,0,0
2.61,2.59,0,0
2.61,2.59,0,0
2.62,2.59,0,0
2.62,2.6,0,0
2.61,2.6,0,0
2.6,2.6,0,0
2.6,2.61,0,0
2.59,2.62,0,0
2.58,2.64,0,0
2.57,2.64,0,0
2.6,2.64,0,0
2.6,2.64,0,0
2.6,2.63,0,0
2.58,2.63,0,0
2.57,2.63,0,0
2.62,2.63,0,0
2.58,2.62,0,0
2.59,2.62,0,0
2.58,2.62,0,0
2.56,2.62,0,0
2.54,2.62,0,0
2.57,2.61,0,0
2.57,2.61,0,0
2.57,2.61,0,0
2.32,2.6,0,0
,2.53,4,0
,,4,4
,,4,4
,,4,4
,,4,4
,,4,4
,,4,4
,,4,4
,,4,4
,,4,4
,,4,4
,,4,4
,,4,4
,,4,4
,,4,4
,,4,4
,,4,4
,,4,4
,,4,4
,,4,4
2.5,2.66,0,0
,,4,4
,,4,4
,,4,4
,,4,4
,,4,4
,,4,4
,,4,4
,,4,4
,,4,4
,,4,4
2.63,2.66,0,0
2.58,2.67,0,0
2.63,2.67,0,0
2.62,2.68,0,0
2.64,2.68,0,0
2.6,2.69,0,0
2.63,2.69,0,0
2.64,2.69,0,0
2.64,2.69,0,0
2.64,2.68,0,0
2.63,2.69,0,0
2.63,2.68,0,0
2.63,2.68,0,0
2.61,2.68,0,0
2.61,2.68,0,0
2.62,2.68,0,0
2.62,2.67,0,0
2.62,2.67,0,0
2.61,2.67,0,0
2.61,2.67,0,0
2.61,2.67,0,0
2.61,2.67,0,0
2.61,2.67,0,0
2.61,2.67,0,0
2.61,2.68,0,0
2.61,2.68,0,0
2.6,2.68,0,0
2.61,2.68,0,0
2.6,2.68,0,0
2.61,2.68,0,0
2.61,2.69,0,0
2.6,2.69,0,0
2.62,2.7,0,0
2.62,2.7,0,0
2.62,2.7,0,0
2.63,2.7,0,0
2.62,2.71,0,0
2.63,2.71,0,0
2.63,2.71,0,0
2.63,2.72,0,0
2.63,2.72,0,0
2.63,2.72,0,0
2.63,2.72,0,0
2.63,2.72,0,0
2.63,2.72,0,0
2.63,2.72,0,0
2.64,2.71,0,0
2.63,2.71,0,0
2.63,2.71,0,0
2.63,2.71,0,0
2.63,2.71,0,0
2.64,2.71,0,0
2.64,2.71,0,0
2.64,2.71,0,0
2.63,2.72,0,0
2.6,2.72,0,0
,2.62,4,0
,,4,4
,,4,4
,,4,4
,,4,4
,,4,4
,,4,4
,,4,4
,,4,4
,,4,4
,,4,4
,,4,4
,,4,4
,,4,4
,,4,4
,,4,4
,,4,4
,,4,4
,,4,4
2.82,2.81,0,0
,,4,4
,,4,4
,,4,4
,,4,4
,,4,4
,,4,4
,,4,4
,,4,4
,,4,4
2.81,2.82,0,0
2.83,2.83,0,0
2.83,2.84,0,0
2.85,2.86,0,0
2.86,2.86,0,0
2.86,2.87,0,0
2.88,2.88,0,0
2.87,2.88,0,0
2.88,2.88,0,0
2.87,2.88,0,0
2.87,2.87,0,0
2.88,2.88,0,0
2.88,2.88,0,0
2.87,2.87,0,0
2.86,2.87,0,0
2.86,2.86,0,0
2.86,2.85,0,0
2.85,2.85,0,0
2.77,2.85,0,0
1.82,2.86,0,0
,,4,4
,,4,4
,,4,4
,,4,4
,,4,4
,,4,4
,,4,4
,,4,4
,,4,4
,,4,4
,,4,4
,,4,4
,,4,4
,,4,4
,,4,4
,,4,4
,,4,4
,,4,4
,,4,4
,,4,4
,,4,4
,,4,4
,,4,4
,,4,4
,,4,4
,,4,4
,,4,4
,,4,4
,,4,4
,,4,4
,,4,4
,,4,4
,,4,4
,,4,4
,,4,4
,,4,4
,,4,4
,2.7,4,0
,2.65,4,0
1.58,2.85,0,0
2.68,2.93,0,0
2.97,2.94,0,0
2.99,2.94,0,0
3,2.95,0,0
3,2.95,0,0
3.01,2.96,0,0
3.02,2.96,0,0
3.03,2.96,0,0
3.04,2.97,0,0
3.04,2.98,0,0
3.04,2.99,0,0
3.05,3,0,0
3.06,3,0,0
3.06,3.01,0,0
3.07,3.02,0,0
3.07,3.02,0,0
3.08,3.03,0,0
3.07,3.03,0,0
3.07,3.03,0,0
3.06,3.02,0,0
3.05,3.02,0,0
3.02,3,0,0
2.99,2.99,0,0
2.89,2.97,0,0
,2.79,4,0
,,4,4
,,4,4
,,4,4
,,4,4
,,4,4
,,4,4
,,4,4
,,4,4
,,4,4
,,4,4
,,4,4
,,4,4
,,4,4
,,4,4
,,4,4
,,4,4
,,4,4
,,4,4
,,4,4
,,4,4
2.93,2.9,0,0
,,4,4
,,4,4
,,4,4
,,4,4
,,4,4
,,4,4
,,4,4
,,4,4
,,4,4
,,4,4
2.95,2.92,0,0
2.97,2.93,0,0
2.97,2.94,0,0
2.98,2.95,0,0
2.99,2.97,0,0
3,2.97,0,0
3.01,2.98,0,0
3.02,2.99,0,0
3.03,2.99,0,0
3.03,3,0,0
3.04,3,0,0
3.06,3.01,0,0
3.05,3.01,0,0
3.04,2.99,0,0
3.03,2.98,0,0
3.02,2.99,0,0
3.02,2.98,0,0
3.02,2.98,0,0
3.02,2.98,0,0
3.02,2.98,0,0
3.02,2.98,0,0
3.02,2.99,0,0
3.02,2.99,0,0
3.03,3,0,0
3.04,3,0,0
3.04,3.01,0,0
3.05,3.01,0,0
3.05,3.02,0,0
3.05,3.03,0,0
3.06,3.03,0,0
3.06,3.04,0,0
3.07,3.05,0,0
3.07,3.05,0,0
3.07,3.06,0,0
3.08,3.07,0,0
3.08,3.07,0,0
3.09,3.08,0,0
3.09,3.09,0,0
3.09,3.09,0,0
3.1,3.1,0,0
3.1,3.1,0,0
3.1,3.11,0,0
3.11,3.12,0,0
3.11,3.11,0,0
3.1,3.11,0,0
3.1,3.11,0,0
3.1,3.11,0,0
3.09,3.1,0,0
3.09,3.1,0,0
3.09,3.1,0,0
3.08,3.09,0,0
3.07,3.09,0,0
3.07,3.09,0,0
3.06,3.08,0,0
3.06,3.08,0,0
3.05,3.07,0,0
3.04,3.06,0,0
3.04,3.05,0,0
3.03,3.04,0,0
3.03,3.04,0,0
3.02,3.03,0,0
3.02,3.02,0,0
3.01,3.01,0,0
3,3.01,0,0
3,3,0,0
2.99,3,0,0
3,2.99,0,0
3,2.99,0,0
2.99,2.99,0,0
2.99,2.98,0,0
2.98,2.98,0,0
2.98,2.98,0,0
2.98,2.98,0,0
2.97,2.97,0,0
2.96,2.96,0,0
2.96,2.96,0,0
2.96,2.96,0,0
2.95,2.95,0,0
2.95,2.95,0,0
2.94,2.94,0,0
2.94,2.94,0,0
2.94,2.94,0,0
2.94,2.93,0,0
2.94,2.93,0,0
2.94,2.93,0,0
2.94,2.93,0,0
2.94,2.94,0,0
2.93,2.94,0,0
2.96,2.94,0,0
2.97,2.94,0,0
2.98,2.94,0,0
2.98,2.93,0,0
2.98,2.93,0,0
2.98,2.93,0,0
2.97,2.93,0,0
2.97,2.92,0,0
2.97,2.93,0,0
2.96,2.92,0,0
2.96,2.92,0,0
2.95,2.92,0,0
2.95,2.92,0,0
2.95,2.92,0,0
2.93,2.92,0,0
2.84,2.91,0,0
2.87,2.87,0,0
,2.24,4,0
,,4,4
,,4,4
,,4,4
,,4,4
,,4,4
,,4,4
,,4,4
,,4,4
,,4,4
,,4,4
,,4,4
,,4,4
,,4,4
,,4,4
,,4,4
,,4,4
,,4,4
,,4,4
,,4,4
2.81,2.85,0,0
,,4,4
,,4,4
,,4,4
,,4,4
,,4,4
,,4,4
,,4,4
,,4,4
,,4,4
,,4,4
2.81,2.86,0,0
2.82,2.87,0,0
2.83,2.89,0,0
2.87,2.88,0,0
2.85,2.87,0,0
2.83,2.87,0,0
2.78,2.86,0,0
2.83,2.85,0,0
2.84,2.84,0,0
2.83,2.84,0,0
2.83,2.83,0,0
2.83,2.83,0,0
2.82,2.83,0,0
2.82,2.82,0,0
2.83,2.82,0,0
2.83,2.82,0,0
2.82,2.82,0,0
2.83,2.82,0,0
2.83,2.83,0,0
2.84,2.83,0,0
2.83,2.82,0,0
2.83,2.82,0,0
2.83,2.82,0,0
2.83,2.82,0,0
2.83,2.82,0,0
2.83,2.82,0,0
2.83,2.82,0,0
2.82,2.82,0,0
2.83,2.81,0,0
2.83,2.82,0,0
2.82,2.81,0,0
2.82,2.81,0,0
2.81,2.81,0,0
2.8,2.81,0,0
2.81,2.8,0,0
2.8,2.8,0,0
2.79,2.79,0,0
2.79,2.79,0,0
2.79,2.79,0,0
2.78,2.79,0,0
2.78,2.78,0,0
2.75,2.77,0,0
2.52,2.73,0,0
,2.31,4,0
,,4,4
,,4,4
,,4,4
,,4,4
,,4,4
,,4,4
,,4,4
,,4,4
,,4,4
,,4,4
,,4,4
,,4,4
,,4,4
,,4,4
,,4,4
,,4,4
,,4,4
,,4,4
2.75,2.78,0,0
,,4,4
,,4,4
,,4,4
,,4,4
,,4,4
,,4,4
,,4,4
,,4,4
,,4,4
2.79,2.79,0,0
2.79,2.81,0,0
2.83,2.82,0,0
2.85,2.84,0,0
2.86,2.86,0,0
2.88,2.88,0,0
2.87,2.88,0,0
2.89,2.9,0,0
2.88,2.91,0,0
2.89,2.91,0,0
2.89,2.92,0,0
2.91,2.92,0,0
2.91,2.93,0,0
2.91,2.93,0,0
2.9,2.93,0,0
2.9,2.92,0,0
2.87,2.92,0,0
2.89,2.92,0,0
2.88,2.92,0,0
2.88,2.92,0,0
2.88,2.92,0,0
2.87,2.91,0,0
2.87,2.91,0,0
2.87,2.9,0,0
2.84,2.89,0,0
2.85,2.89,0,0
2.85,2.89,0,0
2.84,2.88,0,0
2.84,2.87,0,0
2.84,2.87,0,0
2.83,2.86,0,0
2.83,2.86,0,0
2.83,2.86,0,0
2.83,2.85,0,0
2.82,2.85,0,0
2.82,2.85,0,0
2.82,2.84,0,0
2.81,2.84,0,0
2.81,2.84,0,0
2.81,2.84,0,0
2.81,2.84,0,0
2.82,2.84,0,0
2.81,2.83,0,0
2.81,2.84,0,0
2.82,2.84,0,0
2.81,2.84,0,0
2.81,2.84,0,0
2.82,2.84,0,0
2.81,2.84,0,0
2.82,2.84,0,0
2.81,2.84,0,0
2.81,2.83,0,0
2.81,2.83,0,0
2.81,2.83,0,0
2.81,2.83,0,0
2.8,2.82,0,0
2.79,2.82,0,0
2.79,2.82,0,0
2.78,2.81,0,0
2.77,2.81,0,0
2.76,2.8,0,0
2.75,2.79,0,0
2.74,2.79,0,0
2.73,2.78,0,0
2.73,2.78,0,0
2.72,2.77,0,0
2.72,2.76,0,0
2.71,2.76,0,0
2.71,2.76,0,0
2.71,2.76,0,0
2.71,2.76,0,0
2.7,2.75,0,0
2.7,2.76,0,0
2.7,2.75,0,0
2.69,2.75,0,0
2.7,2.76,0,0
2.7,2.77,0,0
2.7,2.77,0,0
2.71,2.77,0,0
2.72,2.77,0,0
2.66,2.77,0,0
2.49,2.78,0,0
,2.6,4,0
,,4,4
,,4,4
,,4,4
,,4,4
,,4,4
,,4,4
,,4,4
,,4,4
,,4,4
,,4,4
,,4,4
,,4,4
,,4,4
,,4,4
,,4,4
,,4,4
,,4,4
,,4,4
,,4,4
,,4,4
,,4,4
,,4,4
,,4,4
,,4,4
2.9,2.94,0,0
,,4,4
,,4,4
,,4,4
,,4,4
2.91,2.96,0,0
2.92,2.97,0,0
2.93,2.98,0,0
2.94,3,0,0
2.95,3.01,0,0
2.96,3.02,0,0
2.97,3.03,0,0
2.97,3.03,0,0
2.97,3.04,0,0
2.97,3.05,0,0
2.97,3.05,0,0
2.98,3.05,0,0
2.97,3.05,0,0
2.97,3.06,0,0
2.97,3.06,0,0
2.96,3.05,0,0
2.96,3.05,0,0
2.96,3.05,0,0
2.95,3.05,0,0
2.95,3.05,0,0
2.95,3.04,0,0
2.94,3.04,0,0
2.94,3.04,0,0
2.94,3.04,0,0
2.94,3.04,0,0
2.94,3.04,0,0
2.93,3.03,0,0
2.93,3.04,0,0
2.93,3.03,0,0
2.92,3.03,0,0
2.91,3.02,0,0
2.91,3.02,0,0
2.89,3.01,0,0
2.89,3,0,0
2.87,2.99,0,0
2.87,2.97,0,0
2.86,2.96,0,0
2.85,2.96,0,0
2.85,2.94,0,0
2.85,2.93,0,0
2.83,2.93,0,0
2.82,2.92,0,0
2.82,2.91,0,0
2.81,2.9,0,0
2.8,2.9,0,0
2.78,2.89,0,0
2.78,2.88,0,0
2.77,2.87,0,0
2.77,2.87,0,0
2.76,2.86,0,0
2.75,2.85,0,0
2.74,2.84,0,0
2.74,2.84,0,0
2.73,2.83,0,0
2.71,2.82,0,0
2.71,2.82,0,0
2.72,2.81,0,0
2.7,2.8,0,0
2.66,2.8,0,0
2.7,2.8,0,0
2.7,2.79,0,0
2.71,2.79,0,0
2.72,2.79,0,0
2.7,2.79,0,0
2.71,2.79,0,0
2.7,2.78,0,0
2.71,2.78,0,0
,2.78,4,0
,2.33,4,0
,,4,4
,,4,4
,,4,4
,,4,4
,,4,4
,,4,4
,,4,4
,,4,4
,,4,4
,,4,4
,,4,4
,,4,4
,,4,4
,,4,4
,,4,4
,,4,4
,,4,4
,,4,4
,,4,4
,2.77,4,0
,,4,4
,,4,4
,,4,4
,,4,4
,,4,4
,,4,4
,,4,4
,,4,4
,,4,4
,,4,4
2.8,2.78,0,0
2.8,2.8,0,0
2.81,2.8,0,0
2.8,2.8,0,0
2.8,2.81,0,0
2.78,2.8,0,0
2.78,2.8,0,0
2.75,2.8,0,0
2.75,2.79,0,0
2.74,2.79,0,0
2.73,2.77,0,0
2.72,2.77,0,0
2.7,2.76,0,0
2.7,2.75,0,0
2.67,2.74,0,0
2.67,2.74,0,0
2.66,2.73,0,0
2.66,2.72,0,0
2.63,2.72,0,0
2.64,2.71,0,0
2.63,2.7,0,0
2.63,2.69,0,0
2.63,2.68,0,0
2.61,2.67,0,0
2.61,2.66,0,0
2.59,2.65,0,0
2.57,2.64,0,0
2.57,2.63,0,0
2.56,2.62,0,0
2.55,2.61,0,0
2.54,2.61,0,0
2.54,2.6,0,0
2.53,2.59,0,0
2.52,2.58,0,0
2.53,2.58,0,0
2.53,2.58,0,0
2.53,2.58,0,0
2.53,2.57,0,0
2.52,2.57,0,0
2.52,2.57,0,0
2.53,2.56,0,0
2.54,2.57,0,0
2.53,2.57,0,0
2.53,2.56,0,0
2.54,2.57,0,0
2.54,2.56,0,0
2.54,2.56,0,0
2.55,2.56,0,0
2.54,2.56,0,0
2.56,2.56,0,0
2.55,2.57,0,0
2.55,2.57,0,0
2.56,2.57,0,0
2.57,2.57,0,0
2.57,2.57,0,0
2.57,2.57,0,0
2.55,2.58,0,0
2.56,2.59,0,0
2.58,2.6,0,0
2.6,2.59,0,0
2.6,2.6,0,0
2.57,2.6,0,0
2.58,2.6,0,0
2.59,2.6,0,0
2.54,2.6,0,0
2.58,2.6,0,0
2.53,2.59,0,0
2.56,2.59,0,0
2.57,2.59,0,0
2.57,2.59,0,0
2.57,2.59,0,0
2.56,2.59,0,0
2.52,2.59,0,0
2.57,2.59,0,0
2.53,2.59,0,0
2.58,2.59,0,0
2.59,2.6,0,0
2.57,2.6,0,0
2.57,2.6,0,0
2.57,2.6,0,0
2.58,2.61,0,0
2.57,2.61,0,0
2.57,2.62,0,0
2.57,2.62,0,0
2.6,2.63,0,0
2.6,2.64,0,0
2.62,2.64,0,0
2.61,2.65,0,0
2.62,2.65,0,0
2.63,2.65,0,0
2.63,2.66,0,0
2.63,2.66,0,0
2.62,2.66,0,0
2.62,2.66,0,0
2.62,2.66,0,0
2.61,2.66,0,0
2.61,2.65,0,0
2.61,2.65,0,0
2.56,2.64,0,0
2.59,2.64,0,0
2.59,2.63,0,0
2.59,2.63,0,0
2.55,2.62,0,0
2.54,2.61,0,0
2.52,2.61,0,0
2.49,2.6,0,0
2.5,2.59,0,0
2.5,2.59,0,0
2.49,2.57,0,0
2.53,2.57,0,0
2.45,2.56,0,0
2.42,2.55,0,0
2.42,2.55,0,0
2.44,2.54,0,0
2.37,2.53,0,0
2.44,2.52,0,0
2.36,2.51,0,0
2.44,2.51,0,0
2.5,2.5,0,0
,2.48,4,0
,2.48,4,0
,,4,4
,,4,4
,,4,4
,,4,4
,,4,4
,,4,4
,,4,4
,,4,4
,,4,4
,,4,4
,,4,4
,,4,4
,,4,4
,,4,4
,,4,4
,,4,4
,,4,4
,,4,4
,,4,4
,,4,4
,,4,4
,,4,4
,,4,4
,,4,4
,,4,4
,,4,4
,,4,4
,,4,4
,2.49,4,0
,2.49,4,0
,2.51,4,0
,2.51,4,0
,2.52,4,0
,2.53,4,0
,2.54,4,0
,2.54,4,0
,2.54,4,0
,2.54,4,0
2.48,2.54,0,0
2.5,2.53,0,0
2.5,2.53,0,0
2.49,2.52,0,0
2.49,2.51,0,0
2.49,2.51,0,0
2.48,2.51,0,0
2.48,2.5,0,0
2.47,2.5,0,0
2.47,2.5,0,0
2.46,2.5,0,0
2.46,2.48,0,0
2.45,2.48,0,0
2.45,2.47,0,0
2.44,2.47,0,0
2.43,2.46,0,0
2.43,2.45,0,0
2.42,2.44,0,0
2.41,2.44,0,0
2.39,2.42,0,0
2.39,2.42,0,0
2.38,2.42,0,0
2.38,2.42,0,0
2.35,2.4,0,0
2.37,2.4,0,0
2.35,2.39,0,0
2.36,2.38,0,0
2.35,2.39,0,0
2.47,2.38,0,0
2.34,2.38,0,0
2.34,2.37,0,0
2.33,2.36,0,0
2.33,2.36,0,0
2.33,2.36,0,0
2.32,2.36,0,0
2.28,2.36,0,0
2.3,2.34,0,0
2.32,2.34,0,0
2.32,2.34,0,0
2.3,2.33,0,0
2.26,2.33,0,0
2.31,2.33,0,0
2.31,2.33,0,0
2.26,2.34,0,0
2.28,2.33,0,0
2.26,2.32,0,0
2.16,2.33,0,0
2.26,2.33,0,0
2.26,2.33,0,0
2.29,2.33,0,0
2.28,2.34,0,0
2.25,2.33,0,0
2.28,2.34,0,0
2.26,2.34,0,0
2.26,2.34,0,0
2.27,2.35,0,0
2.29,2.36,0,0
,2.35,4,0
,2.36,4,0
2.29,2.37,0,0
2.36,2.37,0,0
2.41,2.38,0,0
2.3,2.39,0,0
2.26,2.4,0,0
2.27,2.41,0,0
2.29,2.41,0,0
2.33,2.42,0,0
2.36,2.43,0,0
2.59,2.45,0,0
,2.46,4,0
,2.48,4,0
,2.48,4,0
,2.48,4,0
,2.49,4,0
,2.48,4,0
,2.37,4,0
,2.03,4,0
,,4,4
,,4,4
,,4,4
,,4,4
,,4,4
,,4,4
,,4,4
,,4,4
,,4,4
,,4,4
,,4,4
,,4,4
,,4,4
,,4,4
,,4,4
,,4,4
,,4,4
,,4,4
,,4,4
,,4,4
,,4,4
,,4,4
,,4,4
,,4,4
,,4,4
,,4,4
,,4,4
,,4,4
,,4,4
2.73,2.75,0,0
2.75,2.77,0,0
2.73,2.77,0,0
2.74,2.79,0,0
2.75,2.8,0,0
2.76,2.82,0,0
2.8,2.84,0,0
2.82,2.85,0,0
2.81,2.85,0,0
2.82,2.85,0,0
2.81,2.86,0,0
2.82,2.87,0,0
2.82,2.87,0,0
2.82,2.88,0,0
2.83,2.89,0,0
2.83,2.89,0,0
2.83,2.89,0,0
2.83,2.9,0,0
2.83,2.9,0,0
2.84,2.92,0,0
2.8,2.92,0,0
2.81,2.91,0,0
2.81,2.9,0,0
2.8,2.89,0,0
2.81,2.89,0,0
2.81,2.89,0,0
2.81,2.88,0,0
2.8,2.88,0,0
2.8,2.88,0,0
2.8,2.88,0,0
2.81,2.87,0,0
2.77,2.87,0,0
2.8,2.87,0,0
2.79,2.87,0,0
2.79,2.86,0,0
2.79,2.86,0,0
2.8,2.86,0,0
2.8,2.85,0,0
2.81,2.85,0,0
2.81,2.85,0,0
2.8,2.85,0,0
2.8,2.86,0,0
2.81,2.86,0,0
2.82,2.86,0,0
2.84,2.87,0,0
2.84,2.87,0,0
2.84,2.87,0,0
2.83,2.87,0,0
2.82,2.87,0,0
2.81,2.86,0,0
2.8,2.85,0,0
2.79,2.84,0,0
2.79,2.83,0,0
2.79,2.82,0,0
2.78,2.81,0,0
2.77,2.8,0,0
2.76,2.8,0,0
2.74,2.79,0,0
2.74,2.78,0,0
2.74,2.77,0,0
2.74,2.77,0,0
2.73,2.76,0,0
2.73,2.76,0,0
2.72,2.75,0,0
2.72,2.76,0,0
2.71,2.75,0,0
2.71,2.74,0,0
2.7,2.73,0,0
2.7,2.73,0,0
2.69,2.72,0,0
2.68,2.72,0,0
2.68,2.71,0,0
2.68,2.7,0,0
2.68,2.7,0,0
2.68,2.69,0,0
2.67,2.69,0,0
2.67,2.69,0,0
2.67,2.69,0,0
2.68,2.68,0,0
2.62,2.68,0,0
,2.53,4,0
,,4,4
,,4,4
,,4,4
,,4,4
,,4,4
,,4,4
,,4,4
,,4,4
,,4,4
,,4,4
,,4,4
,,4,4
,,4,4
,,4,4
,,4,4
,,4,4
,,4,4
,,4,4
,,4,4
,,4,4
,,4,4
,,4,4
,,4,4
,,4,4
,,4,4
3.02,3.04,0,0
,,4,4
,,4,4
,,4,4
,,4,4
,,4,4
3.02,3.06,0,0
3.05,3.07,0,0
3.06,3.08,0,0
3.07,3.1,0,0
3.08,3.11,0,0
3.08,3.12,0,0
3.08,3.13,0,0
3.08,3.13,0,0
3.08,3.14,0,0
3.07,3.14,0,0
3.06,3.14,0,0
3.05,3.14,0,0
3.04,3.13,0,0
3.03,3.12,0,0
3.02,3.12,0,0
3.01,3.11,0,0
3.01,3.1,0,0
3,3.09,0,0
2.99,3.08,0,0
2.98,3.07,0,0
2.97,3.06,0,0
2.97,3.06,0,0
2.97,3.04,0,0
2.97,3.03,0,0
2.97,3.02,0,0
2.97,3.01,0,0
2.96,3,0,0
2.95,3,0,0
2.95,2.99,0,0
2.94,2.99,0,0
2.93,2.98,0,0
2.93,2.97,0,0
2.91,2.96,0,0
2.9,2.95,0,0
2.9,2.94,0,0
2.88,2.93,0,0
2.88,2.92,0,0
2.87,2.91,0,0
2.87,2.9,0,0
2.86,2.9,0,0
2.86,2.89,0,0
2.86,2.88,0,0
2.85,2.88,0,0
2.86,2.88,0,0
2.86,2.88,0,0
2.86,2.88,0,0
2.87,2.88,0,0
2.87,2.88,0,0
2.88,2.88,0,0
2.88,2.88,0,0
2.88,2.88,0,0
2.88,2.88,0,0
2.88,2.89,0,0
2.88,2.89,0,0
2.88,2.89,0,0
2.88,2.89,0,0
2.89,2.89,0,0
2.88,2.9,0,0
2.88,2.9,0,0
2.89,2.91,0,0
2.89,2.91,0,0
2.89,2.92,0,0
2.89,2.92,0,0
2.89,2.93,0,0
2.89,2.94,0,0
2.71,2.94,0,0
1.81,2.77,0,0
,,4,4
,,4,4
,,4,4
,,4,4
,,4,4
,,4,4
,,4,4
,,4,4
,2.54,4,0
,2.39,4,0
,2.65,4,0
,2.64,4,0
,2.44,4,0
,,4,4
,,4,4
,,4,4
,,4,4
,,4,4
,,4,4
,,4,4
,,4,4
,,4,4
,,4,4
,,4,4
,,4,4
,,4,4
,,4,4
,,4,4
,,4,4
,,4,4
,,4,4
,,4,4
,,4,4
3.16,3.17,0,0
,,4,4
,,4,4
,,4,4
,,4,4
,,4,4
,,4,4
,,4,4
,,4,4
,,4,4
,,4,4
3.14,3.16,0,0
3.13,3.15,0,0
3.11,3.13,0,0
3.09,3.11,0,0
3.06,3.08,0,0
3.03,3.06,0,0
3.01,3.03,0,0
2.99,3.01,0,0
2.97,2.98,0,0
2.96,2.96,0,0
2.94,2.94,0,0
2.92,2.92,0,0
2.91,2.9,0,0
2.88,2.88,0,0
2.87,2.86,0,0
2.86,2.84,0,0
2.84,2.83,0,0
2.83,2.81,0,0
2.81,2.79,0,0
2.78,2.76,0,0
2.77,2.74,0,0
2.75,2.72,0,0
2.74,2.71,0,0
2.72,2.69,0,0
2.7,2.68,0,0
2.69,2.66,0,0
2.67,2.65,0,0
2.66,2.63,0,0
2.65,2.62,0,0
2.64,2.61,0,0
2.63,2.6,0,0
2.62,2.61,0,0
2.6,2.58,0,0
2.59,2.57,0,0
2.59,2.56,0,0
2.58,2.55,0,0
2.57,2.55,0,0
2.56,2.54,0,0
2.56,2.54,0,0
2.56,2.54,0,0
2.55,2.54,0,0
2.56,2.54,0,0
2.56,2.55,0,0
2.57,2.55,0,0
2.57,2.55,0,0
2.58,2.56,0,0
2.58,2.56,0,0
2.6,2.57,0,0
2.59,2.58,0,0
2.59,2.58,0,0
2.6,2.59,0,0
2.61,2.59,0,0
2.61,2.59,0,0
2.63,2.59,0,0
2.63,2.6,0,0
2.63,2.6,0,0
2.66,2.61,0,0
2.66,2.62,0,0
2.68,2.63,0,0
2.68,2.64,0,0
2.69,2.65,0,0
2.7,2.66,0,0
2.74,2.69,0,0
2.74,2.7,0,0
2.75,2.71,0,0
2.75,2.72,0,0
2.76,2.73,0,0
2.76,2.74,0,0
2.77,2.75,0,0
2.78,2.77,0,0
2.8,2.78,0,0
2.81,2.79,0,0
2.82,2.82,0,0
2.83,2.83,0,0
2.85,2.85,0,0
2.86,2.86,0,0
2.87,2.87,0,0
2.88,2.88,0,0
2.9,2.9,0,0
2.93,2.92,0,0
2.94,2.93,0,0
2.96,2.94,0,0
2.96,2.95,0,0
2.98,2.96,0,0
2.98,2.98,0,0
2.99,2.99,0,0
3,3,0,0
2.99,3.01,0,0
2.61,3,0,0
,2.67,4,0
,,4,4
,,4,4
,,4,4
,,4,4
,,4,4
,,4,4
,,4,4
,2.23,4,0
,2.46,4,0
,2.76,4,0
,2.91,4,0
2.48,2.93,0,0
2.42,2.92,0,0
2.6,2.9,0,0
2.68,2.89,0,0
2.78,2.9,0,0
2.83,2.9,0,0
2.86,2.9,0,0
2.87,2.9,0,0
2.85,2.92,0,0
2.86,2.91,0,0
2.91,2.92,0,0
2.94,2.93,0,0
2.96,2.93,0,0
2.97,2.94,0,0
2.97,2.95,0,0
2.98,2.96,0,0
2.99,2.97,0,0
3.01,2.98,0,0
3.02,3,0,0
3.02,3.01,0,0
3.02,3.02,0,0
3.03,3.01,0,0
3.02,3.02,0,0
3.03,3.02,0,0
3.02,3.02,0,0
3.02,3.02,0,0
3.01,3.02,0,0
3,3.01,0,0
2.99,3,0,0
2.98,3,0,0
2.98,2.99,0,0
2.98,2.99,0,0
2.99,3,0,0
2.96,2.98,0,0
2.95,2.97,0,0
2.94,2.95,0,0
2.93,2.94,0,0
2.91,2.93,0,0
2.9,2.91,0,0
2.89,2.9,0,0
2.87,2.89,0,0
2.85,2.87,0,0
2.85,2.86,0,0
2.85,2.85,0,0
2.84,2.84,0,0
2.83,2.83,0,0
2.83,2.83,0,0
2.82,2.83,0,0
2.81,2.81,0,0
2.8,2.81,0,0
2.8,2.8,0,0
2.78,2.8,0,0
2.79,2.79,0,0
2.78,2.79,0,0
2.79,2.79,0,0
2.8,2.79,0,0
2.8,2.79,0,0
2.8,2.8,0,0
2.8,2.79,0,0
2.83,2.8,0,0
2.83,2.81,0,0
2.83,2.82,0,0
2.83,2.82,0,0
2.83,2.83,0,0
2.83,2.84,0,0
2.84,2.83,0,0
2.84,2.84,0,0
2.85,2.84,0,0
2.85,2.85,0,0
2.85,2.87,0,0
2.85,2.86,0,0
2.85,2.85,0,0
2.84,2.85,0,0
2.84,2.85,0,0
2.84,2.84,0,0
2.84,2.84,0,0
2.84,2.84,0,0
2.84,2.84,0,0
2.83,2.83,0,0
2.83,2.83,0,0
2.83,2.83,0,0
2.84,2.83,0,0
2.86,2.84,0,0
2.86,2.84,0,0
2.86,2.84,0,0
2.86,2.84,0,0
2.88,2.85,0,0
2.88,2.85,0,0
2.89,2.86,0,0
2.91,2.87,0,0
2.9,2.89,0,0
,2.85,4,0
,2.59,4,0
,,4,4
,,4,4
,,4,4
,,4,4
,,4,4
,,4,4
,2.33,4,0
,2.57,4,0
,2.91,4,0
,3,4,0
,3.02,4,0
,3.01,4,0
,3,4,0
2.72,3.01,0,0
2.77,3.02,0,0
2.81,3.03,0,0
2.82,3.03,0,0
2.83,3.04,0,0
2.89,3.04,0,0
2.94,3.05,0,0
2.97,3.05,0,0
2.99,3.06,0,0
3,3.06,0,0
3.01,3.06,0,0
3.03,3.06,0,0
3.03,3.06,0,0
3.04,3.07,0,0
3.04,3.06,0,0
3.04,3.06,0,0
3.04,3.06,0,0
3.04,3.06,0,0
3.03,3.07,0,0
2.99,3.05,0,0
2.96,3.03,0,0
2.95,3.03,0,0
2.93,3.02,0,0
2.94,3.01,0,0
2.92,3,0,0
2.92,3,0,0
2.91,2.99,0,0
2.9,2.99,0,0
2.9,2.98,0,0
2.9,2.98,0,0
2.89,2.97,0,0
2.89,2.97,0,0
2.87,2.96,0,0
2.86,2.95,0,0
2.86,2.95,0,0
2.85,2.93,0,0
2.84,2.93,0,0
2.84,2.92,0,0
2.82,2.92,0,0
2.83,2.91,0,0
2.81,2.9,0,0
2.81,2.9,0,0
2.8,2.9,0,0
2.8,2.88,0,0
2.8,2.89,0,0
2.8,2.88,0,0
2.8,2.88,0,0
2.79,2.88,0,0
2.79,2.87,0,0
2.79,2.87,0,0
2.79,2.86,0,0
2.78,2.87,0,0
2.8,2.85,0,0
2.79,2.85,0,0
2.78,2.85,0,0
2.77,2.84,0,0
2.77,2.83,0,0
2.76,2.83,0,0
2.76,2.82,0,0
2.75,2.82,0,0
2.75,2.81,0,0
2.73,2.81,0,0
2.73,2.8,0,0
2.73,2.81,0,0
2.75,2.79,0,0
2.74,2.79,0,0
2.74,2.78,0,0
2.73,2.77,0,0
2.74,2.77,0,0
2.73,2.76,0,0
2.72,2.76,0,0
2.72,2.76,0,0
2.71,2.75,0,0
2.71,2.75,0,0
2.71,2.74,0,0
2.71,2.74,0,0
2.71,2.74,0,0
2.71,2.74,0,0
2.71,2.74,0,0
2.7,2.74,0,0
2.68,2.73,0,0
2.68,2.72,0,0
2.67,2.71,0,0
2.67,2.71,0,0
2.67,2.71,0,0
2.66,2.7,0,0
2.65,2.7,0,0
2.66,2.7,0,0
2.65,2.69,0,0
2.64,2.69,0,0
2.64,2.69,0,0
2.64,2.69,0,0
2.62,2.69,0,0
2.63,2.69,0,0
2.63,2.68,0,0
2.63,2.68,0,0
2.62,2.67,0,0
2.62,2.67,0,0
2.6,2.66,0,0
2.61,2.66,0,0
2.61,2.65,0,0
2.59,2.65,0,0
2.58,2.64,0,0
2.59,2.64,0,0
2.58,2.63,0,0
2.58,2.63,0,0
2.54,2.63,0,0
2.58,2.62,0,0
2.56,2.62,0,0
2.57,2.62,0,0
2.58,2.61,0,0
2.57,2.62,0,0
2.58,2.61,0,0
2.58,2.61,0,0
2.58,2.61,0,0
2.58,2.61,0,0
2.57,2.61,0,0
2.57,2.61,0,0
2.57,2.61,0,0
2.58,2.61,0,0
2.57,2.61,0,0
2.56,2.61,0,0
2.57,2.61,0,0
2.52,2.62,0,0
2.53,2.59,0,0
2.59,2.6,0,0
2.59,2.61,0,0
2.59,2.61,0,0
2.58,2.6,0,0
2.59,2.6,0,0
2.6,2.59,0,0
2.6,2.59,0,0
2.6,2.59,0,0
2.6,2.58,0,0
2.6,2.58,0,0
2.6,2.58,0,0
2.59,2.57,0,0
2.59,2.57,0,0
2.58,2.58,0,0
2.57,2.57,0,0
2.56,2.57,0,0
2.56,2.58,0,0
,2.57,4,0
,,4,4
,,4,4
,,4,4
,,4,4
,,4,4
,,4,4
,,4,4
,,4,4
,,4,4
,,4,4
,,4,4
,,4,4
,,4,4
,,4,4
,,4,4
,,4,4
,,4,4
,,4,4
,,4,4
2.54,2.5,0,0
,,4,4
,,4,4
,,4,4
,,4,4
,,4,4
,,4,4
,,4,4
,,4,4
,,4,4
,,4,4
2.56,2.52,0,0
2.57,2.56,0,0
2.54,2.57,0,0
2.55,2.58,0,0
2.52,2.58,0,0
2.54,2.58,0,0
2.55,2.58,0,0
2.55,2.59,0,0
2.55,2.58,0,0
2.52,2.57,0,0
2.55,2.57,0,0
2.52,2.56,0,0
2.46,2.55,0,0
2.48,2.55,0,0
2.46,2.55,0,0
2.5,2.54,0,0
2.48,2.54,0,0
2.46,2.54,0,0
2.49,2.53,0,0
2.47,2.52,0,0
2.45,2.52,0,0
2.42,2.52,0,0
2.47,2.52,0,0
2.48,2.52,0,0
2.49,2.52,0,0
2.49,2.53,0,0
2.48,2.53,0,0
2.51,2.54,0,0
2.49,2.55,0,0
2.52,2.56,0,0
2.55,2.57,0,0
2.56,2.59,0,0
2.58,2.61,0,0
2.56,2.61,0,0
2.57,2.62,0,0
2.58,2.63,0,0
2.61,2.64,0,0
2.61,2.64,0,0
2.62,2.65,0,0
2.62,2.65,0,0
2.63,2.66,0,0
2.64,2.67,0,0
2.64,2.67,0,0
2.65,2.67,0,0
2.64,2.67,0,0
2.65,2.67,0,0
2.64,2.67,0,0
2.65,2.68,0,0
2.65,2.68,0,0
2.66,2.68,0,0
2.66,2.68,0,0
2.66,2.68,0,0
2.67,2.68,0,0
2.67,2.68,0,0
2.68,2.68,0,0
2.68,2.67,0,0
2.66,2.67,0,0
2.67,2.67,0,0
2.67,2.66,0,0
2.65,2.66,0,0
2.64,2.65,0,0
2.63,2.64,0,0
2.61,2.63,0,0
2.59,2.62,0,0
2.57,2.6,0,0
2.54,2.59,0,0
2.51,2.58,0,0
,2.54,4,0
,2.07,4,0
,,4,4
,,4,4
,,4,4
,,4,4
,,4,4
,,4,4
,,4,4
,,4,4
,,4,4
,,4,4
,,4,4
,,4,4
,,4,4
,,4,4
,,4,4
,,4,4
,,4,4
,,4,4
2.63,2.58,0,0
,,4,4
,,4,4
,,4,4
,,4,4
,,4,4
,,4,4
,,4,4
,,4,4
,,4,4
2.63,2.58,0,0
2.63,2.59,0,0
2.63,2.59,0,0
2.63,2.6,0,0
2.61,2.59,0,0
2.62,2.6,0,0
2.64,2.61,0,0
2.65,2.6,0,0
2.64,2.6,0,0
2.63,2.6,0,0
2.62,2.59,0,0
2.61,2.58,0,0
2.61,2.58,0,0
2.6,2.57,0,0
2.59,2.57,0,0
2.59,2.56,0,0
2.58,2.56,0,0
2.58,2.55,0,0
2.57,2.54,0,0
2.57,2.54,0,0
2.56,2.53,0,0
2.55,2.52,0,0
2.54,2.51,0,0
2.52,2.51,0,0
2.51,2.49,0,0
2.51,2.49,0,0
2.51,2.48,0,0
2.49,2.47,0,0
2.49,2.47,0,0
2.48,2.46,0,0
2.47,2.46,0,0
2.46,2.45,0,0
2.46,2.43,0,0
2.45,2.42,0,0
2.43,2.41,0,0
2.42,2.4,0,0
2.41,2.39,0,0
2.4,2.38,0,0
2.39,2.35,0,0
2.38,2.33,0,0
2.36,2.32,0,0
2.35,2.31,0,0
2.34,2.29,0,0
2.34,2.28,0,0
2.33,2.27,0,0
2.32,2.27,0,0
2.32,2.27,0,0
2.3,2.25,0,0
2.31,2.25,0,0
2.28,2.27,0,0
2.29,2.25,0,0
2.29,2.24,0,0
2.27,2.24,0,0
2.28,2.24,0,0
2.27,2.24,0,0
2.27,2.24,0,0
2.26,2.22,0,0
2.28,2.23,0,0
2.27,2.23,0,0
2.27,2.23,0,0
2.27,2.24,0,0
2.27,2.23,0,0
2.28,2.23,0,0
2.28,2.22,0,0
2.3,2.23,0,0
2.31,2.2,0,0
2.27,2.2,0,0
2.31,2.21,0,0
2.3,2.21,0,0
2.3,2.22,0,0
2.31,2.23,0,0
2.32,2.24,0,0
2.32,2.24,0,0
2.33,2.25,0,0
2.35,2.26,0,0
2.36,2.27,0,0
2.36,2.28,0,0
2.38,2.29,0,0
2.39,2.32,0,0
2.38,2.32,0,0
2.39,2.33,0,0
2.41,2.34,0,0
2.41,2.35,0,0
2.42,2.35,0,0
,2.43,4,0
,,4,4
,,4,4
,,4,4
,,4,4
,,4,4
,,4,4
,,4,4
,,4,4
,,4,4
,,4,4
,,4,4
,,4,4
,,4,4
,,4,4
,,4,4
,,4,4
,,4,4
,,4,4
,,4,4
2.62,2.56,0,0
,,4,4
,,4,4
,,4,4
,,4,4
,,4,4
,,4,4
,,4,4
,,4,4
,,4,4
,,4,4
2.63,2.57,0,0
2.64,2.58,0,0
2.63,2.58,0,0
2.62,2.58,0,0
2.62,2.58,0,0
2.6,2.57,0,0
2.59,2.56,0,0
2.57,2.55,0,0
2.56,2.54,0,0
2.55,2.53,0,0
2.54,2.52,0,0
2.55,2.51,0,0
2.53,2.5,0,0
2.54,2.49,0,0
2.52,2.48,0,0
2.52,2.48,0,0
2.52,2.48,0,0
2.51,2.47,0,0
2.51,2.47,0,0
2.52,2.47,0,0
2.52,2.47,0,0
2.52,2.48,0,0
2.52,2.47,0,0
2.52,2.48,0,0
2.52,2.47,0,0
2.52,2.47,0,0
2.52,2.47,0,0
2.51,2.46,0,0
2.5,2.45,0,0
2.49,2.45,0,0
2.5,2.44,0,0
2.51,2.45,0,0
2.49,2.45,0,0
2.46,2.44,0,0
2.44,2.43,0,0
2.46,2.42,0,0
2.45,2.42,0,0
2.46,2.43,0,0
2.45,2.43,0,0
2.46,2.43,0,0
2.46,2.44,0,0
2.46,2.44,0,0
2.48,2.45,0,0
2.48,2.46,0,0
2.49,2.47,0,0
2.5,2.48,0,0
2.5,2.49,0,0
2.51,2.5,0,0
2.51,2.51,0,0
2.53,2.52,0,0
2.53,2.53,0,0
2.55,2.54,0,0
2.56,2.55,0,0
2.57,2.56,0,0
2.59,2.58,0,0
2.6,2.58,0,0
2.61,2.59,0,0
2.62,2.6,0,0
2.64,2.61,0,0
2.65,2.62,0,0
2.65,2.63,0,0
2.67,2.64,0,0
2.68,2.66,0,0
2.68,2.67,0,0
2.69,2.68,0,0
2.7,2.68,0,0
2.7,2.7,0,0
2.7,2.7,0,0
2.7,2.7,0,0
2.7,2.71,0,0
2.69,2.7,0,0
2.69,2.71,0,0
2.53,2.7,0,0
,2.7,4,0
,2.5,4,0
,,4,4
,,4,4
,,4,4
,,4,4
,,4,4
,,4,4
,,4,4
,,4,4
,,4,4
,,4,4
,,4,4
,,4,4
,,4,4
,,4,4
,,4,4
,,4,4
,,4,4
,,4,4
,,4,4
2.74,2.68,0,0
,,4,4
,,4,4
,,4,4
,,4,4
,,4,4
,,4,4
,,4,4
,,4,4
,,4,4
,,4,4
2.73,2.68,0,0
2.73,2.69,0,0
2.72,2.69,0,0
2.72,2.69,0,0
2.71,2.69,0,0
2.69,2.68,0,0
2.68,2.67,0,0
2.67,2.66,0,0
2.65,2.65,0,0
2.64,2.63,0,0
2.62,2.62,0,0
2.61,2.61,0,0
2.6,2.6,0,0
2.59,2.58,0,0
2.58,2.57,0,0
2.57,2.56,0,0
2.57,2.56,0,0
2.56,2.54,0,0
2.55,2.54,0,0
2.56,2.53,0,0
2.54,2.53,0,0
2.54,2.52,0,0
2.54,2.52,0,0
2.54,2.52,0,0
2.54,2.51,0,0
2.54,2.51,0,0
2.53,2.51,0,0
2.52,2.5,0,0
2.52,2.51,0,0
2.52,2.51,0,0
2.52,2.51,0,0
2.51,2.5,0,0
2.51,2.51,0,0
2.51,2.5,0,0
2.51,2.5,0,0
2.51,2.5,0,0
2.51,2.5,0,0
2.51,2.5,0,0
2.51,2.49,0,0
2.5,2.5,0,0
2.51,2.49,0,0
2.5,2.49,0,0
2.5,2.48,0,0
2.5,2.49,0,0
2.49,2.48,0,0
2.49,2.48,0,0
2.49,2.48,0,0
2.48,2.47,0,0
2.47,2.47,0,0
2.47,2.47,0,0
2.47,2.46,0,0
2.47,2.46,0,0
2.45,2.46,0,0
2.45,2.46,0,0
2.45,2.45,0,0
2.44,2.44,0,0
2.44,2.44,0,0
2.44,2.45,0,0
2.44,2.44,0,0
2.43,2.44,0,0
2.43,2.44,0,0
2.44,2.43,0,0
2.43,2.43,0,0
2.42,2.42,0,0
2.42,2.41,0,0
2.41,2.41,0,0
2.4,2.41,0,0
2.4,2.4,0,0
2.4,2.4,0,0
2.4,2.39,0,0
2.39,2.38,0,0
2.38,2.38,0,0
2.38,2.38,0,0
2.39,2.38,0,0
2.38,2.37,0,0
2.36,2.37,0,0
2.36,2.38,0,0
2.36,2.37,0,0
2.35,2.36,0,0
2.35,2.35,0,0
2.35,2.35,0,0
2.34,2.35,0,0
2.35,2.34,0,0
2.35,2.34,0,0
2.34,2.34,0,0
2.35,2.33,0,0
2.35,2.34,0,0
2.35,2.34,0,0
2.36,2.34,0,0
2.36,2.35,0,0
2.36,2.35,0,0
2.38,2.36,0,0
2.19,2.37,0,0
,2.19,4,0
,,4,4
,,4,4
,,4,4
,,4,4
,,4,4
,,4,4
,,4,4
,,4,4
,,4,4
,,4,4
,,4,4
,,4,4
,,4,4
,,4,4
,,4,4
,,4,4
,,4,4
,,4,4
,,4,4
2.52,2.44,0,0
,,4,4
,,4,4
,,4,4
,,4,4
,,4,4
,,4,4
,,4,4
,,4,4
,,4,4
,,4,4
2.52,2.44,0,0
2.54,2.45,0,0
2.54,2.45,0,0
2.56,2.47,0,0
2.57,2.47,0,0
2.58,2.48,0,0
2.58,2.48,0,0
2.59,2.48,0,0
2.59,2.49,0,0
2.6,2.49,0,0
2.61,2.5,0,0
2.61,2.51,0,0
2.61,2.51,0,0
2.62,2.51,0,0
2.61,2.51,0,0
2.61,2.51,0,0
2.61,2.52,0,0
2.6,2.53,0,0
2.6,2.53,0,0
2.6,2.54,0,0
2.6,2.54,0,0
2.6,2.54,0,0
2.59,2.54,0,0
2.59,2.54,0,0
2.59,2.55,0,0
2.59,2.56,0,0
2.6,2.56,0,0
2.59,2.56,0,0
2.59,2.57,0,0
2.59,2.57,0,0
2.59,2.58,0,0
2.58,2.6,0,0
2.57,2.6,0,0
2.57,2.59,0,0
2.57,2.59,0,0
2.57,2.59,0,0
2.56,2.58,0,0
2.56,2.59,0,0
2.57,2.58,0,0
2.55,2.58,0,0
2.56,2.57,0,0
2.55,2.57,0,0
2.55,2.57,0,0
2.55,2.57,0,0
2.55,2.57,0,0
2.55,2.57,0,0
2.55,2.57,0,0
2.55,2.57,0,0
2.55,2.57,0,0
2.56,2.57,0,0
2.56,2.57,0,0
2.56,2.58,0,0
2.55,2.58,0,0
2.55,2.58,0,0
2.56,2.59,0,0
2.57,2.59,0,0
2.56,2.59,0,0
2.56,2.6,0,0
2.57,2.6,0,0
2.58,2.6,0,0
2.58,2.6,0,0
2.57,2.6,0,0
2.56,2.6,0,0
2.56,2.6,0,0
2.57,2.6,0,0
2.55,2.6,0,0
2.55,2.6,0,0
2.56,2.59,0,0
2.55,2.59,0,0
2.55,2.59,0,0
2.54,2.59,0,0
2.56,2.58,0,0
2.55,2.56,0,0
2.55,2.56,0,0
2.55,2.56,0,0
2.55,2.56,0,0
2.55,2.56,0,0
2.55,2.56,0,0
2.55,2.56,0,0
2.55,2.56,0,0
2.55,2.56,0,0
2.53,2.56,0,0
2.52,2.56,0,0
2.52,2.56,0,0
2.51,2.56,0,0
2.51,2.56,0,0
2.5,2.56,0,0
2.5,2.56,0,0
2.49,2.57,0,0
2.5,2.56,0,0
2.48,2.57,0,0
2.49,2.56,0,0
2.43,2.56,0,0
2.49,2.56,0,0
2.48,2.57,0,0
2.47,2.56,0,0
2.49,2.56,0,0
2.48,2.56,0,0
2.49,2.56,0,0
2.47,2.56,0,0
2.47,2.56,0,0
2.45,2.54,0,0
2.48,2.53,0,0
2.46,2.52,0,0
2.44,2.53,0,0
2.43,2.51,0,0
2.51,2.51,0,0
2.4,2.49,0,0
2.42,2.5,0,0
2.42,2.49,0,0
2.42,2.49,0,0
2.42,2.48,0,0
2.35,2.47,0,0
2.41,2.47,0,0
2.38,2.47,0,0
2.38,2.47,0,0
2.37,2.47,0,0
2.44,2.45,0,0
2.4,2.45,0,0
2.35,2.45,0,0
2.39,2.45,0,0
2.4,2.44,0,0
2.4,2.45,0,0
2.37,2.44,0,0
2.34,2.44,0,0
2.4,2.45,0,0
2.36,2.44,0,0
2.45,2.45,0,0
2.33,2.44,0,0
2.37,2.44,0,0
2.32,2.44,0,0
2.4,2.44,0,0
2.32,2.44,0,0
2.31,2.44,0,0
2.32,2.43,0,0
2.3,2.44,0,0
2.38,2.43,0,0
2.34,2.43,0,0
2.37,2.43,0,0
2.43,2.41,0,0
2.01,2.43,0,0
,2.4,4,0
,,4,4
,,4,4
,,4,4
,,4,4
,,4,4
,,4,4
,,4,4
,,4,4
,,4,4
,,4,4
,,4,4
,,4,4
,,4,4
,,4,4
,,4,4
,,4,4
,,4,4
,,4,4
,,4,4
,,4,4
2.41,2.35,0,0
,,4,4
,,4,4
,,4,4
,,4,4
,,4,4
,,4,4
,,4,4
,,4,4
,,4,4
,,4,4
2.42,2.35,0,0
2.35,2.34,0,0
2.37,2.34,0,0
2.35,2.33,0,0
2.29,2.32,0,0
2.44,2.32,0,0
2.37,2.31,0,0
2.2,2.3,0,0
2.29,2.3,0,0
2.22,2.29,0,0
2.32,2.28,0,0
2.22,2.27,0,0
2.18,2.25,0,0
2.14,2.24,0,0
2.13,2.23,0,0
2.11,2.22,0,0
2.04,2.21,0,0
2.18,2.21,0,0
1.97,2.19,0,0
2.05,2.2,0,0
2.13,2.18,0,0
2.02,2.18,0,0
2.11,2.19,0,0
2.1,2.18,0,0
2.57,2.18,0,0
2,2.17,0,0
2.12,2.14,0,0
2.07,2.17,0,0
2.01,2.16,0,0
2.13,2.13,0,0
2.17,2.12,0,0
2.31,2.11,0,0
2.27,,0,4
2.21,2.14,0,0
2.21,2.11,0,0
2.28,2.14,0,0
2.6,2.2,0,0
2.62,2.19,0,0
2.22,2.18,0,0
2.22,2.14,0,0
2.19,2.17,0,0
2.22,2.15,0,0
2.23,2.17,0,0
2.23,2.39,0,0
2.2,,0,4
2.21,2.17,0,0
2.22,2.22,0,0
2.22,2.13,0,0
2.2,2.12,0,0
,2.15,4,0
2.22,2.15,0,0
2.21,2.27,0,0
2.21,2.15,0,0
2.21,2.17,0,0
2.19,2.13,0,0
2.18,2.16,0,0
2.18,2.16,0,0
2.18,2.17,0,0
2.21,2.18,0,0
2.17,2.18,0,0
2.19,2.2,0,0
2.15,2.19,0,0
2.81,2.16,0,0
2.17,2.17,0,0
2.16,2.16,0,0
2.12,2.16,0,0
2.16,2.14,0,0
2.12,2.13,0,0
2.13,2.13,0,0
2.11,2.13,0,0
2.08,2.13,0,0
2.13,2.07,0,0
2.09,2.1,0,0
2.11,2.1,0,0
2.09,2.1,0,0
2.12,2.09,0,0
2.16,2.08,0,0
2.09,2.09,0,0
2.15,2.07,0,0
2.06,2.08,0,0
2.11,2.06,0,0
2.13,2.08,0,0
2.09,2.07,0,0
2.04,,0,4
,,4,4
2.09,,0,4
,,4,4
,2.02,4,0
2.06,2.03,0,0
2.03,2,0,0
1.97,2.01,0,0
2.02,,0,4
2.08,2,0,0
1.99,1.99,0,0
2,,0,4
2.13,,0,4
1.97,1.99,0,0
1.98,,0,4
1.97,2.02,0,0
2.41,1.94,0,0
1.99,,0,4
,,4,4
,,4,4
2.01,,0,4
1.95,,0,4
1.98,,0,4
1.98,,0,4
1.95,,0,4
1.94,,0,4
2,,0,4
,,4,4
1.97,,0,4
1.98,,0,4
1.99,,0,4
1.97,,0,4
1.95,,0,4
2.05,,0,4
2,,0,4
2.02,,0,4
2.09,,0,4
2.05,,0,4
2.01,,0,4
2.06,,0,4
2.11,,0,4
2.07,,0,4
2.08,,0,4
2.11,2.06,0,0
2.14,2.05,0,0
2.09,2.07,0,0
2.17,2.07,0,0
2.11,2.09,0,0
2.09,2.09,0,0
2.11,2.1,0,0
2.09,2.09,0,0
2.17,2.11,0,0
2.13,2.11,0,0
2.13,2.11,0,0
2.13,2.11,0,0
2.14,2.12,0,0
2.15,2.11,0,0
2.14,2.13,0,0
2.14,2.13,0,0
2.17,2.14,0,0
2.16,2.14,0,0
2.14,2.15,0,0
2.18,2.16,0,0
2.13,2.14,0,0
2.16,2.16,0,0
2.16,2.17,0,0
2.19,2.16,0,0
,2.16,4,0
,2.17,4,0
,,4,4
,,4,4
,,4,4
,,4,4
,,4,4
,,4,4
,,4,4
,,4,4
,,4,4
,,4,4
,,4,4
,,4,4
,,4,4
,,4,4
,,4,4
,,4,4
,,4,4
,,4,4
,,4,4
,,4,4
2.45,2.34,0,0
,,4,4
,,4,4
,,4,4
,,4,4
,,4,4
,,4,4
,,4,4
,,4,4
,,4,4
,,4,4
2.46,2.35,0,0
2.48,2.38,0,0
2.5,2.39,0,0
2.5,2.41,0,0
2.54,2.43,0,0
2.54,2.44,0,0
2.55,2.46,0,0
2.57,2.47,0,0
2.58,2.48,0,0
2.59,2.49,0,0
2.6,2.5,0,0
2.6,2.51,0,0
2.61,2.51,0,0
2.61,2.52,0,0
2.62,2.53,0,0
2.62,2.53,0,0
2.62,2.52,0,0
2.63,2.53,0,0
2.63,2.52,0,0
2.63,2.52,0,0
2.63,2.52,0,0
2.63,2.52,0,0
2.63,2.52,0,0
2.63,2.52,0,0
2.64,2.52,0,0
2.64,2.52,0,0
2.64,2.53,0,0
2.64,2.53,0,0
2.64,2.53,0,0
2.64,2.53,0,0
2.65,2.53,0,0
2.65,2.53,0,0
2.65,2.54,0,0
2.65,2.54,0,0
2.65,2.55,0,0
2.66,2.55,0,0
2.66,2.56,0,0
2.66,2.57,0,0
2.67,2.57,0,0
2.67,2.58,0,0
2.68,2.58,0,0
2.68,2.59,0,0
2.69,2.59,0,0
2.69,2.6,0,0
2.69,2.6,0,0
2.7,2.61,0,0
2.7,2.62,0,0
2.71,2.62,0,0
2.71,2.63,0,0
2.71,2.64,0,0
2.72,2.64,0,0
2.7,2.64,0,0
2.69,2.63,0,0
2.68,2.63,0,0
2.67,2.63,0,0
2.67,2.63,0,0
2.67,2.62,0,0
2.66,2.62,0,0
2.66,2.62,0,0
2.66,2.61,0,0
2.66,2.61,0,0
2.66,2.61,0,0
2.66,2.61,0,0
2.66,2.61,0,0
2.66,2.61,0,0
2.66,2.61,0,0
2.67,2.61,0,0
2.67,2.62,0,0
2.68,2.62,0,0
2.64,2.62,0,0
2.66,2.62,0,0
,2.47,4,0
,,4,4
,,4,4
,,4,4
,,4,4
,,4,4
,,4,4
,,4,4
,,4,4
,,4,4
,,4,4
,,4,4
,,4,4
,,4,4
,,4,4
,,4,4
,,4,4
,,4,4
,,4,4
,,4,4
,,4,4
,,4,4
,,4,4
,,4,4
,,4,4
,,4,4
,,4,4
,,4,4
,,4,4
2.85,2.85,0,0
2.86,2.85,0,0
2.87,2.86,0,0
2.87,2.86,0,0
2.87,2.87,0,0
2.86,2.86,0,0
2.86,2.86,0,0
2.85,2.86,0,0
2.84,2.85,0,0
2.82,2.84,0,0
2.81,2.85,0,0
2.8,2.83,0,0
2.77,2.82,0,0
2.76,2.8,0,0
2.74,2.79,0,0
2.73,2.77,0,0
2.71,2.76,0,0
2.7,2.74,0,0
2.69,2.73,0,0
2.7,2.73,0,0
2.7,2.73,0,0
2.69,2.71,0,0
2.68,2.69,0,0
2.67,2.69,0,0
2.66,2.67,0,0
2.65,2.66,0,0
2.64,2.66,0,0
2.64,2.65,0,0
2.63,2.64,0,0
2.63,2.63,0,0
2.62,2.63,0,0
2.62,2.62,0,0
2.61,2.62,0,0
2.61,2.62,0,0
2.62,2.62,0,0
2.62,2.61,0,0
2.61,2.61,0,0
2.61,2.61,0,0
2.61,2.6,0,0
2.61,2.59,0,0
2.6,2.6,0,0
2.6,2.6,0,0
2.61,2.6,0,0
2.61,2.61,0,0
2.62,2.61,0,0
2.62,2.61,0,0
2.62,2.62,0,0
2.62,2.63,0,0
2.64,2.63,0,0
2.64,2.63,0,0
2.65,2.64,0,0
2.66,2.65,0,0
2.66,2.65,0,0
2.68,2.66,0,0
2.68,2.66,0,0
2.69,2.67,0,0
2.7,2.68,0,0
2.71,2.68,0,0
2.71,2.68,0,0
2.71,2.69,0,0
2.71,2.69,0,0
2.71,2.68,0,0
2.71,2.69,0,0
2.71,2.69,0,0
2.71,2.69,0,0
2.72,2.68,0,0
2.71,2.69,0,0
2.72,2.69,0,0
2.72,2.69,0,0
2.73,2.69,0,0
2.75,2.72,0,0
2.75,2.72,0,0
2.75,2.71,0,0
2.75,2.72,0,0
2.74,2.72,0,0
2.74,2.72,0,0
2.74,2.72,0,0
2.74,2.72,0,0
2.74,2.72,0,0
2.73,2.72,0,0
2.74,2.72,0,0
2.74,2.72,0,0
2.74,2.72,0,0
2.74,2.72,0,0
2.75,2.72,0,0
2.75,2.72,0,0
2.75,2.72,0,0
2.76,2.73,0,0
2.76,2.73,0,0
2.77,2.73,0,0
2.78,2.74,0,0
2.78,2.75,0,0
2.79,2.75,0,0
2.8,2.76,0,0
2.81,2.77,0,0
2.82,2.78,0,0
2.82,2.79,0,0
2.84,2.8,0,0
2.85,2.81,0,0
2.86,2.82,0,0
2.87,2.83,0,0
2.88,2.84,0,0
2.89,2.85,0,0
2.9,2.86,0,0
2.91,2.88,0,0
2.91,2.89,0,0
2.92,2.9,0,0
2.93,2.91,0,0
2.94,2.92,0,0
2.95,2.93,0,0
2.95,2.93,0,0
2.96,2.94,0,0
2.97,2.95,0,0
2.92,2.96,0,0
2.73,2.95,0,0
,2.6,4,0
,,4,4
,,4,4
,,4,4
,,4,4
,,4,4
,,4,4
,,4,4
,,4,4
,,4,4
,,4,4
,,4,4
,,4,4
,,4,4
,,4,4
,,4,4
,,4,4
,,4,4
,,4,4
,,4,4
2.85,2.88,0,0
,,4,4
,,4,4
,,4,4
,,4,4
,,4,4
,,4,4
,,4,4
,,4,4
,,4,4
,,4,4
2.86,2.89,0,0
2.87,2.89,0,0
2.88,2.9,0,0
2.89,2.91,0,0
2.9,2.91,0,0
2.91,2.92,0,0
2.91,2.91,0,0
2.9,2.91,0,0
2.9,2.91,0,0
2.9,2.91,0,0
2.89,2.9,0,0
2.88,2.9,0,0
2.87,2.9,0,0
2.86,2.89,0,0
2.85,2.89,0,0
2.85,2.88,0,0
2.85,2.88,0,0
2.85,2.88,0,0
2.85,2.87,0,0
2.84,2.87,0,0
2.84,2.87,0,0
2.83,2.86,0,0
2.83,2.86,0,0
2.83,2.86,0,0
2.82,2.86,0,0
2.82,2.86,0,0
2.81,2.86,0,0
2.81,2.86,0,0
2.79,2.85,0,0
2.78,2.85,0,0
2.77,2.85,0,0
2.77,2.85,0,0
2.76,2.84,0,0
2.76,2.84,0,0
2.76,2.84,0,0
2.76,2.84,0,0
2.75,2.84,0,0
2.75,2.84,0,0
2.75,2.84,0,0
2.75,2.84,0,0
2.75,2.85,0,0
2.8,2.88,0,0
2.8,2.89,0,0
2.79,2.88,0,0
2.79,2.89,0,0
2.78,2.88,0,0
2.78,2.88,0,0
2.79,2.88,0,0
2.8,2.88,0,0
2.8,2.88,0,0
2.81,2.89,0,0
2.81,2.89,0,0
2.82,2.9,0,0
2.83,2.9,0,0
2.84,2.9,0,0
2.84,2.9,0,0
2.84,2.9,0,0
2.85,2.9,0,0
2.85,2.9,0,0
2.86,2.91,0,0
2.86,2.91,0,0
2.86,2.91,0,0
2.87,2.91,0,0
2.88,2.91,0,0
2.89,2.92,0,0
2.89,2.92,0,0
2.9,2.92,0,0
2.91,2.92,0,0
2.91,2.93,0,0
2.91,2.93,0,0
2.9,2.93,0,0
2.84,2.92,0,0
2.7,2.86,0,0
,2.42,4,0
,,4,4
,,4,4
,,4,4
,,4,4
,,4,4
,,4,4
,,4,4
,,4,4
,,4,4
,,4,4
,,4,4
,,4,4
,,4,4
,,4,4
,,4,4
,,4,4
,,4,4
,,4,4
2.88,2.95,0,0
,,4,4
,,4,4
,,4,4
,,4,4
,,4,4
,,4,4
,,4,4
,,4,4
,,4,4
2.9,2.95,0,0
2.91,2.97,0,0
2.92,2.98,0,0
2.94,2.98,0,0
2.95,3,0,0
2.96,3.01,0,0
2.97,3.02,0,0
2.98,3.02,0,0
2.98,3.03,0,0
2.99,3.03,0,0
2.99,3.03,0,0
2.99,3.03,0,0
2.99,3.03,0,0
2.98,3.02,0,0
2.97,3.02,0,0
2.96,3.01,0,0
2.95,3,0,0
2.94,2.99,0,0
2.93,2.98,0,0
2.92,2.96,0,0
2.91,2.95,0,0
2.9,2.93,0,0
2.89,2.92,0,0
2.87,2.91,0,0
2.86,2.9,0,0
2.85,2.88,0,0
2.84,2.87,0,0
2.83,2.85,0,0
2.81,2.84,0,0
2.8,2.83,0,0
2.78,2.81,0,0
2.77,2.8,0,0
2.77,2.79,0,0
2.76,2.78,0,0
2.74,2.76,0,0
2.73,2.76,0,0
2.72,2.75,0,0
2.69,2.73,0,0
2.69,2.72,0,0
2.68,2.72,0,0
2.68,2.7,0,0
2.68,2.7,0,0
2.66,2.69,0,0
2.66,2.68,0,0
2.65,2.68,0,0
2.64,2.67,0,0
2.63,2.66,0,0
2.59,2.66,0,0
2.64,2.65,0,0
2.62,2.65,0,0
2.6,2.64,0,0
2.57,2.64,0,0
2.59,2.64,0,0
2.61,2.63,0,0
2.6,2.62,0,0
2.59,2.62,0,0
2.58,2.62,0,0
2.55,2.61,0,0
2.55,2.6,0,0
2.58,2.6,0,0
2.56,2.6,0,0
2.58,2.59,0,0
2.58,2.59,0,0
2.57,2.58,0,0
2.57,2.57,0,0
2.56,2.57,0,0
2.55,2.57,0,0
2.56,2.57,0,0
2.54,2.56,0,0
2.51,2.56,0,0
2.55,2.56,0,0
2.54,2.56,0,0
2.55,2.55,0,0
2.5,2.55,0,0
2.54,2.54,0,0
2.54,2.54,0,0
2.53,2.53,0,0
2.53,2.53,0,0
2.52,2.52,0,0
2.53,2.52,0,0
2.52,2.51,0,0
2.51,2.51,0,0
2.49,2.51,0,0
2.5,2.5,0,0
2.49,2.5,0,0
2.48,2.49,0,0
2.48,2.48,0,0
2.47,2.48,0,0
2.47,2.48,0,0
2.46,2.48,0,0
2.46,2.47,0,0
2.45,2.46,0,0
2.46,2.46,0,0
2.45,2.46,0,0
2.45,2.45,0,0
2.45,2.45,0,0
2.44,2.45,0,0
2.44,2.44,0,0
2.45,2.44,0,0
2.44,2.44,0,0
2.44,2.43,0,0
2.44,2.44,0,0
2.51,2.43,0,0
2.43,2.43,0,0
2.43,2.43,0,0
2.42,2.43,0,0
2.43,2.43,0,0
2.43,2.42,0,0
2.42,2.43,0,0
2.43,2.43,0,0
2.43,2.42,0,0
2.42,2.42,0,0
2.42,2.42,0,0
2.4,2.42,0,0
2.4,2.41,0,0
2.37,2.41,0,0
2.39,2.41,0,0
2.39,2.4,0,0
2.37,2.39,0,0
2.39,2.4,0,0
2.38,2.39,0,0
2.36,2.38,0,0
2.36,2.38,0,0
2.35,2.38,0,0
2.36,2.38,0,0
2.35,2.37,0,0
2.33,2.35,0,0
2.29,2.36,0,0
2.46,2.36,0,0
2.31,2.35,0,0
2.27,2.35,0,0
2.2,2.36,0,0
2.3,2.35,0,0
2.24,2.35,0,0
2.25,2.34,0,0
2.31,2.34,0,0
2.34,2.34,0,0
2.12,2.34,0,0
2.18,2.34,0,0
2.28,2.34,0,0
2.19,2.33,0,0
2.31,2.33,0,0
2.22,2.33,0,0
2.24,2.33,0,0
,2.34,4,0
,2.47,4,0
,,4,4
,,4,4
,,4,4
,,4,4
,,4,4
,,4,4
,,4,4
,,4,4
,,4,4
,,4,4
,,4,4
,,4,4
,,4,4
,,4,4
,,4,4
,,4,4
,,4,4
,,4,4
,,4,4
,2.32,4,0
,,4,4
,,4,4
,,4,4
,,4,4
,,4,4
,,4,4
,,4,4
,,4,4
,,4,4
,,4,4
,2.33,4,0
,2.33,4,0
,2.35,4,0
2.17,2.36,0,0
,2.37,4,0
2.38,2.38,0,0
2.36,2.38,0,0
2.32,2.39,0,0
2.3,2.4,0,0
2.65,2.4,0,0
2.28,2.4,0,0
2.33,2.41,0,0
2.36,2.41,0,0
2.31,2.4,0,0
2.27,2.4,0,0
2.36,2.39,0,0
2.32,2.39,0,0
2.35,2.39,0,0
2.32,2.39,0,0
2.36,2.38,0,0
2.35,2.38,0,0
2.35,2.37,0,0
2.33,2.37,0,0
2.35,2.38,0,0
2.31,2.37,0,0
2.32,2.37,0,0
2.33,2.36,0,0
2.31,2.36,0,0
2.36,2.36,0,0
2.35,2.35,0,0
2.34,2.33,0,0
2.37,2.33,0,0
2.37,2.34,0,0
2.37,2.32,0,0
2.37,2.32,0,0
2.37,2.32,0,0
2.37,2.32,0,0
2.37,2.31,0,0
2.36,2.31,0,0
2.36,2.31,0,0
2.35,2.3,0,0
2.36,2.31,0,0
2.33,2.3,0,0
2.32,2.3,0,0
2.33,2.32,0,0
2.34,2.3,0,0
2.34,2.3,0,0
2.32,2.3,0,0
2.26,2.3,0,0
,2.4,4,0
,,4,4
,,4,4
,,4,4
,,4,4
,,4,4
,,4,4
,,4,4
,,4,4
,,4,4
,,4,4
,,4,4
,,4,4
,,4,4
,,4,4
,,4,4
,,4,4
,,4,4
,,4,4
,,4,4
,,4,4
,,4,4
,,4,4
,,4,4
,,4,4
2.55,2.49,0,0
,,4,4
,,4,4
,,4,4
,,4,4
,,4,4
2.56,2.5,0,0
2.57,2.51,0,0
2.58,2.52,0,0
2.57,2.52,0,0
2.58,2.53,0,0
2.57,2.53,0,0
2.55,2.52,0,0
2.53,2.52,0,0
2.54,2.51,0,0
2.52,2.5,0,0
2.51,2.49,0,0
2.48,2.48,0,0
2.27,2.47,0,0
,2.46,4,0
,,4,4
,,4,4
,,4,4
,,4,4
,,4,4
,,4,4
,,4,4
,,4,4
,,4,4
,,4,4
,,4,4
,,4,4
,,4,4
,,4,4
,,4,4
,,4,4
,,4,4
,,4,4
,,4,4
2.55,2.53,0,0
,,4,4
,,4,4
,,4,4
,,4,4
,,4,4
,,4,4
,,4,4
,,4,4
,,4,4
,,4,4
2.58,2.54,0,0
2.59,2.56,0,0
2.6,2.56,0,0
2.61,2.58,0,0
2.62,2.59,0,0
2.63,2.59,0,0
2.62,2.6,0,0
2.63,2.6,0,0
2.64,2.6,0,0
2.64,2.6,0,0
2.64,2.6,0,0
2.64,2.61,0,0
2.64,2.6,0,0
2.63,2.6,0,0
2.63,2.6,0,0
2.62,2.6,0,0
2.62,2.59,0,0
2.62,2.59,0,0
2.61,2.59,0,0
2.6,2.58,0,0
2.6,2.58,0,0
2.59,2.57,0,0
2.58,2.57,0,0
2.57,2.56,0,0
2.57,2.55,0,0
2.56,2.54,0,0
2.55,2.53,0,0
2.54,2.52,0,0
2.52,2.51,0,0
2.52,2.51,0,0
2.47,2.5,0,0
2.55,2.5,0,0
,2.48,4,0
,,4,4
,,4,4
,,4,4
,,4,4
,,4,4
,,4,4
,,4,4
,,4,4
,,4,4
,,4,4
,,4,4
,,4,4
,,4,4
,,4,4
,,4,4
,,4,4
,,4,4
,,4,4
,,4,4
2.74,2.71,0,0
,,4,4
,,4,4
,,4,4
,,4,4
,,4,4
,,4,4
,,4,4
,,4,4
,,4,4
,,4,4
2.74,2.72,0,0
2.76,2.74,0,0
2.78,2.75,0,0
2.8,2.77,0,0
2.81,2.79,0,0
2.82,2.8,0,0
2.82,2.8,0,0
2.82,2.81,0,0
2.81,2.81,0,0
2.81,2.81,0,0
2.81,2.81,0,0
2.8,2.8,0,0
2.8,2.8,0,0
2.8,2.8,0,0
2.79,2.79,0,0
2.79,2.8,0,0
2.78,2.79,0,0
2.79,2.79,0,0
2.79,2.79,0,0
2.8,2.8,0,0
2.8,2.8,0,0
2.81,2.81,0,0
2.81,2.81,0,0
2.83,2.81,0,0
2.84,2.82,0,0
2.84,2.82,0,0
2.86,2.83,0,0
2.87,2.84,0,0
2.88,2.85,0,0
2.89,2.85,0,0
2.89,2.85,0,0
2.9,2.86,0,0
2.9,2.86,0,0
2.9,2.86,0,0
2.9,2.86,0,0
2.9,2.86,0,0
2.9,2.86,0,0
2.9,2.87,0,0
2.91,2.87,0,0
2.91,2.86,0,0
2.91,2.87,0,0
2.91,2.87,0,0
2.92,2.88,0,0
2.92,2.88,0,0
2.92,2.89,0,0
2.93,2.89,0,0
2.93,2.9,0,0
2.94,2.91,0,0
2.95,2.91,0,0
2.97,2.92,0,0
2.97,2.93,0,0
2.99,2.94,0,0
3,2.95,0,0
3.01,2.96,0,0
3.03,2.97,0,0
3.06,2.99,0,0
3.08,2.99,0,0
3.09,3.01,0,0
3.1,3.02,0,0
3.11,3.02,0,0
3.12,3.03,0,0
3.12,3.05,0,0
3.13,3.05,0,0
3.14,3.06,0,0
3.15,3.07,0,0
3.16,3.09,0,0
3.17,3.1,0,0
3.17,3.1,0,0
3.19,3.12,0,0
3.19,3.13,0,0
3.2,3.13,0,0
3.2,3.14,0,0
3.21,3.15,0,0
3.21,3.16,0,0
3.22,3.16,0,0
3.23,3.17,0,0
3.23,3.17,0,0
3.23,3.17,0,0
3.23,3.18,0,0
3.23,3.18,0,0
3.17,3.17,0,0
2.81,2.98,0,0
,,4,4
,,4,4
,,4,4
,,4,4
,,4,4
,,4,4
,,4,4
,3.03,4,0
,2.97,4,0
,3.01,4,0
2.7,3.06,0,0
2.93,3.05,0,0
2.99,3.04,0,0
3,3.04,0,0
2.99,3.04,0,0
2.99,3.03,0,0
2.99,3.03,0,0
3,3.03,0,0
3.01,3.03,0,0
3.01,3.03,0,0
3.02,3.03,0,0
3.04,3.04,0,0
3.05,3.04,0,0
3.06,3.04,0,0
3.08,3.06,0,0
3.09,3.07,0,0
3.1,3.08,0,0
3.12,3.09,0,0
3.13,3.1,0,0
3.15,3.12,0,0
3.16,3.13,0,0
3.17,3.15,0,0
3.19,3.17,0,0
3.21,3.18,0,0
3.21,3.18,0,0
3.21,3.19,0,0
3.22,3.2,0,0
3.22,3.2,0,0
3.22,3.21,0,0
3.22,3.22,0,0
3.23,3.22,0,0
3.23,3.23,0,0
3.23,3.23,0,0
3.23,3.24,0,0
3.23,3.24,0,0
3.24,3.24,0,0
3.23,3.24,0,0
3.23,3.25,0,0
3.23,3.24,0,0
3.23,3.25,0,0
3.22,3.24,0,0
3.22,3.24,0,0
3.22,3.23,0,0
3.22,3.23,0,0
3.21,3.23,0,0
3.2,3.23,0,0
3.19,3.22,0,0
3.18,3.21,0,0
3.17,3.2,0,0
3.15,3.19,0,0
3.14,3.18,0,0
3.12,3.16,0,0
3.11,3.15,0,0
3.09,3.13,0,0
3.09,3.12,0,0
3.08,3.11,0,0
3.07,3.1,0,0
3.07,3.08,0,0
3.05,3.07,0,0
3.04,3.06,0,0
3.03,3.05,0,0
3.02,3.04,0,0
3.01,3.02,0,0
3,3.02,0,0
2.99,3.01,0,0
2.99,3,0,0
2.98,2.99,0,0
2.98,2.98,0,0
2.98,2.97,0,0
2.91,2.97,0,0
2.51,2.78,0,0
,,4,4
,,4,4
,,4,4
,,4,4
,,4,4
,,4,4
,,4,4
,,4,4
,,4,4
,,4,4
,,4,4
,,4,4
,,4,4
,,4,4
,,4,4
,,4,4
,,4,4
,,4,4
,,4,4
,,4,4
,,4,4
,,4,4
,,4,4
,,4,4
,,4,4
,,4,4
,,4,4
,,4,4
,,4,4
,,4,4
2.98,2.97,0,0
3.01,2.99,0,0
3.03,3,0,0
3.05,3,0,0
3.06,3.01,0,0
3.07,3.02,0,0
3.07,3.02,0,0
3.08,3.03,0,0
3.08,3.03,0,0
3.08,3.04,0,0
3.08,3.03,0,0
3.08,3.04,0,0
3.07,3.03,0,0
3.06,3.03,0,0
3.06,3.02,0,0
3.06,3.02,0,0
3.05,3.03,0,0
3.05,3.02,0,0
3.04,3.02,0,0
3.04,3.02,0,0
3.04,3.02,0,0
3.03,3.02,0,0
3.03,3.02,0,0
3.02,3.01,0,0
3.02,3.01,0,0
3.02,3.01,0,0
3.04,3.03,0,0
3.03,3,0,0
3.01,2.99,0,0
3.01,3,0,0
3,2.99,0,0
2.99,2.98,0,0
3,2.98,0,0
2.99,2.97,0,0
2.99,2.97,0,0
2.99,2.97,0,0
2.99,2.97,0,0
2.99,2.96,0,0
2.99,2.96,0,0
2.99,2.96,0,0
2.98,2.96,0,0
2.98,2.95,0,0
2.97,2.95,0,0
2.96,2.95,0,0
2.95,2.93,0,0
2.94,2.92,0,0
2.93,2.91,0,0
2.91,2.9,0,0
2.9,2.88,0,0
2.89,2.87,0,0
2.88,2.86,0,0
2.87,2.85,0,0
2.86,2.84,0,0
2.85,2.83,0,0
2.84,2.82,0,0
2.83,2.81,0,0
2.83,2.8,0,0
2.82,2.8,0,0
2.82,2.78,0,0
2.81,2.78,0,0
2.81,2.77,0,0
2.79,2.76,0,0
2.79,2.75,0,0
2.78,2.76,0,0
2.77,2.76,0,0
2.75,2.75,0,0
2.75,2.74,0,0
2.75,2.73,0,0
2.74,2.73,0,0
2.73,2.72,0,0
2.73,2.71,0,0
2.72,2.7,0,0
2.72,2.69,0,0
2.71,2.68,0,0
2.7,2.7,0,0
2.67,2.71,0,0
2.68,2.71,0,0
2.69,2.71,0,0
2.69,2.7,0,0
2.69,2.69,0,0
2.69,2.69,0,0
2.69,2.68,0,0
2.68,2.68,0,0
2.68,2.68,0,0
2.68,2.67,0,0
2.67,2.67,0,0
2.66,2.67,0,0
2.64,2.67,0,0
2.63,2.67,0,0
2.73,2.67,0,0
2.66,2.66,0,0
2.65,2.67,0,0
2.66,2.67,0,0
2.65,2.68,0,0
,2.69,4,0
,2.67,4,0
,2.64,4,0
,2.48,4,0
,,4,4
,,4,4
,,4,4
,,4,4
,,4,4
,,4,4
,,4,4
,,4,4
,,4,4
,,4,4
,,4,4
,,4,4
,,4,4
,,4,4
,,4,4
,,4,4
,,4,4
,,4,4
3.02,2.99,0,0
,,4,4
,,4,4
,,4,4
,,4,4
,,4,4
,,4,4
,,4,4
,,4,4
,,4,4
3.02,2.99,0,0
3.06,3.02,0,0
3.12,3.07,0,0
3.1,3.07,0,0
3.12,3.09,0,0
3.12,3.08,0,0
3.1,3.08,0,0
3.1,3.08,0,0
3.09,3.08,0,0
3.09,3.08,0,0
3.08,3.08,0,0
3.08,3.08,0,0
3.08,3.08,0,0
3.07,3.09,0,0
3.07,3.09,0,0
3.07,3.1,0,0
3.07,3.1,0,0
3.05,3.09,0,0
3.01,3.07,0,0
2.98,3.06,0,0
2.96,3.04,0,0
2.95,3.03,0,0
2.96,3.02,0,0
2.96,3.01,0,0
2.96,3,0,0
2.97,2.99,0,0
2.97,2.98,0,0
2.97,2.97,0,0
2.97,2.97,0,0
2.98,2.97,0,0
2.97,2.97,0,0
2.97,2.96,0,0
2.96,2.96,0,0
2.96,2.96,0,0
2.96,2.96,0,0
2.95,2.95,0,0
2.95,2.95,0,0
2.95,2.95,0,0
2.94,2.95,0,0
2.94,2.95,0,0
2.94,2.95,0,0
2.92,2.95,0,0
2.93,2.95,0,0
2.92,2.96,0,0
2.93,2.96,0,0
2.92,2.97,0,0
2.93,2.97,0,0
2.93,2.97,0,0
2.93,2.97,0,0
2.92,2.96,0,0
2.92,2.96,0,0
2.91,2.96,0,0
2.87,2.97,0,0
2.78,2.98,0,0
2.9,2.96,0,0
2.96,2.99,0,0
2.96,2.99,0,0
3,2.98,0,0
2.97,2.97,0,0
2.95,2.97,0,0
2.95,2.96,0,0
2.94,2.95,0,0
2.94,2.95,0,0
2.94,2.94,0,0
2.94,2.95,0,0
2.93,2.95,0,0
2.93,2.95,0,0
2.93,2.96,0,0
2.94,2.96,0,0
2.94,2.96,0,0
2.94,2.96,0,0
2.94,2.96,0,0
2.94,2.97,0,0
2.94,2.97,0,0
2.94,2.97,0,0
2.95,2.98,0,0
2.96,2.98,0,0
2.96,2.99,0,0
2.96,2.99,0,0
2.97,3,0,0
2.96,2.99,0,0
2.96,2.99,0,0
2.96,3,0,0
2.95,3,0,0
2.95,3,0,0
2.95,3,0,0
2.95,3,0,0
2.94,3,0,0
2.94,3,0,0
2.94,3,0,0
2.93,3,0,0
2.93,3,0,0
2.93,3,0,0
2.93,2.99,0,0
2.92,2.99,0,0
2.92,2.99,0,0
2.92,2.99,0,0
2.92,2.99,0,0
2.91,2.99,0,0
2.91,2.99,0,0
2.9,2.99,0,0
2.9,2.99,0,0
2.9,2.99,0,0
2.89,2.99,0,0
2.89,2.99,0,0
2.89,2.99,0,0
2.88,2.98,0,0
2.89,2.97,0,0
2.88,2.96,0,0
2.88,2.96,0,0
2.87,2.94,0,0
2.86,2.93,0,0
2.85,2.93,0,0
2.84,2.92,0,0
2.83,2.91,0,0
2.82,2.9,0,0
2.81,2.89,0,0
2.81,2.88,0,0
2.8,2.88,0,0
2.78,2.87,0,0
2.77,2.87,0,0
2.72,2.81,0,0
,,4,4
,,4,4
,,4,4
,,4,4
,,4,4
,,4,4
,,4,4
,,4,4
,,4,4
,,4,4
,,4,4
,,4,4
,,4,4
,,4,4
,,4,4
,,4,4
,,4,4
,,4,4
,,4,4
,,4,4
2.76,2.78,0,0
,,4,4
,,4,4
,,4,4
,,4,4
,,4,4
,,4,4
,,4,4
,,4,4
,,4,4
,,4,4
2.78,2.79,0,0
2.78,2.8,0,0
2.79,2.81,0,0
2.8,2.82,0,0
2.79,2.83,0,0
2.79,2.83,0,0
2.79,2.85,0,0
2.8,2.86,0,0
2.79,2.85,0,0
2.79,2.84,0,0
2.8,2.83,0,0
2.77,2.83,0,0
2.76,2.82,0,0
2.76,2.82,0,0
2.76,2.81,0,0
2.76,2.8,0,0
2.76,2.8,0,0
2.77,2.8,0,0
2.77,2.81,0,0
2.77,2.8,0,0
2.77,2.81,0,0
2.77,2.81,0,0
2.78,2.81,0,0
2.78,2.81,0,0
2.79,2.81,0,0
2.79,2.81,0,0
2.79,2.81,0,0
2.79,2.82,0,0
2.79,2.81,0,0
2.8,2.82,0,0
2.78,2.81,0,0
2.79,2.81,0,0
2.79,2.82,0,0
2.78,2.8,0,0
2.77,2.78,0,0
2.76,2.76,0,0
2.75,2.76,0,0
2.75,2.75,0,0
2.74,2.75,0,0
2.73,2.74,0,0
2.73,2.73,0,0
2.73,2.74,0,0
2.74,2.73,0,0
2.74,2.74,0,0
2.73,2.74,0,0
2.73,2.74,0,0
2.74,2.74,0,0
2.74,2.75,0,0
2.75,2.75,0,0
2.75,2.75,0,0
2.75,2.77,0,0
2.76,2.77,0,0
2.77,2.78,0,0
2.77,2.78,0,0
2.78,2.79,0,0
2.79,2.8,0,0
2.8,2.81,0,0
2.8,2.81,0,0
2.81,2.82,0,0
2.82,2.83,0,0
2.83,2.84,0,0
2.83,2.85,0,0
2.84,2.86,0,0
2.85,2.86,0,0
2.85,2.87,0,0
2.85,2.88,0,0
2.85,2.88,0,0
2.85,2.89,0,0
2.84,2.89,0,0
2.84,2.88,0,0
2.84,2.88,0,0
2.83,2.88,0,0
2.83,2.88,0,0
2.83,2.87,0,0
2.82,2.87,0,0
2.82,2.87,0,0
2.81,2.86,0,0
2.8,2.86,0,0
2.8,2.85,0,0
2.79,2.84,0,0
2.78,2.83,0,0
2.76,2.82,0,0
2.75,2.81,0,0
2.73,2.8,0,0
2.73,2.79,0,0
2.7,2.77,0,0
2.72,2.76,0,0
2.72,2.75,0,0
2.7,2.74,0,0
2.69,2.72,0,0
2.67,2.71,0,0
2.62,2.69,0,0
2.58,2.68,0,0
2.57,2.66,0,0
2.59,2.66,0,0
2.53,2.65,0,0
2.56,2.63,0,0
2.54,2.63,0,0
2.57,2.62,0,0
2.56,2.61,0,0
2.55,2.6,0,0
2.53,2.59,0,0
2.54,2.59,0,0
2.57,2.59,0,0
2.57,2.58,0,0
2.51,2.58,0,0
2.53,2.57,0,0
2.53,2.58,0,0
2.51,2.58,0,0
2.54,2.57,0,0
2.5,2.58,0,0
2.51,2.58,0,0
2.56,2.57,0,0
2.5,2.58,0,0
2.52,2.57,0,0
2.58,2.57,0,0
2.55,2.58,0,0
2.54,2.57,0,0
2.53,2.56,0,0
2.52,2.56,0,0
2.56,2.57,0,0
2.57,2.58,0,0
2.49,2.55,0,0
,2.49,4,0
,,4,4
,,4,4
,,4,4
,,4,4
,,4,4
,,4,4
,,4,4
,,4,4
,,4,4
,,4,4
,,4,4
,,4,4
,,4,4
,,4,4
,,4,4
,,4,4
,,4,4
,,4,4
,,4,4
2.62,2.61,0,0
,,4,4
,,4,4
,,4,4
,,4,4
,,4,4
,,4,4
,,4,4
,,4,4
,,4,4
,,4,4
2.61,2.62,0,0
2.64,2.63,0,0
2.64,2.64,0,0
2.64,2.64,0,0
2.64,2.64,0,0
2.62,2.64,0,0
2.63,2.64,0,0
2.64,2.63,0,0
2.61,2.63,0,0
2.61,2.62,0,0
2.6,2.6,0,0
2.59,2.6,0,0
2.59,2.59,0,0
2.58,2.58,0,0
2.57,2.57,0,0
2.57,2.57,0,0
2.57,2.56,0,0
2.56,2.56,0,0
2.55,2.55,0,0
2.56,2.56,0,0
2.56,2.55,0,0
2.56,2.54,0,0
2.55,2.53,0,0
2.54,2.53,0,0
2.54,2.53,0,0
2.55,2.52,0,0
2.55,2.51,0,0
2.54,2.52,0,0
2.53,2.52,0,0
2.53,2.51,0,0
2.53,2.5,0,0
2.53,2.5,0,0
2.47,2.5,0,0
2.52,2.49,0,0
2.52,2.48,0,0
2.5,2.48,0,0
2.49,2.48,0,0
2.48,2.5,0,0
2.5,2.49,0,0
2.33,2.5,0,0
2.52,2.53,0,0
2.54,2.52,0,0
2.5,2.5,0,0
2.53,2.49,0,0
2.56,2.49,0,0
2.51,2.49,0,0
2.5,2.48,0,0
2.5,2.47,0,0
2.5,2.47,0,0
2.49,2.47,0,0
2.48,2.46,0,0
2.5,2.45,0,0
2.48,2.45,0,0
2.48,2.45,0,0
2.47,2.44,0,0
2.46,2.44,0,0
2.45,2.42,0,0
2.44,2.38,0,0
2.43,2.35,0,0
2.41,2.35,0,0
2.4,2.36,0,0
2.41,2.34,0,0
2.42,2.35,0,0
2.42,2.35,0,0
2.42,2.35,0,0
2.41,2.34,0,0
2.42,2.34,0,0
2.42,2.35,0,0
2.42,2.35,0,0
2.39,2.35,0,0
2.42,2.35,0,0
2.43,2.35,0,0
2.44,2.35,0,0
2.44,2.34,0,0
2.41,2.35,0,0
2.42,2.36,0,0
2.42,2.35,0,0
2.4,2.36,0,0
2.43,2.36,0,0
2.44,2.36,0,0
2.44,2.37,0,0
2.43,2.36,0,0
2.45,2.37,0,0
2.44,2.37,0,0
2.44,2.38,0,0
2.44,2.39,0,0
2.43,2.38,0,0
2.43,2.38,0,0
2.45,2.39,0,0
2.45,2.38,0,0
2.45,2.39,0,0
2.45,2.4,0,0
2.45,2.4,0,0
2.45,2.4,0,0
2.44,2.39,0,0
2.47,2.43,0,0
2.47,2.45,0,0
2.49,2.46,0,0
2.74,2.48,0,0
2.54,2.48,0,0
2.46,2.48,0,0
2.48,2.47,0,0
2.48,2.46,0,0
2.48,2.48,0,0
2.48,2.48,0,0
2.49,2.48,0,0
2.5,2.49,0,0
2.49,2.48,0,0
2.5,2.48,0,0
2.49,2.48,0,0
2.51,2.49,0,0
2.51,2.5,0,0
2.51,2.49,0,0
2.52,2.5,0,0
2.53,2.5,0,0
2.54,2.5,0,0
2.55,2.51,0,0
2.55,2.51,0,0
2.56,2.5,0,0
2.56,2.49,0,0
2.55,2.48,0,0
2.56,2.48,0,0
2.57,2.49,0,0
2.58,2.49,0,0
2.57,2.49,0,0
2.58,2.5,0,0
2.59,2.51,0,0
2.6,2.51,0,0
2.6,2.51,0,0
2.6,2.52,0,0
2.6,2.53,0,0
2.61,2.54,0,0
2.61,2.55,0,0
2.62,2.56,0,0
2.61,2.57,0,0
2.62,2.6,0,0
2.66,2.6,0,0
,,4,4
,,4,4
,,4,4
,,4,4
,,4,4
,,4,4
,,4,4
,,4,4
,,4,4
,,4,4
,,4,4
,,4,4
,,4,4
,,4,4
,,4,4
,,4,4
,,4,4
,,4,4
,,4,4
,,4,4
,,4,4
,,4,4
,,4,4
,,4,4
2.79,2.93,0,0
,,4,4
,,4,4
,,4,4
,,4,4
,,4,4
2.82,2.93,0,0
2.84,2.94,0,0
2.87,2.95,0,0
2.87,2.95,0,0
2.88,2.95,0,0
2.89,2.95,0,0
2.9,2.94,0,0
2.89,2.93,0,0
2.88,2.92,0,0
2.86,2.9,0,0
2.85,2.89,0,0
2.84,2.87,0,0
2.81,2.85,0,0
2.81,2.83,0,0
2.8,2.82,0,0
2.78,2.81,0,0
2.78,2.8,0,0
2.77,2.78,0,0
2.76,2.76,0,0
2.75,2.75,0,0
2.73,2.74,0,0
2.73,2.73,0,0
2.71,2.71,0,0
2.7,2.69,0,0
2.69,2.68,0,0
2.67,2.67,0,0
2.66,2.65,0,0
2.64,2.64,0,0
2.63,2.63,0,0
2.61,2.61,0,0
2.6,2.6,0,0
2.6,2.59,0,0
2.58,2.58,0,0
2.57,2.56,0,0
2.56,2.55,0,0
2.56,2.54,0,0
2.54,2.53,0,0
2.54,2.53,0,0
2.52,2.5,0,0
2.5,2.45,0,0
2.48,2.42,0,0
2.48,2.41,0,0
2.47,2.4,0,0
2.46,2.39,0,0
2.45,2.38,0,0
2.44,2.37,0,0
2.45,2.38,0,0
2.45,2.37,0,0
2.45,2.37,0,0
2.45,2.36,0,0
2.44,2.36,0,0
2.45,2.36,0,0
2.43,2.36,0,0
2.45,2.37,0,0
2.45,2.36,0,0
2.43,2.37,0,0
2.44,2.36,0,0
2.44,2.36,0,0
2.44,2.37,0,0
2.45,2.36,0,0
2.44,2.37,0,0
2.44,2.38,0,0
2.43,2.4,0,0
2.45,2.4,0,0
2.46,2.42,0,0
2.47,2.42,0,0
2.48,2.43,0,0
2.49,2.44,0,0
2.47,2.46,0,0
2.49,2.47,0,0
2.49,2.47,0,0
2.51,2.48,0,0
2.5,2.48,0,0
2.48,2.5,0,0
2.41,2.51,0,0
2.48,2.51,0,0
2.47,2.52,0,0
2.48,2.52,0,0
2.48,2.53,0,0
2.45,2.54,0,0
2.49,2.53,0,0
2.49,2.54,0,0
2.47,2.53,0,0
2.53,2.53,0,0
2.5,2.53,0,0
2.53,2.52,0,0
2.52,2.51,0,0
2.48,2.51,0,0
2.39,2.42,0,0
,,4,4
,,4,4
,,4,4
,,4,4
,,4,4
,,4,4
,,4,4
,,4,4
,,4,4
,,4,4
,,4,4
,,4,4
,,4,4
,,4,4
,,4,4
,,4,4
,,4,4
,,4,4
,,4,4
,,4,4
,,4,4
,,4,4
,,4,4
,,4,4
,,4,4
,,4,4
,,4,4
,,4,4
,,4,4
,,4,4
,,4,4
,,4,4
,,4,4
,,4,4
,,4,4
,,4,4
,,4,4
,,4,4
,,4,4
,,4,4
,,4,4
,,4,4
,,4,4
,,4,4
,,4,4
,,4,4
,,4,4
,,4,4
,,4,4
2.53,,0,4
,,4,4
,,4,4
,,4,4
,,4,4
,,4,4
,,4,4
,,4,4
,,4,4
,,4,4
2.54,2.49,0,0
2.55,2.5,0,0
2.54,2.5,0,0
2.54,2.5,0,0
2.53,2.51,0,0
2.51,2.51,0,0
2.5,2.51,0,0
2.48,2.5,0,0
2.47,2.48,0,0
2.47,2.46,0,0
2.44,2.46,0,0
2.44,2.45,0,0
2.41,2.43,0,0
2.41,2.42,0,0
2.4,2.41,0,0
2.39,2.4,0,0
2.36,2.38,0,0
2.37,2.37,0,0
2.36,2.36,0,0
2.34,2.34,0,0
2.34,2.34,0,0
2.31,2.32,0,0
2.31,2.3,0,0
2.29,2.3,0,0
2.3,2.29,0,0
2.29,2.29,0,0
2.25,2.28,0,0
2.27,2.27,0,0
2.25,2.25,0,0
2.24,2.23,0,0
2.23,2.21,0,0
2.22,2.17,0,0
2.16,2.14,0,0
2.18,2.12,0,0
2.15,2.13,0,0
2.13,2.13,0,0
2.08,2.1,0,0
2.1,2.06,0,0
2.11,2.1,0,0
2.08,2.06,0,0
2.1,2.05,0,0
2.07,2.09,0,0
2.12,2.04,0,0
2.06,2.05,0,0
2.09,2.08,0,0
2.08,2.05,0,0
2.04,1.99,0,0
2.09,1.99,0,0
2.07,1.97,0,0
2.05,2,0,0
2.09,2.01,0,0
2.09,2.02,0,0
2.08,2,0,0
2.08,2.04,0,0
2.1,2.03,0,0
2.14,1.95,0,0
2.1,1.98,0,0
2.14,1.98,0,0
2.13,1.97,0,0
2.13,2.01,0,0
2.16,2.01,0,0
2.15,2.01,0,0
2.14,2.03,0,0
2.18,2.05,0,0
2.18,2.04,0,0
2.21,2.07,0,0
1.87,2.1,0,0
1.96,2.2,0,0
2.05,2.01,0,0
2.08,2.05,0,0
,2.03,4,0
,2.05,4,0
,2.07,4,0
2.35,2.09,0,0
,2.1,4,0
,,4,4
,,4,4
,,4,4
,,4,4
,,4,4
,,4,4
,,4,4
,,4,4
,,4,4
,,4,4
,,4,4
,,4,4
,,4,4
,,4,4
,,4,4
,,4,4
,,4,4
,,4,4
,,4,4
,,4,4
,,4,4
,,4,4
,,4,4
,,4,4
,,4,4
,2.46,4,0
,,4,4
,,4,4
,,4,4
,,4,4
,,4,4
,2.5,4,0
2.79,2.51,0,0
2.35,2.5,0,0
2.45,2.52,0,0
2.55,2.54,0,0
2.6,2.55,0,0
2.62,2.56,0,0
2.62,2.57,0,0
2.63,2.58,0,0
2.62,2.59,0,0
2.62,2.59,0,0
2.61,2.58,0,0
2.61,2.58,0,0
2.63,2.6,0,0
2.63,2.58,0,0
2.62,2.59,0,0
2.61,2.58,0,0
2.59,2.57,0,0
2.58,2.55,0,0
2.56,2.54,0,0
2.55,2.53,0,0
2.54,2.52,0,0
2.52,2.52,0,0
2.51,2.5,0,0
2.52,2.49,0,0
2.51,2.48,0,0
2.5,2.47,0,0
2.48,2.46,0,0
2.47,2.44,0,0
2.47,2.43,0,0
2.45,2.42,0,0
2.44,2.41,0,0
2.44,2.4,0,0
2.43,2.39,0,0
2.43,2.38,0,0
2.43,2.37,0,0
2.43,2.37,0,0
2.43,2.37,0,0
2.43,2.38,0,0
2.44,2.38,0,0
2.44,2.38,0,0
2.44,2.39,0,0
2.45,2.38,0,0
2.45,2.39,0,0
2.46,2.39,0,0
2.46,2.4,0,0
2.47,2.4,0,0
2.48,2.42,0,0
2.48,2.43,0,0
2.49,2.44,0,0
2.49,2.44,0,0
2.5,2.44,0,0
2.51,2.46,0,0
2.51,2.46,0,0
2.51,2.47,0,0
2.52,2.47,0,0
2.53,2.48,0,0
2.53,2.49,0,0
2.53,2.49,0,0
