left,right
2.931431060613778,2.970977352341771
2.931431060613778,2.970977352341771
2.931431060613778,2.970977352341771
2.931431060613778,2.96
2.58,2.94
2.8049999999999997,2.966666666666667
2.9433333333333334,2.96
3.0275,2.9739999999999998
3.066,2.9933333333333336
3.1016666666666666,3.008571428571429
3.1057142857142854,3.0200000000000005
3.1137499999999996,3.0322222222222224
3.1244444444444444,3.0390000000000006
3.1319999999999997,3.041818181818182
3.137272727272727,3.0408333333333335
3.1341666666666668,3.04
3.133076923076923,3.0357142857142856
3.1314285714285712,3.0319999999999996
3.1279999999999997,3.0262499999999997
3.119375,3.0199999999999996
3.1080392156862744,3.013333333333333
3.0944444444444446,3.006315789473684
3.0789473684210527,2.9989999999999997
3.0705,2.991428571428571
3.0622222222222217,2.984090909090909
3.054090909090909,2.9765217391304346
3.0460869565217394,2.96875
3.0383333333333336,2.9612
3.0307999999999997,2.953461538461539
3.0234615384615386,2.9455555555555555
3.0155555555555558,2.9382142857142854
3.0021428571428572,2.932413793103448
2.993103448275862,2.9259999999999997
2.9806666666666666,2.9199999999999995
2.972258064516129,2.9140624999999996
2.9553125000000002,2.9078787878787873
2.9290909090909096,2.902058823529411
2.9111764705882353,2.8962857142857135
2.900857142857143,2.8908333333333327
2.8719444444444444,2.8835135135135133
2.851621621621622,2.877894736842105
2.8392105263157896,2.872051282051282
2.8341025641025643,2.86625
2.82775,2.861463414634146
2.823170731707317,2.8564285714285713
2.814047619047619,2.8511627906976744
2.81,2.846363636363636
2.8063636363636366,2.8417777777777777
2.8024444444444443,2.837608695652174
2.7982608695652176,2.833617021276596
2.7948936170212764,2.83
2.791666666666666,2.826326530612245
2.788775510204081,2.8232
2.7853999999999997,2.8173999999999997
2.7867999999999995,2.8127999999999997
2.7773999999999996,2.8059999999999996
2.7665999999999995,2.8011999999999997
2.7539999999999996,2.793999999999999
2.7468,2.785799999999999
2.7342,2.7779999999999996
2.7242,2.7702
2.7148000000000003,2.762
2.7045999999999997,2.755
2.6928,2.7486
2.6834000000000002,2.7430000000000003
2.6766,2.7378000000000005
2.6638,2.7338000000000005
2.6565999999999996,2.729800000000001
2.6531999999999996,2.7272000000000007
2.6519999999999992,2.725000000000001
2.652266666666666,2.7234000000000007
2.653599999999999,2.7224000000000013
2.655799999999999,2.722200000000001
2.6567999999999987,2.7228000000000008
2.6592666666666656,2.7238000000000007
2.662199999999999,2.7254
2.665799999999999,2.7278000000000002
2.669999999999999,2.7306
2.673999999999999,2.7340000000000004
2.6775999999999995,2.7382
2.6837999999999993,2.7438
2.6926,2.7494
2.699,2.7556
2.7072,2.7615999999999996
2.7144,2.7680000000000002
2.7274000000000003,2.7748000000000004
2.7474000000000003,2.7818
2.763,2.789
2.7742,2.7964
2.7994,2.8056000000000005
2.8194,2.814000000000001
2.8272000000000004,2.822800000000001
2.8296000000000006,2.830800000000001
2.832941935483871,2.8383428571428584
2.834825806451613,2.846428571428573
2.840451612903226,2.8550571428571443
2.8418193548387105,2.863628571428573
2.842729032258065,2.8723428571428595
2.843780645161291,2.881000000000002
2.844974193548387,2.889800000000002
2.845309677419355,2.8985428571428593
2.8453870967741945,2.9076285714285732
2.8450064516129037,2.916457142857145
2.8449677419354846,2.9254285714285744
2.844070967741936,2.93414285714286
2.8447161290322582,2.9432000000000027
2.842703225806452,2.9520000000000026
2.841032258064516,2.96154285714286
2.8349032258064515,2.9710285714285742
2.832716129032258,2.980057142857145
2.8306709677419355,2.9892285714285736
2.826967741935484,2.9983428571428594
2.8230064516129034,3.0070000000000023
2.8205870967741937,3.0158000000000023
2.815709677419355,3.0247428571428596
2.809774193548387,3.033428571428573
2.8091806451612906,3.0420571428571446
2.802929032258065,3.0508285714285734
2.79321935483871,3.059142857142859
2.782851612903226,3.0676000000000014
2.7720258064516132,3.076000000000002
2.761141935483871,3.084342857142859
2.7504000000000004,3.092428571428573
2.7384000000000004,3.1002571428571444
2.724941935483871,3.108028571428573
2.7110258064516133,3.115742857142859
2.6964516129032257,3.1232000000000024
2.6812193548387095,3.1306000000000025
2.666129032258064,3.137942857142859
2.65138064516129,3.145028571428574
2.6343741935483864,3.150857142857145
2.617909677419354,3.1562285714285734
2.6015870967741925,3.161742857142859
2.585606451612902,3.167600000000002
2.5683677419354827,3.173400000000002
2.5508709677419343,3.179342857142859
2.532916129032257,3.1852285714285733
2.514503225806451,3.191257142857145
2.4956322580645156,3.1972285714285738
2.476303225806451,3.203142857142859
2.4567161290322574,3.209000000000002
2.443870967741935,3.2150000000000016
2.430967741935483,3.2221428571428588
2.4180645161290313,3.2292857142857163
2.40516129032258,3.236428571428573
2.3922580645161284,3.24357142857143
2.379354838709677,3.250714285714287
2.366451612903225,3.257857142857144
2.3535483870967733,3.265000000000001
2.340645161290322,3.2721428571428586
2.32774193548387,3.279285714285715
2.3148387096774186,3.2864285714285724
2.301935483870967,3.2935714285714295
2.2890322580645153,3.300714285714286
2.2761290322580634,3.3078571428571433
2.2698838709677407,3.3150000000000004
2.2918967741935474,3.3212000000000006
2.305967741935483,3.3280571428571437
2.3262967741935476,3.3351714285714293
2.3416838709677408,3.342142857142858
2.3607290322580634,3.3491714285714296
2.380832258064515,3.355457142857144
2.401993548387096,3.361800000000001
2.4232129032258056,3.368000000000001
2.4456903225806443,3.373857142857144
2.468225806451612,3.3791714285714303
2.4906193548387083,3.3841428571428587
2.512670967741934,3.38857142857143
2.534180645161289,3.3922571428571446
2.555148387096773,3.395000000000002
2.5755741935483853,3.3968000000000016
2.595258064516128,3.397457142857145
2.6141999999999985,3.397171428571431
2.6323999999999983,3.3959428571428587
2.6502580645161276,3.3937714285714304
2.6675741935483854,3.390657142857145
2.6845483870967723,3.386800000000002
2.7011806451612883,3.382200000000002
2.7174709677419338,3.376857142857145
2.733619354838708,3.3707714285714303
2.7494258064516113,3.363942857142859
2.7650903225806434,3.35657142857143
2.7804129032258045,3.348457142857144
2.795593548387095,3.339600000000001
2.810632258064514,3.330200000000001
2.8255290322580624,3.3202571428571432
2.84028387096774,3.3097714285714295
2.8548967741935463,3.2991428571428583
2.8685677419354816,3.2883714285714296
2.8778967741935464,3.276657142857144
2.89088387096774,3.264600000000001
2.9017290322580624,3.2522000000000015
2.9120322580645137,3.239257142857144
2.9199935483870947,3.2259714285714303
2.933212903225804,3.212142857142859
2.9470903225806433,3.1979714285714307
2.959025806451611,3.1832571428571446
2.9736193548387075,3.1688000000000023
2.993070967741933,3.154400000000002
3.007580645161288,3.139457142857145
3.011348387096772,3.124171428571431
3.0325741935483848,3.106142857142859
3.0496580645161266,3.0891714285714307
3.0625999999999975,3.0722571428571452
3.0762999999999976,3.054600000000002
3.0840999999999976,3.034600000000002
3.0643999999999973,3.0158846153846177
3.053399999999997,2.9968538461538485
3.036899999999997,2.9779076923076953
3.0260999999999973,2.959446153846157
3.0123999999999973,2.941269230769234
2.998399999999997,2.924176923076926
2.9840999999999966,2.907369230769234
2.970499999999997,2.8910461538461574
2.956399999999997,2.8754076923076957
2.9429999999999965,2.8606538461538498
2.9304999999999968,2.846584615384619
2.9190999999999967,2.8334000000000037
2.908999999999997,2.821300000000004
2.900199999999997,2.8104846153846195
2.892699999999997,2.80095384615385
2.8866999999999967,2.792907692307696
2.882199999999997,2.7861461538461576
2.879199999999997,2.780669230769235
2.877299999999997,2.7764769230769275
2.876699999999997,2.773569230769235
2.8771999999999966,2.7717461538461583
2.878799999999997,2.771007692307697
2.881499999999997,2.771353846153851
2.885099999999997,2.7727846153846203
2.8897999999999966,2.775300000000005
2.895399999999997,2.778700000000005
2.9016666666666633,2.782766666666672
2.9083999999999963,2.787500000000006
2.9155999999999964,2.7927000000000053
2.9232666666666636,2.798366666666672
2.931399999999997,2.804500000000005
2.9399999999999973,2.8107000000000046
2.9495999999999976,2.8173000000000044
2.9641999999999973,2.8251000000000044
2.9753999999999974,2.8333000000000044
2.9889999999999977,2.841900000000004
3.0033999999999974,2.8509000000000038
3.019999999999998,2.8595000000000033
3.0307999999999975,2.868500000000003
3.0407999999999977,2.8771000000000027
3.0525999999999978,2.8857000000000026
3.061599999999997,2.8935000000000026
3.0657999999999976,2.9009000000000027
3.0747999999999975,2.9083000000000028
3.0945999999999976,2.915700000000003
3.0965999999999974,2.925500000000003
3.102999999999997,2.9339000000000026
3.1135999999999973,2.9419000000000026
3.123499999999997,2.950500000000003
3.132699999999997,2.961100000000003
3.1411999999999973,2.9712153846153875
3.1491999999999973,2.9806461538461564
3.156699999999997,2.98959230769231
3.163299999999997,2.9978538461538484
3.1691999999999974,3.0054307692307716
3.1745999999999976,3.0125230769230793
3.1796999999999973,3.019330769230771
3.1840999999999973,3.0252538461538476
3.1871999999999976,3.030292307692309
3.1899999999999977,3.0346461538461553
3.191299999999998,3.038715384615386
3.1932999999999976,3.041900000000001
3.1941999999999973,3.044600000000001
3.1945999999999968,3.0466153846153854
3.1934999999999976,3.048146153846155
3.1926999999999977,3.0493923076923086
3.191799999999998,3.050153846153847
3.1895999999999973,3.0508307692307697
3.1876999999999978,3.0506230769230775
3.185299999999998,3.05033076923077
3.1813999999999982,3.049553846153847
3.1755999999999984,3.0482923076923085
3.171499999999998,3.0465461538461547
3.166699999999998,3.0445153846153854
3.158599999999998,3.0428
3.145999999999998,3.0404
3.1327333333333316,3.038133333333333
3.125199999999998,3.0362
3.1135999999999977,3.0340000000000003
3.107133333333331,3.032133333333334
3.1017999999999972,3.0302000000000002
3.093799999999997,3.028400000000001
3.087599999999997,3.026200000000001
3.077999999999997,3.023800000000001
3.0713999999999975,3.021600000000001
3.0645999999999973,3.0190000000000015
3.0573999999999977,3.0164000000000017
3.052399999999998,3.014600000000002
3.046599999999998,3.0130000000000026
3.0425999999999975,3.0120000000000027
3.039399999999998,3.0114000000000027
3.036199999999998,3.0110000000000032
3.033999999999998,3.0108000000000033
3.033199999999998,3.0112000000000037
3.032799999999998,3.0118000000000036
3.033199999999998,3.0126000000000035
3.033799999999998,3.0138000000000034
3.034799999999998,3.0154000000000036
3.0361999999999982,3.017000000000004
3.038199999999998,3.0190000000000037
3.040599999999998,3.0212000000000034
3.0431999999999984,3.023800000000003
3.038999999999998,3.0266000000000037
3.035570370370369,3.0292000000000034
3.0327111111111096,3.032107692307696
3.030222222222221,3.03512307692308
3.027903703703702,3.038046153846157
3.026155555555554,3.0414769230769263
3.025577777777776,3.0454153846153877
3.0251703703703687,3.0496615384615415
3.026133333333332,3.0538153846153877
3.026266666666665,3.058476923076926
3.027370370370369,3.063246153846157
3.028844444444443,3.0683230769230803
3.0316888888888873,3.073507692307695
3.0341037037037015,3.078600000000003
3.036488888888887,3.0838000000000028
3.040044444444442,3.088707692307695
3.043170370370368,3.09412307692308
3.046666666666664,3.0992461538461566
3.0515333333333308,3.104476923076926
3.0581703703703678,3.1098153846153873
3.062977777777775,3.115261538461541
3.068355555555553,3.120615384615387
3.0769037037037013,3.125276923076926
3.08982222222222,3.1302461538461563
3.103711111111109,3.1351230769230796
3.1121703703703685,3.139707692307695
3.1249999999999982,3.1446000000000027
3.1329999999999982,3.149200000000003
3.1397999999999984,3.15386666666667
3.1491999999999987,3.158400000000003
3.1569999999999983,3.163000000000003
3.167799999999998,3.1674666666666695
3.1755999999999975,3.1716000000000024
3.183599999999998,3.1760000000000024
3.1919999999999975,3.1804000000000023
3.1985999999999972,3.184600000000002
3.206799999999997,3.188600000000002
3.2133999999999974,3.1926000000000014
3.219399999999997,3.1966000000000014
3.225799999999997,3.200600000000001
3.2313999999999963,3.204600000000001
3.2357999999999962,3.208200000000001
3.2397999999999967,3.211800000000001
3.2433999999999967,3.215000000000001
3.246399999999997,3.2178000000000013
3.2491999999999974,3.220200000000001
3.2515999999999976,3.2226000000000004
3.2533999999999974,3.2244000000000006
3.2547999999999973,3.2258000000000004
3.2559999999999976,3.2270000000000003
3.2639999999999976,3.2278000000000002
3.271629629629627,3.2290000000000005
3.2788888888888863,3.229892307692308
3.285777777777775,3.2306769230769237
3.2920962962962936,3.231353846153847
3.2980444444444417,3.231923076923078
3.30362222222222,3.2321846153846163
3.308829629629628,3.2323384615384625
3.3134666666666646,3.232384615384616
3.3175333333333317,3.232323076923077
3.3214296296296277,3.232153846153846
3.3247555555555537,3.2318769230769226
3.3275111111111095,3.231492307692307
3.3298962962962952,3.230999999999999
3.33171111111111,3.230199999999999
3.3329555555555546,3.229292307692307
3.333829629629628,3.228076923076922
3.3341333333333325,3.226753846153845
3.3338666666666654,3.2251230769230754
3.333229629629628,3.223184615384614
3.332022222222221,3.22113846153846
3.330444444444443,3.2187846153846142
3.328496296296295,3.2163230769230755
3.3261777777777763,3.2135538461538453
3.3232888888888876,3.2104769230769223
3.3200296296296283,3.2072923076923066
3.316399999999999,3.203999999999999
3.312399999999999,3.2005999999999983
3.308599999999999,3.1969333333333316
3.304999999999999,3.1933999999999982
3.301399999999999,3.189599999999998
3.2975999999999988,3.1857333333333315
3.294199999999999,3.181799999999998
3.290799999999999,3.1777999999999986
3.2873999999999994,3.173599999999999
3.284,3.1693999999999996
3.2806,3.1652
3.2776,3.161
3.2748000000000004,3.1566
3.2720000000000002,3.1526000000000005
3.2692000000000005,3.1484000000000005
3.266800000000001,3.1446000000000005
3.2646,3.1406
3.2626,3.137
3.2609999999999997,3.1338
3.2593999999999994,3.1308000000000002
3.257999999999999,3.127800000000001
3.256799999999999,3.125400000000001
3.255799999999999,3.123200000000001
3.2547999999999986,3.1212000000000013
3.2537999999999982,3.119400000000001
3.252799999999998,3.1176000000000013
3.2511999999999976,3.116000000000001
3.2501999999999978,3.114600000000001
3.2495999999999974,3.112600000000001
3.2489999999999974,3.111200000000001
3.247399999999997,3.1102000000000016
3.246999999999997,3.1096000000000017
3.2467999999999972,3.1090000000000013
3.2467999999999972,3.108600000000002
3.2467999999999972,3.1082000000000023
3.246999999999997,3.107800000000003
3.2471999999999968,3.107400000000003
3.2475999999999967,3.1070000000000033
3.2479999999999967,3.1068000000000033
3.2485999999999966,3.1064000000000034
3.248999999999997,3.106000000000003
3.2493999999999965,3.105400000000003
3.249799999999997,3.1048000000000036
3.250199999999997,3.1040000000000036
3.250799999999997,3.1034000000000037
3.251199999999997,3.102600000000004
3.2515999999999976,3.1016000000000035
3.2515999999999976,3.1006000000000036
3.2521999999999975,3.100000000000003
3.2527999999999975,3.0992000000000037
3.2533999999999974,3.098200000000004
3.253799999999997,3.097000000000004
3.2535999999999974,3.0960000000000036
3.2535999999999974,3.0948000000000038
3.2535999999999974,3.094000000000004
3.253799999999997,3.093200000000004
3.253399999999997,3.092400000000004
3.2529999999999966,3.091600000000004
3.2523999999999966,3.0908000000000038
3.2515999999999963,3.0900000000000034
3.250799999999996,3.089200000000003
3.249999999999996,3.0882000000000027
3.2489999999999957,3.087800000000003
3.247999999999996,3.087600000000003
3.2459999999999956,3.0872000000000033
3.215199999999996,3.086600000000003
3.1848615384615346,3.08632307692308
3.154984615384612,3.086169230769234
3.1255692307692273,3.085938461538465
3.096615384615381,3.085830769230772
3.0681230769230736,3.0858461538461563
3.0400923076923045,3.085784615384618
3.012523076923074,3.0858461538461563
2.985415384615382,3.0858307692307716
2.9587692307692284,3.085938461538464
2.932584615384613,3.0861692307692334
2.9074615384615363,3.0865230769230796
2.882199999999998,3.0868000000000024
2.857199999999998,3.087800000000002
2.832661538461536,3.0883230769230785
2.8095846153846127,3.0887692307692323
2.785769230769228,3.088938461538463
2.762415384615382,3.0892307692307712
2.7395230769230743,3.089446153846156
2.7168923076923055,3.0897846153846174
2.694723076923075,3.090246153846156
2.6732153846153826,3.090830769230771
2.651969230769229,3.091538461538463
2.631384615384613,3.0923692307692323
2.6112615384615365,3.093523076923079
2.591799999999998,3.0950000000000015
2.5729999999999977,3.0968000000000018
2.5551666666666644,3.0988000000000016
2.538099999999998,3.1012000000000017
2.5217999999999976,3.103400000000002
2.5064666666666646,3.106000000000002
2.491899999999998,3.1088000000000022
2.478499999999998,3.1118000000000023
2.4700999999999977,3.115200000000003
2.462099999999998,3.1178000000000026
2.4488999999999983,3.1202000000000023
2.431899999999998,3.1230000000000024
2.416499999999998,3.123800000000003
2.394299999999998,3.1258000000000026
2.3726483870967723,3.127480000000003
2.3515451612903204,3.129040000000002
2.331190322580643,3.130480000000002
2.31138387096774,3.1318000000000024
2.2923258064516108,3.1332000000000026
2.274016129032256,3.134480000000003
2.2562548387096752,3.1356400000000035
2.238841935483869,3.1368800000000037
2.2221774193548365,3.137600000000004
2.2060612903225785,3.1378000000000044
2.1914935483870943,3.1382800000000044
2.2060741935483845,3.138640000000004
2.2207416873449106,3.1387569230769277
2.2354960297766726,3.138630769230774
2.25033722084367,3.1382615384615433
2.2652652605459034,3.137649230769236
2.2802801488833726,3.136793846153852
2.2953818858560773,3.1356953846153903
2.310570471464018,3.134353846153852
2.325845905707194,3.132769230769237
2.3412081885856058,3.1310797202797267
2.3566573200992535,3.1292853146853212
2.372193300248137,3.127386013986021
2.387816129032256,3.1253818181818254
2.403525806451611,3.1232727272727345
2.4193223325062014,3.1210587412587483
2.435205707196028,3.118739860139867
2.45117593052109,3.1163160839160913
2.4672330024813878,3.1137874125874196
2.4833769230769214,3.111153846153853
2.4996076923076904,3.108415384615392
2.513376923076921,3.105153846153853
2.5268846153846134,3.101969230769238
2.5379307692307673,3.098061538461546
2.550115384615383,3.093230769230776
2.5618384615384597,3.08787692307693
2.569499999999999,3.0820000000000074
2.5782999999999987,3.0752000000000073
2.5825333333333322,3.0680000000000067
2.5891999999999986,3.060400000000007
2.593299999999998,3.052400000000007
2.5968333333333318,3.0440000000000067
2.5999999999999983,3.035200000000007
2.5973999999999977,3.0268000000000064
2.5900499999999975,3.017600000000006
2.582949999999998,3.0070000000000063
2.581699999999998,2.9956000000000063
2.5850999999999984,2.9838000000000062
2.584699999999998,2.973400000000006
2.589899999999998,2.9622000000000064
2.5967516129032235,2.9499200000000063
2.605254838709675,2.9387600000000065
2.6068096774193528,2.9275200000000066
2.608216129032256,2.916200000000006
2.6122741935483855,2.904600000000006
2.6203838709677405,2.893920000000006
2.6257451612903213,2.8831600000000055
2.6283580645161275,2.872720000000005
2.63222258064516,2.862200000000005
2.634338709677418,2.8522000000000047
2.6421064516129014,2.842520000000005
2.644325806451611,2.8331600000000043
2.6457967741935473,2.8239200000000038
2.6505193548387087,2.814600000000004
2.6535935483870956,2.8058000000000036
2.6550193548387084,2.7973200000000036
2.6566967741935468,2.7885600000000035
2.6578258064516107,2.7797200000000033
2.6546064516129007,2.771600000000003
2.655238709677417,2.763400000000003
2.6583225806451587,2.7557818181818208
2.659858064516127,2.748545454545457
2.6598451612903204,2.741290909090911
2.6586838709677396,2.734218181818184
2.659974193548385,2.7275272727272744
2.6527161290322554,2.720418181818183
2.6499096774193522,2.7136909090909103
2.650754838709675,2.7073454545454556
2.648451612903224,2.7011818181818192
2.648399999999998,2.6946000000000008
2.647199999999998,2.688400000000001
2.646399999999998,2.6828000000000007
2.6475999999999984,2.6770000000000005
2.645599999999998,2.6718
2.645199999999998,2.6672000000000002
2.6469999999999976,2.664
2.6521999999999974,2.6616000000000004
2.6557999999999975,2.6606
2.6623999999999977,2.6606
2.6655999999999977,2.6614
2.6705999999999976,2.6628
2.6757999999999975,2.6647999999999996
2.6807999999999974,2.6671999999999993
2.6905999999999977,2.6693999999999996
2.6999499999999976,2.6717999999999993
2.7088499999999978,2.6767999999999996
2.7170999999999976,2.6829999999999994
2.7246999999999972,2.689599999999999
2.7350999999999974,2.6967999999999988
2.7464999999999975,2.703999999999999
2.755699999999997,2.7123999999999984
2.762699999999997,2.7197999999999984
2.7762999999999973,2.727599999999998
2.789099999999997,2.7355999999999976
2.799099999999997,2.744199999999998
2.8042999999999965,2.751999999999998
2.8118999999999965,2.7599999999999985
2.8216999999999968,2.7677999999999985
2.8296999999999968,2.7757999999999985
2.838899999999997,2.7833999999999985
2.841699999999997,2.7907999999999986
2.8498999999999968,2.797999999999999
2.8580999999999968,2.8051999999999992
2.8622999999999963,2.8125999999999993
2.8677999999999964,2.8195999999999994
2.874199999999996,2.826399999999999
2.879999999999997,2.8335999999999997
2.8861999999999965,2.8411999999999993
2.895999999999997,2.8481999999999994
2.901399999999997,2.855399999999999
2.9037999999999973,2.861999999999999
2.907399999999997,2.8681999999999994
2.911799999999997,2.8743999999999996
2.9169999999999963,2.8804
2.9175999999999966,2.8861999999999997
2.9277999999999964,2.8923999999999994
2.9329999999999963,2.898199999999999
2.934199999999996,2.9037999999999995
2.937999999999996,2.9092
2.939199999999996,2.9152
2.9411999999999963,2.9208
2.9441999999999955,2.9263999999999997
2.9455999999999953,2.932
2.952199999999995,2.9378
2.955399999999995,2.9436
2.9567999999999954,2.9484
2.9583999999999957,2.9528
2.960199999999996,2.9566
2.9627999999999957,2.96
2.9653999999999963,2.963
2.9681999999999964,2.9658
2.9705999999999966,2.968400000000001
2.972799999999997,2.9710000000000014
2.9755999999999974,2.973600000000001
2.9783999999999975,2.9762000000000013
2.980999999999997,2.9786000000000015
2.9833999999999974,2.981200000000001
2.986199999999997,2.9836000000000014
2.9889999999999977,2.986200000000002
2.9919999999999978,2.988400000000002
2.994799999999998,2.990800000000002
2.9979999999999984,2.993400000000002
3.000799999999998,2.9960000000000027
3.0039999999999982,2.998600000000003
3.007399999999998,3.001200000000003
3.010999999999998,3.0038000000000027
3.0143999999999975,3.006400000000003
3.017999999999997,3.0090000000000026
3.021799999999997,3.0118000000000023
3.025599999999997,3.014600000000002
3.029399999999997,3.0174000000000016
3.0329999999999973,3.0202000000000013
3.0377999999999967,3.022400000000001
3.0429999999999975,3.0250000000000012
3.048199999999997,3.027000000000001
3.0523999999999973,3.0296000000000007
3.056999999999997,3.032000000000001
3.060799999999997,3.034200000000001
3.063999999999997,3.0360000000000014
3.068399999999997,3.0378000000000016
3.072199999999997,3.039400000000002
3.0761999999999974,3.0408000000000017
3.079599999999997,3.0426000000000015
3.083399999999997,3.0444000000000018
3.0879999999999965,3.0456000000000016
3.091399999999997,3.046600000000002
3.094599999999997,3.0476000000000023
3.0967999999999964,3.0482000000000022
3.0991999999999966,3.048800000000002
3.101399999999997,3.049400000000002
3.102999999999997,3.0500000000000025
3.104399999999998,3.0502000000000025
3.1055999999999977,3.050000000000003
3.1061999999999976,3.050000000000003
3.108199999999998,3.050400000000003
3.1077999999999975,3.0506000000000033
3.1083999999999974,3.0512000000000032
3.1079999999999974,3.0518000000000036
3.107599999999997,3.0518000000000036
3.106399999999997,3.0526000000000035
3.106199999999997,3.053400000000003
3.106199999999997,3.0540000000000034
3.105799999999997,3.054200000000003
3.104599999999997,3.054400000000003
3.102599999999997,3.0546000000000024
3.099999999999997,3.0546000000000024
3.0983999999999967,3.0546000000000024
3.098199999999997,3.0546000000000024
3.097399999999997,3.0542000000000025
3.095799999999997,3.0530000000000026
3.0947999999999967,3.0522000000000027
3.0937999999999963,3.0510000000000024
3.0925999999999965,3.0498000000000025
3.0909999999999966,3.048400000000002
3.088999999999997,3.047200000000002
3.087199999999997,3.0456000000000016
3.0855999999999972,3.0440000000000014
3.083799999999998,3.0422000000000016
3.076199999999998,3.040000000000002
3.0739999999999976,3.0376000000000016
3.0701999999999976,3.034800000000002
3.0673999999999975,3.031800000000002
3.063799999999998,3.0292000000000017
3.0595999999999974,3.026000000000002
3.0551999999999975,3.023400000000002
3.0489999999999977,3.019800000000002
3.0433999999999974,3.0164000000000017
3.039199999999998,3.0124000000000013
3.035199999999998,3.0086000000000013
3.028799999999998,3.0050000000000012
3.0215999999999985,3.001400000000001
3.0135999999999985,2.9978000000000016
3.0075999999999987,2.9938000000000016
3.000599999999999,2.9900000000000015
2.995999999999999,2.986400000000002
2.9851999999999994,2.9832000000000023
2.9789999999999996,2.980200000000002
2.9751999999999996,2.9776000000000016
2.9719999999999995,2.9754000000000014
2.9675999999999987,2.973000000000001
2.964999999999999,2.9710000000000014
2.9621999999999984,2.969800000000001
2.959044444444443,2.9686000000000012
2.9565333333333323,2.9669538461538476
2.9528666666666656,2.9650615384615393
2.9512444444444434,2.9633230769230776
2.9486666666666657,2.9611384615384626
2.9469333333333325,2.958907692307694
2.9452444444444437,2.9570307692307707
2.9445999999999994,2.9543076923076934
2.942799999999999,2.9515384615384623
2.9408444444444437,2.948923076923078
2.939333333333333,2.946661538461539
2.938266666666666,2.944153846153847
2.9378444444444436,2.9416000000000015
2.9380666666666655,2.9392000000000014
2.937533333333332,2.936553846153848
2.9352444444444434,2.93386153846154
2.9333999999999993,2.9313230769230785
2.9319999999999986,2.929538461538463
2.930244444444443,2.9271076923076937
2.9281333333333324,2.9248307692307707
2.926466666666666,2.9223076923076934
2.925244444444443,2.9199384615384627
2.9238666666666653,2.9171230769230783
2.9223333333333326,2.91466153846154
2.9206444444444433,2.912153846153848
2.9189999999999987,2.909800000000002
2.9229999999999983,2.9076000000000017
2.921766666666665,2.9056000000000015
2.922499999999999,2.9040000000000017
2.9221999999999992,2.9026000000000014
2.9218666666666655,2.9014000000000015
2.9220999999999986,2.900400000000001
2.922499999999999,2.8994000000000013
2.9256999999999986,2.898800000000001
2.927299999999999,2.898800000000001
2.9278999999999993,2.899000000000001
2.928099999999999,2.899000000000001
2.9300999999999986,2.899200000000001
2.9334999999999987,2.8994000000000004
2.9372999999999987,2.8996000000000004
2.9400999999999984,2.9002
2.9430999999999985,2.9
2.9444999999999983,2.8996
2.951499999999998,2.8994
2.9542999999999977,2.8988
2.955299999999998,2.8984000000000005
2.9554999999999985,2.8972
2.956499999999999,2.8958000000000004
2.956499999999999,2.894
2.9572999999999983,2.8904
2.9568555555555536,2.8878000000000004
2.9557666666666647,2.885446153846154
2.952833333333332,2.882938461538462
2.952455555555554,2.8796769230769232
2.949833333333332,2.8768615384615384
2.948566666666665,2.8738923076923077
2.9460555555555543,2.8699692307692306
2.943499999999999,2.8662923076923077
2.939499999999999,2.8628615384615386
2.9340555555555543,2.858876923076923
2.931366666666666,2.8535384615384616
2.933833333333333,2.849446153846154
2.933055555555555,2.8458000000000006
2.930433333333333,2.8420000000000005
2.9293666666666662,2.8386461538461543
2.928055555555555,2.835738461538462
2.924699999999999,2.8320769230769236
2.9204999999999997,2.8292615384615387
2.917255555555555,2.826892307692308
2.915966666666666,2.8237692307692313
2.913233333333332,2.8210923076923082
2.911855555555554,2.818061538461539
2.909033333333332,2.815476923076923
2.9062333333333314,2.813738461538462
2.9034555555555532,2.8116461538461546
2.9006999999999983,2.8098
2.899099999999998,2.8086
2.8973333333333313,2.8072000000000004
2.894399999999998,2.8056000000000005
2.8912999999999975,2.8042000000000007
2.8872333333333313,2.803400000000001
2.883399999999998,2.802600000000001
2.880399999999998,2.801200000000001
2.877999999999998,2.800000000000001
2.8761999999999976,2.7984000000000013
2.8741999999999974,2.7976000000000014
2.872999999999997,2.796800000000002
2.871999999999997,2.796000000000002
2.8705999999999974,2.795400000000002
2.868799999999997,2.7950000000000017
2.864799999999997,2.794200000000002
2.8621999999999974,2.7940000000000014
2.860599999999997,2.7942000000000013
2.855399999999997,2.793800000000001
2.850999999999997,2.7942000000000013
2.8457999999999966,2.7948000000000013
2.8395999999999963,2.796200000000001
2.8340133333333295,2.7974000000000014
2.828239999999996,2.7986896551724154
2.822879999999996,2.8012689655172425
2.8189333333333297,2.8033379310344837
2.815799999999996,2.805296551724139
2.8146799999999956,2.8075448275862085
2.811173333333329,2.8106827586206906
2.8100799999999957,2.8135103448275873
2.807799999999996,2.8166275862068977
2.806933333333329,2.820834482758622
2.8062799999999952,2.8249310344827596
2.8072399999999953,2.8289172413793113
2.809813333333329,2.833593103448277
2.809799999999995,2.8397586206896563
2.804799999999995,2.8448137931034494
2.803213333333328,2.8495586206896566
2.803639999999995,2.854593103448277
2.802679999999995,2.8593172413793115
2.8021333333333285,2.8637310344827602
2.8037999999999954,2.869034482758622
2.806479999999995,2.873627586206898
2.808373333333329,2.877910344827588
2.8084799999999954,2.8830827586206915
2.810199999999996,2.8879448275862085
2.8107333333333293,2.8932965517241396
2.8128799999999963,2.8983379310344843
2.8151733333333295,2.902668965517243
2.8176133333333295,2.907489655172415
2.820199999999996,2.9122000000000012
2.821799999999996,2.9164000000000017
2.823866666666663,2.9208000000000016
2.827399999999997,2.925600000000001
2.8313999999999964,2.930200000000001
2.8358999999999965,2.9342000000000006
2.839699999999996,2.9382000000000006
2.8419999999999965,2.9428
2.843399999999997,2.9470000000000005
2.846599999999997,2.9508000000000005
2.849399999999997,2.9542000000000006
2.8515999999999972,2.9580000000000006
2.852999999999998,2.9610000000000007
2.845599999999998,2.964000000000001
2.8416666666666646,2.966800000000001
2.842799999999998,2.969400000000001
2.8457999999999983,2.9716000000000014
2.8477999999999986,2.973000000000001
2.849599999999999,2.9748000000000014
2.8510666666666653,2.975800000000001
2.8541999999999983,2.975400000000001
2.858999999999998,2.975200000000001
2.8642533333333318,2.975200000000001
2.8699599999999985,2.974710344827587
2.876119999999999,2.974131034482759
2.881666666666666,2.973462068965518
2.887399999999999,2.9731034482758627
2.8929199999999993,2.9722551724137936
2.8982266666666656,2.9713172413793107
2.9033199999999995,2.9704896551724143
2.907999999999999,2.9695724137931037
2.9122666666666657,2.9679655172413795
2.916919999999999,2.967068965517242
2.921359999999999,2.9660827586206904
2.9249866666666655,2.9648068965517247
2.9293999999999993,2.9636413793103453
2.9329999999999994,2.9623862068965523
2.9367866666666664,2.961041379310346
2.9401599999999997,2.9600068965517248
2.9431199999999995,2.9584827586206903
2.9446666666666665,2.956868965517242
2.9471999999999996,2.95536551724138
2.9497199999999997,2.9535724137931045
2.9518266666666664,2.952289655172415
2.9533199999999997,2.950517241379311
2.9551999999999996,2.9490551724137943
2.957266666666667,2.9477034482758633
2.9591200000000004,2.945862068965518
2.960760000000001,2.9441310344827594
2.962586666666667,2.9425103448275873
2.963800000000001,2.941200000000001
2.962000000000001,2.9398000000000013
2.960066666666668,2.9240000000000013
2.9580000000000006,2.9089500000000017
2.955800000000001,2.8948500000000017
2.954233333333334,2.8817000000000017
2.953300000000001,2.869500000000002
2.9532000000000007,2.858250000000002
2.9539333333333335,2.848150000000002
2.9530000000000003,2.8392000000000017
2.9530000000000003,2.8312000000000017
2.954133333333333,2.8241500000000013
2.9555999999999996,2.8184500000000012
2.9665999999999997,2.813700000000001
2.9748666666666663,2.810100000000001
2.9803999999999995,2.807650000000001
2.983199999999999,2.806550000000001
2.9863333333333326,2.807200000000001
2.9937999999999994,2.8086000000000007
3.0009333333333332,2.8111500000000014
3.007733333333333,2.815450000000001
3.0142,2.820100000000002
3.020333333333333,2.8259000000000016
3.0257636363636355,2.832118181818183
3.0304909090909082,2.838354545454547
3.035581818181817,2.8446090909090924
3.040236363636362,2.8504818181818194
3.0448545454545437,2.8567727272727286
3.049436363636362,2.8630818181818194
3.0539818181818164,2.8692090909090924
3.0586909090909074,2.875354545454547
3.063563636363635,2.882118181818183
3.0677999999999988,2.8881000000000006
3.0719999999999987,2.8941000000000003
3.0771999999999986,2.9001000000000006
3.0809999999999986,2.9057000000000004
3.085599999999998,2.9111000000000002
3.0891999999999986,2.9163
3.0927999999999987,2.9207
3.0963999999999983,2.9251
3.1009999999999978,2.9293
3.1039999999999974,2.9331
3.1065999999999976,2.9369
3.1091999999999973,2.9399
3.111799999999997,2.9431
3.1137999999999972,2.9459
3.114999999999997,2.9481
3.115799999999997,2.9505
3.115999999999997,2.9526999999999997
3.116399999999997,2.9543
3.117199999999997,2.9555000000000002
3.120799999999997,2.9567
3.1224666666666634,2.9718999999999998
3.1235999999999966,2.98575
3.1241999999999965,2.99885
3.1254666666666635,3.0107999999999997
3.1263999999999963,3.0216
3.1279999999999966,3.03125
3.128866666666663,3.0403499999999997
3.125799999999997,3.0479
3.124599999999997,3.0550999999999995
3.1250666666666636,3.0617499999999995
3.1249999999999973,3.0666499999999997
3.1249999999999973,3.0709999999999997
3.124666666666664,3.0741999999999994
3.1233999999999975,3.07625
3.1221999999999976,3.07775
3.120466666666664,3.0785
3.1183999999999976,3.0783000000000005
3.1163999999999974,3.07695
3.1138666666666643,3.07425
3.108799999999998,3.0712
3.105799999999998,3.0666
3.1028363636363623,3.062381818181818
3.09990909090909,3.0583454545454547
3.0974181818181807,3.054090909090909
3.0947636363636355,3.0502181818181824
3.092545454545454,3.0463272727272734
3.090363636363636,3.0426181818181823
3.0878181818181814,3.0388909090909095
3.0863090909090904,3.035145454545455
3.0848363636363625,3.0319818181818188
3.083599999999999,3.0288000000000004
3.082399999999999,3.0262000000000007
3.080999999999999,3.0238000000000005
3.0799999999999987,3.0220000000000002
3.078999999999999,3.020400000000001
3.0785999999999984,3.018800000000001
3.078399999999998,3.018000000000001
3.078399999999998,3.017600000000001
3.078599999999998,3.017600000000001
3.079199999999998,3.0178000000000016
3.079999999999998,3.0184000000000015
3.0809999999999973,3.0192000000000014
3.082399999999997,3.0204000000000013
3.0839999999999974,3.021800000000001
3.085999999999997,3.0236000000000005
3.0883999999999974,3.025800000000001
3.0913999999999975,3.0280000000000014
3.0939999999999976,3.030600000000001
3.0965999999999974,3.0334000000000008
3.0991999999999975,3.036000000000001
3.1035999999999975,3.0392000000000006
3.1083999999999974,3.0424000000000007
3.1131999999999973,3.0456000000000008
3.116999999999997,3.049000000000001
3.1211999999999973,3.052600000000001
3.124599999999997,3.056600000000001
3.128399999999997,3.060200000000001
3.1357999999999966,3.064600000000001
3.1411999999999964,3.068200000000001
3.144799999999997,3.071400000000001
3.148399999999997,3.075800000000001
3.1517999999999966,3.079600000000001
3.1551999999999962,3.083800000000001
3.1591999999999962,3.088200000000001
3.1629999999999963,3.0924000000000014
3.166999999999996,3.096600000000001
3.170999999999996,3.1008000000000004
3.1745999999999954,3.1050000000000004
3.178399999999995,3.1098000000000003
3.184399999999995,3.114
3.1879999999999944,3.1185999999999994
3.191599999999994,3.1229999999999993
3.195399999999994,3.1271999999999993
3.198399999999994,3.1315999999999993
3.201599999999994,3.135399999999999
3.2045999999999935,3.139199999999999
3.207599999999993,3.142999999999999
3.2109999999999927,3.146599999999999
3.213199999999993,3.1499999999999995
3.2137999999999933,3.1531999999999996
3.2099999999999933,3.156399999999999
3.206257142857136,3.1548
3.2023714285714213,3.1532899999999997
3.1985428571428502,3.1514699999999993
3.1945714285714217,3.1497399999999995
3.190657142857136,3.1482999999999994
3.1867999999999936,3.146549999999999
3.182999999999994,3.1448899999999993
3.179257142857137,3.143119999999999
3.175571428571423,3.141439999999999
3.171942857142852,3.1396499999999987
3.1683714285714233,3.1379499999999982
3.164857142857138,3.136139999999999
3.161199999999995,3.134219999999999
3.1575999999999946,3.132389999999999
3.1540571428571376,3.130449999999999
3.150571428571423,3.128599999999999
3.146942857142852,3.126839999999999
3.1433714285714234,3.124969999999999
3.1398571428571374,3.123389999999999
3.1361999999999948,3.121699999999999
3.132399999999995,3.1204999999999994
3.1288181818181773,3.1190636363636357
3.125254545454541,3.1175909090909077
3.121309090909087,3.116081818181817
3.1171818181818143,3.114336363636362
3.113072727272724,3.1125545454545436
3.108981818181815,3.110536363636362
3.104709090909088,3.1086818181818163
3.1002545454545425,3.1067909090909076
3.0960181818181787,3.1044636363636346
3.091599999999997,3.1022999999999983
3.087199999999997,3.0998999999999985
3.0821999999999967,3.096499999999998
3.0773999999999972,3.0930999999999984
3.0723999999999974,3.0892999999999984
3.0675999999999974,3.0848999999999984
3.0619999999999976,3.0798999999999985
3.0565999999999978,3.0752999999999986
3.0511999999999984,3.0702999999999987
3.0455999999999985,3.0662999999999987
3.0403999999999987,3.061299999999999
3.0343999999999984,3.0564999999999993
3.028999999999998,3.0516999999999994
3.0231999999999983,3.0465
3.0173999999999985,3.0416999999999996
3.0113999999999987,3.0364999999999998
3.005399999999999,3.0315
3.000399999999999,3.0265
2.9967999999999995,3.0211
2.997199999999999,3.0157000000000007
2.9979428571428564,3.0145000000000004
2.9986285714285708,3.0136100000000003
2.9986571428571422,3.0124300000000006
2.9994285714285707,3.0111600000000003
2.9997428571428566,3.0102
3.0005999999999995,3.0089500000000005
3.0011999999999994,3.0078100000000005
3.002142857142857,3.0067800000000005
3.0030285714285707,3.0054600000000007
3.003457142857142,3.0042500000000008
3.004228571428571,3.0031500000000007
3.005142857142856,3.0017600000000004
3.0061999999999993,3.00028
3.0071999999999997,2.9989100000000004
3.0083428571428565,2.9976500000000006
3.0098285714285713,2.9963000000000006
3.011457142857143,2.99526
3.0132285714285714,2.9935300000000002
3.015142857142857,2.99231
3.0172000000000003,2.9909999999999997
3.0192,2.9898
3.021181818181818,2.9886363636363638
3.0231454545454546,2.987709090909091
3.0248909090909093,2.9866181818181827
3.0258181818181815,2.9859636363636373
3.0277272727272724,2.9851454545454557
3.0294181818181816,2.984763636363638
3.031090909090909,2.9840181818181835
3.032945454545455,2.9835090909090924
3.0347818181818185,2.983036363636365
3.0368,2.983200000000001
3.0388,2.983800000000001
3.0416,2.985400000000001
3.043999999999999,2.987000000000001
3.0465999999999993,2.9888000000000012
3.0489999999999986,2.9914000000000014
3.0525999999999986,2.9952000000000014
3.0561999999999983,2.9984000000000015
3.059799999999998,3.0020000000000016
3.063599999999998,3.0052000000000016
3.067199999999998,3.0090000000000017
3.070999999999998,3.012600000000001
3.0749999999999984,3.016800000000001
3.0793999999999984,3.0214000000000003
3.0843999999999983,3.0256000000000007
3.089999999999998,3.0302000000000002
3.095399999999998,3.0346
3.1001999999999983,3.0394
3.104799999999998,3.0441999999999996
3.109399999999998,3.048999999999999
3.113799999999998,3.0539999999999994
3.1179999999999986,3.0585999999999998
3.1233999999999984,3.0631999999999993
3.1281999999999988,3.0679999999999996
3.133799999999999,3.0725999999999996
3.1379999999999986,3.0771999999999995
3.142599999999999,3.0819999999999994
3.147399999999999,3.0863999999999994
3.1523999999999988,3.091199999999999
3.157399999999999,3.0957999999999988
3.162999999999999,3.1001999999999987
3.1675999999999993,3.1047999999999987
3.1731999999999996,3.109399999999998
3.1787999999999994,3.113799999999998
3.1843999999999992,3.117799999999998
3.189599999999999,3.122199999999998
3.1945999999999994,3.126599999999998
3.1995999999999993,3.131399999999998
3.204199999999999,3.1353999999999984
3.2087999999999988,3.1397999999999984
3.2133999999999987,3.1435999999999984
3.2177999999999987,3.147799999999998
3.2223999999999986,3.151599999999998
3.227199999999998,3.155399999999998
3.232799999999998,3.159199999999998
3.237399999999998,3.162999999999998
3.2423999999999977,3.1661999999999977
3.2473999999999976,3.1699999999999977
3.252199999999998,3.173999999999998
3.2569999999999983,3.177799999999998
3.2615999999999987,3.180999999999998
3.2663999999999986,3.183999999999998
3.270999999999999,3.186999999999998
3.2757999999999994,3.1893999999999982
3.2805999999999993,3.1917999999999984
3.2853999999999997,3.194399999999998
3.2899999999999996,3.1965999999999983
3.2943999999999996,3.198799999999999
3.2987999999999995,3.2013999999999987
3.3034,3.2035999999999984
3.3078,3.206199999999999
3.3122,3.208799999999999
3.3163999999999993,3.2108
3.3201999999999994,3.213
3.323399999999999,3.2154000000000003
3.3261999999999987,3.2176000000000005
3.3289999999999993,3.2202
3.331999999999999,3.2226000000000004
3.3351999999999986,3.2250000000000005
3.338799999999998,3.227000000000001
3.342199999999998,3.229400000000001
3.345599999999998,3.231800000000001
3.3483999999999976,3.2344000000000017
3.3509999999999973,3.2366000000000015
3.353199999999997,3.2386000000000013
3.356199999999997,3.2410000000000014
3.359199999999997,3.2428000000000012
3.3613999999999966,3.2448000000000015
3.3637999999999963,3.2466000000000013
3.3667999999999965,3.2484000000000015
3.3687999999999967,3.2502000000000013
3.3715999999999964,3.2520000000000016
3.3729999999999962,3.253800000000002
3.3745999999999956,3.255200000000002
3.375999999999996,3.2570000000000023
3.3775999999999953,3.258400000000002
3.378999999999995,3.259400000000002
3.3799999999999955,3.2604000000000024
3.3805999999999954,3.2616000000000027
3.380999999999996,3.262400000000003
3.380999999999996,3.2634000000000025
3.3811999999999953,3.264200000000003
3.380199999999996,3.264800000000003
3.3797999999999964,3.2656000000000027
3.3787999999999965,3.266000000000003
3.3775999999999966,3.266600000000003
3.3759999999999963,3.2670000000000026
3.3709999999999964,3.266800000000003
3.366799999999996,3.2664000000000026
3.3627999999999956,3.2656000000000027
3.3585999999999956,3.2640000000000033
3.3543999999999956,3.262200000000003
3.3499999999999956,3.260400000000003
3.3451999999999953,3.258600000000003
3.3405999999999954,3.2564000000000033
3.3355999999999955,3.2538000000000036
3.3303999999999956,3.2512000000000034
3.324999999999996,3.2484000000000033
3.3193999999999964,3.245000000000003
3.3137999999999965,3.241400000000004
3.3081999999999967,3.2374000000000036
3.302799999999997,3.233200000000003
3.296999999999997,3.229000000000003
3.290999999999997,3.2250000000000028
3.2835999999999967,3.2208000000000028
3.2753999999999968,3.2166000000000023
3.2675999999999963,3.212000000000003
3.258999999999997,3.207400000000003
3.250399999999997,3.2026000000000034
3.2417999999999974,3.1982000000000035
3.2329999999999974,3.193000000000003
3.2241999999999975,3.1878000000000024
3.214999999999997,3.182600000000002
3.2061999999999973,3.1774000000000022
3.1965999999999974,3.1722000000000024
3.1871999999999976,3.1666000000000025
3.1771999999999974,3.1612000000000027
3.166599999999997,3.1558000000000033
3.1557999999999975,3.1502000000000034
3.1445999999999974,3.144400000000003
3.1337999999999977,3.1386000000000034
3.123599999999998,3.1328000000000036
3.1127999999999982,3.1268000000000042
3.100399999999998,3.121200000000004
3.0891999999999977,3.1152000000000037
3.077799999999998,3.1092000000000035
3.066599999999998,3.1032000000000033
3.055399999999998,3.097200000000003
3.0443999999999978,3.091200000000003
3.0337999999999976,3.0852000000000026
3.023399999999998,3.0790000000000024
3.012399999999998,3.073000000000002
3.0025999999999984,3.067000000000002
2.992199999999998,3.060800000000002
2.982399999999998,3.054800000000002
2.973199999999998,3.0488000000000017
2.9641999999999986,3.0432000000000015
2.9585999999999983,3.0378000000000016
2.9521999999999986,3.0322000000000013
2.944999999999999,3.0270000000000015
2.938599999999999,3.0228000000000015
2.931799999999999,3.0184000000000015
2.925599999999999,3.014200000000001
2.9193999999999996,3.010000000000001
2.9125999999999994,3.006400000000001
2.9065999999999996,3.002800000000001
2.9008,2.9990000000000006
2.8941999999999997,2.9954
2.8881999999999994,2.992
2.882599999999999,2.9891999999999994
2.8771999999999993,2.9863999999999997
2.872199999999999,2.984
2.8673999999999995,2.9814
2.8629999999999995,2.9786
2.86,2.9756
2.8582,2.9730000000000003
2.8562,2.9706
2.8545999999999996,2.9686000000000003
2.853,2.9663999999999997
2.8515999999999995,2.9646
2.8503999999999996,2.963
2.8499999999999996,2.9610000000000003
2.8497999999999997,2.9596000000000005
2.8495999999999997,2.9586
2.8499999999999996,2.9578
2.850799999999999,2.9572000000000003
2.8517999999999994,2.9568
2.8531999999999993,2.9564
2.855599999999999,2.9562
2.8581999999999987,2.9566000000000003
2.860799999999999,2.9570000000000003
2.862999999999998,2.9574000000000007
2.865199999999998,2.9582000000000006
2.8693999999999984,2.9590000000000005
2.8723999999999985,2.9602000000000004
2.8759999999999986,2.9616000000000007
2.879999999999999,2.963200000000001
2.884199999999999,2.965000000000001
2.888599999999999,2.966800000000001
2.892399999999999,2.968800000000001
2.896999999999999,2.9714000000000014
2.9023999999999983,2.9734000000000016
2.907599999999998,2.9760000000000018
2.912199999999998,2.979000000000002
2.916999999999998,2.9818000000000024
2.9219999999999984,2.9848000000000026
2.926799999999998,2.9878000000000027
2.9317999999999977,2.9910000000000023
2.9367999999999976,2.994400000000003
2.9419999999999975,2.998000000000003
2.9467999999999974,3.001600000000003
2.9519999999999977,3.005400000000003
2.9569999999999976,3.009000000000003
2.961799999999997,3.0132000000000034
2.967599999999997,3.017400000000003
2.972799999999997,3.0216000000000025
2.9777999999999967,3.026200000000003
2.983399999999997,3.0308000000000033
2.989399999999997,3.0356000000000036
2.9947999999999975,3.040200000000003
3.0003999999999973,3.045000000000003
3.005799999999997,3.049800000000003
3.0111999999999965,3.054800000000003
3.0173999999999968,3.0600000000000027
3.0233999999999965,3.065600000000003
3.0293999999999968,3.070800000000003
3.0351999999999966,3.0762000000000027
3.0409999999999964,3.081200000000003
3.046799999999996,3.086800000000003
3.0525999999999964,3.0922000000000027
3.0577999999999967,3.097600000000002
3.062399999999997,3.103400000000002
3.066799999999997,3.1088000000000022
3.071599999999997,3.1140000000000025
3.076599999999997,3.1192000000000024
3.080799999999997,3.1246000000000023
3.0855999999999972,3.1298000000000017
3.0909999999999975,3.1350000000000016
3.0947999999999976,3.1402000000000014
3.0991999999999975,3.1452000000000013
3.102999999999997,3.1502000000000017
3.105999999999997,3.1552000000000016
3.111199999999997,3.1602000000000015
3.1159999999999974,3.1652000000000013
3.1201999999999974,3.1700000000000017
3.1241999999999974,3.174800000000001
3.127599999999997,3.179400000000001
3.1311999999999967,3.1842000000000015
3.134599999999997,3.1890000000000014
3.137999999999997,3.1936000000000018
3.1413999999999964,3.1982000000000017
3.144799999999997,3.2030000000000016
3.1479999999999966,3.2076000000000016
3.1515999999999966,3.2120000000000015
3.1547999999999967,3.2164000000000015
3.1575999999999964,3.220600000000002
3.1605999999999965,3.224800000000002
3.163399999999996,3.229000000000002
3.166399999999996,3.232800000000002
3.1697999999999955,3.236600000000002
3.1727999999999956,3.2400000000000015
3.175399999999996,3.2434000000000016
3.1779999999999955,3.2468000000000012
3.180799999999996,3.2498000000000014
3.1829999999999963,3.2526000000000015
3.185399999999996,3.255400000000002
3.1875999999999958,3.258000000000002
3.190199999999996,3.260600000000002
3.1917999999999953,3.2630000000000017
3.193399999999995,3.265400000000002
3.1945999999999954,3.267800000000002
3.1963999999999952,3.270000000000002
3.1979999999999955,3.2722000000000016
3.198999999999996,3.2742000000000013
3.2001999999999957,3.2762000000000016
3.201399999999996,3.2782000000000022
3.2029999999999963,3.280200000000002
3.2043999999999966,3.282200000000002
3.2057999999999964,3.284200000000002
3.2069999999999963,3.286000000000002
3.2087999999999965,3.2880000000000025
3.210599999999997,3.2900000000000027
3.212799999999997,3.292000000000003
3.2143999999999973,3.2942000000000022
3.2159999999999975,3.2962000000000025
3.2179999999999973,3.2980000000000023
3.2197999999999976,3.300000000000003
3.2209999999999974,3.302200000000003
3.2227999999999977,3.3044000000000033
3.2239999999999975,3.306600000000003
3.2259999999999973,3.308800000000003
3.2285999999999975,3.3110000000000026
3.229399999999998,3.3130000000000024
3.2301999999999977,3.315200000000002
3.2319999999999975,3.317400000000002
3.233599999999998,3.3194000000000017
3.235199999999998,3.3214000000000015
3.2367999999999983,3.3232000000000013
3.2385999999999986,3.3250000000000006
3.240599999999999,3.3266000000000004
3.242199999999999,3.3282
3.242999999999999,3.3295999999999997
3.2439999999999993,3.3309999999999995
3.245199999999999,3.3325999999999993
3.246199999999999,3.333999999999999
3.2469999999999986,3.335399999999999
3.247599999999999,3.336799999999999
3.2483999999999984,3.3381999999999987
3.2483999999999984,3.3397999999999985
3.248599999999999,3.3413999999999984
3.249199999999999,3.343199999999998
3.249799999999999,3.3449999999999984
3.250599999999999,3.346799999999998
3.251199999999999,3.3485999999999985
3.251999999999999,3.3503999999999987
3.252799999999999,3.3521999999999985
3.254199999999999,3.3539999999999988
3.2557999999999994,3.3557999999999986
3.257199999999999,3.357599999999999
3.2587999999999995,3.359199999999999
3.2609999999999997,3.3605999999999994
3.2626,3.362
3.2641999999999998,3.3634000000000004
3.265799999999999,3.3648000000000007
3.2673999999999994,3.3662000000000005
3.2685999999999997,3.367400000000001
3.2695999999999996,3.3684000000000007
3.2705999999999995,3.369600000000001
3.272,3.3706000000000014
3.2738,3.3716000000000013
3.2756,3.372400000000001
3.2768,3.373200000000001
3.2783999999999995,3.373800000000001
3.2802,3.374400000000001
3.2815999999999996,3.3748000000000014
3.2832,3.3754000000000013
3.2847999999999997,3.375800000000001
3.287,3.376000000000001
3.289,3.3762000000000008
3.291000000000001,3.3762000000000008
3.292600000000001,3.3762000000000008
3.2942000000000013,3.3764000000000003
3.296200000000001,3.3766000000000003
3.297600000000001,3.3766000000000003
3.299200000000001,3.3766000000000003
3.300200000000001,3.3766000000000003
3.301600000000001,3.3764000000000003
3.3024000000000004,3.3762000000000008
3.3034000000000003,3.3756000000000013
3.3044,3.3750000000000013
3.3051999999999997,3.3740000000000014
3.3062,3.373000000000002
3.307,3.3718000000000017
3.3078,3.3702000000000023
3.3092,3.3686000000000025
3.3104,3.3668000000000022
3.3118,3.3648000000000025
3.3128,3.3628000000000027
3.3144000000000005,3.360600000000003
3.3158000000000003,3.358400000000003
3.3170000000000006,3.3562000000000034
3.3182000000000005,3.3538000000000032
3.319000000000001,3.3514000000000035
3.3200000000000007,3.349200000000003
3.3210000000000006,3.3470000000000026
3.3224000000000005,3.3448000000000024
3.323000000000001,3.3426000000000022
3.3236000000000008,3.340400000000002
3.3248000000000006,3.338200000000002
3.3256000000000006,3.336000000000001
3.3258000000000005,3.334000000000001
3.3262,3.3320000000000003
3.3268,3.3302000000000005
3.3274,3.3282
3.3276,3.3262
3.3278,3.3244
3.3278,3.3226
3.3280000000000003,3.3206
3.3280000000000003,3.3183999999999996
3.3274,3.3161999999999994
3.3268,3.313999999999999
3.3264,3.311799999999999
3.3257999999999996,3.309399999999999
3.3245999999999998,3.306599999999999
3.324,3.3039999999999994
3.3227999999999995,3.3009999999999993
3.3215999999999997,3.297799999999999
3.3199999999999994,3.294599999999999
3.318399999999999,3.2911999999999995
3.316799999999999,3.2878
3.314999999999999,3.2843999999999998
3.313199999999999,3.2806
3.3113999999999986,3.2768
3.3099999999999987,3.273
3.307999999999999,3.2692
3.3063999999999987,3.2654
3.3039999999999985,3.2618
3.302399999999999,3.2582
3.3007999999999993,3.2549999999999994
3.2993999999999994,3.2519999999999993
3.2977999999999996,3.2493999999999996
3.2967999999999993,3.2469999999999994
3.296,3.2447999999999997
3.295,3.2429999999999994
3.2939999999999996,3.241399999999999
3.293,3.2399999999999993
3.2922000000000002,3.2387999999999995
3.2916000000000003,3.237799999999999
3.2910000000000004,3.2369999999999988
3.2904,3.2361999999999984
3.2898,3.2355999999999985
3.2894,3.2351999999999985
3.2888,3.234999999999999
3.2888,3.234999999999999
3.2888,3.234999999999999
3.2884,3.234999999999999
3.2886,3.2351999999999994
3.2888,3.2354
3.2886,3.2358
3.2886,3.2362
3.2884,3.2366
3.2880000000000007,3.2370000000000005
3.2878000000000007,3.2372
3.287400000000001,3.2376000000000005
3.287400000000001,3.2378000000000005
3.287000000000001,3.238
3.287000000000001,3.2382
3.287000000000001,3.2384
3.286400000000001,3.2386
3.2856000000000005,3.2388000000000003
3.2848,3.2388000000000003
3.2846,3.2388000000000003
3.2836000000000007,3.2390000000000003
3.282800000000001,3.2392000000000003
3.282000000000001,3.2394
3.2810000000000006,3.2396000000000003
3.2798000000000007,3.2398000000000002
3.2788000000000004,3.24
3.2776000000000005,3.2401999999999997
3.2762000000000007,3.2401999999999997
3.274200000000001,3.2399999999999993
3.2716000000000007,3.2398
3.269000000000001,3.2391999999999994
3.2670000000000012,3.2385999999999995
3.264400000000001,3.2377999999999996
3.261600000000001,3.2368
3.2592000000000008,3.2358000000000002
3.2564000000000006,3.2346000000000004
3.2536,3.2332000000000005
3.2504000000000004,3.2316000000000007
3.2472000000000003,3.229800000000001
3.2438000000000007,3.2280000000000006
3.2400000000000007,3.226000000000001
3.2364000000000006,3.223800000000001
3.2326000000000006,3.2216000000000014
3.2292,3.2194000000000016
3.225,3.2170000000000014
3.221,3.2144000000000017
3.2172,3.211800000000002
3.2128,3.2094000000000023
3.2086,3.206600000000002
3.2048,3.2038000000000015
3.2012,3.2008000000000014
3.1968,3.1976000000000018
3.1919999999999997,3.1944000000000017
3.1873999999999993,3.191400000000002
3.1823999999999995,3.1882000000000024
3.1771999999999996,3.1850000000000023
3.1726,3.1816000000000026
3.1677999999999997,3.1782000000000026
3.1633999999999998,3.175000000000003
3.159,3.171800000000003
3.1546,3.1688000000000027
3.1503999999999994,3.165600000000003
3.1461999999999994,3.162600000000003
3.1422,3.159600000000003
3.1379999999999995,3.1564000000000028
3.133399999999999,3.1534000000000026
3.1293999999999986,3.1506000000000025
3.126199999999999,3.147800000000002
3.122399999999999,3.1454000000000018
3.118799999999999,3.143000000000002
3.115599999999999,3.140600000000002
3.111799999999999,3.138600000000002
3.1081999999999987,3.136600000000002
3.105399999999999,3.134800000000002
3.102199999999999,3.133200000000002
3.0993999999999993,3.1316000000000024
3.0969999999999995,3.1302000000000025
3.0939999999999994,3.1290000000000027
3.092399999999999,3.1282000000000028
3.0909999999999993,3.127400000000003
3.090399999999999,3.1272000000000033
3.0881999999999987,3.1270000000000033
3.086399999999999,3.1270000000000033
3.085199999999999,3.1272000000000033
3.0847999999999995,3.127400000000003
3.0841999999999996,3.1278000000000032
3.0833999999999997,3.128400000000003
3.0831999999999997,3.129200000000003
3.0831999999999997,3.130000000000003
3.0829999999999997,3.1308000000000025
3.0835999999999997,3.1318000000000024
3.084599999999999,3.132800000000002
3.0843999999999996,3.1338000000000017
3.0847999999999995,3.134800000000001
3.0853999999999995,3.1358000000000015
3.0857999999999994,3.136800000000002
3.0861999999999994,3.1380000000000017
3.0875999999999992,3.1388000000000016
3.0885999999999996,3.139800000000002
3.0893999999999995,3.1408000000000023
3.0901999999999994,3.141800000000002
3.0913999999999993,3.1428000000000025
3.092199999999999,3.1436000000000024
3.0931999999999995,3.144200000000002
3.0941999999999994,3.1448000000000014
3.0951999999999997,3.145400000000001
3.0959999999999996,3.1458000000000004
3.0959999999999996,3.1460000000000004
3.0953999999999997,3.1458000000000004
3.0953999999999997,3.1456000000000004
3.0946,3.1450000000000005
3.094,3.1446000000000005
3.0927999999999995,3.1438000000000006
3.0915999999999997,3.1428000000000007
3.0907999999999998,3.1420000000000012
3.0898000000000003,3.1410000000000013
3.0888000000000004,3.1398000000000015
3.0876000000000006,3.1384000000000016
3.0868000000000007,3.136800000000002
3.085400000000001,3.1350000000000025
3.0844000000000005,3.1332000000000026
3.0834,3.131200000000003
3.0824000000000007,3.1290000000000027
3.081000000000001,3.1266000000000025
3.079600000000001,3.1242000000000023
3.0780000000000007,3.1216000000000026
3.0754000000000006,3.1194000000000024
3.0732000000000004,3.117000000000002
3.0724000000000005,3.114600000000002
3.0712000000000006,3.112400000000002
3.0676000000000005,3.1098000000000017
3.0666000000000007,3.107200000000002
3.0674000000000006,3.1046000000000022
3.0656000000000008,3.1018000000000026
3.0652000000000004,3.0990000000000024
3.0646000000000004,3.0962000000000027
3.0646000000000004,3.0932000000000026
3.0640000000000005,3.0902000000000025
3.0640000000000005,3.0872000000000024
3.0640000000000005,3.0840000000000027
3.0634,3.0806000000000027
3.061200000000001,3.077200000000003
3.0600000000000005,3.073400000000003
3.0470000000000006,3.069600000000003
3.0344916666666673,3.066800000000003
3.0220750000000005,3.063560000000003
3.00955,3.059680000000003
2.996716666666667,3.0555600000000025
2.984175,3.0510000000000024
2.971525,3.0460000000000025
2.958966666666667,3.040560000000002
2.9465000000000003,3.034680000000002
2.9347250000000003,3.0285600000000024
2.9226416666666672,3.022000000000003
2.9108500000000004,3.015000000000003
2.89915,3.008150000000003
2.887341666666667,3.0016500000000037
2.876625,2.9955000000000034
2.8664,2.989700000000003
2.855666666666666,2.983700000000003
2.8456249999999996,2.977700000000003
2.8354749999999997,2.9715000000000034
2.8258166666666664,2.965500000000003
2.8164499999999997,2.9589000000000025
2.8067749999999996,2.9525000000000023
2.797791666666666,2.945900000000002
2.7888999999999986,2.939100000000002
2.779699999999999,2.932500000000002
2.7688999999999995,2.9259000000000013
2.756499999999999,2.918500000000001
2.7420999999999993,2.9099000000000013
2.7264999999999993,2.900900000000001
2.708699999999999,2.8923000000000014
2.6934999999999985,2.884500000000001
2.6848999999999985,2.877100000000001
2.6770999999999985,2.869900000000001
2.6706999999999987,2.8623000000000007
2.664899999999999,2.8549000000000007
2.656099999999999,2.847100000000001
2.6520999999999986,2.8391000000000006
2.6468999999999987,2.8311000000000006
2.6398999999999986,2.8231000000000006
2.6308999999999987,2.8149000000000006
2.623899999999998,2.8069000000000006
2.6160999999999976,2.7987000000000006
2.6074999999999977,2.7903000000000002
2.5984999999999974,2.7819000000000007
2.587899999999997,2.7733000000000008
2.577499999999997,2.764500000000001
2.565699999999997,2.755700000000001
2.5550999999999973,2.747100000000001
2.543699999999997,2.738300000000001
2.5318999999999976,2.729900000000001
2.5332999999999974,2.721300000000001
2.532408333333331,2.7119000000000013
2.5320249999999977,2.7027400000000013
2.530549999999998,2.694020000000001
2.5311833333333316,2.6857400000000013
2.5305249999999977,2.6777000000000015
2.529774999999998,2.6701000000000015
2.529333333333331,2.662940000000002
2.5285999999999977,2.656020000000002
2.528374999999998,2.649740000000002
2.527258333333331,2.6437000000000017
2.525649999999998,2.638100000000002
2.523749999999998,2.632350000000001
2.521358333333331,2.626250000000001
2.5200749999999976,2.620200000000001
2.519099999999998,2.6140000000000008
2.5168333333333313,2.6080000000000005
2.514874999999998,2.6022000000000003
2.5134249999999985,2.5966000000000005
2.5116833333333317,2.591
2.5100499999999983,2.5864000000000003
2.5087249999999983,2.5818000000000008
2.5067083333333313,2.577200000000001
2.504599999999998,2.5732000000000013
2.5029999999999983,2.5692000000000013
2.5031999999999983,2.5652000000000017
2.504999999999998,2.562400000000001
2.509399999999998,2.5610000000000013
2.515399999999998,2.560000000000002
2.522799999999998,2.558800000000002
2.527799999999998,2.5570000000000017
2.525999999999998,2.554800000000002
2.523799999999998,2.552800000000002
2.5227999999999975,2.550800000000002
2.5221999999999976,2.548800000000002
2.522399999999997,2.5462000000000025
2.5185999999999975,2.544104761904764
2.517599999999997,2.5425142857142884
2.516799999999997,2.541228571428574
2.516399999999997,2.5404476190476215
2.516199999999997,2.539971428571431
2.514799999999997,2.5400000000000027
2.514599999999997,2.5405333333333364
2.5143999999999975,2.5415714285714315
2.515999999999998,2.5431142857142883
2.5167999999999977,2.5451619047619074
2.5191999999999974,2.5477142857142883
2.5205999999999977,2.550571428571431
2.523999999999998,2.553933333333336
2.527999999999998,2.5576000000000025
2.5297999999999976,2.561771428571431
2.5337999999999976,2.5662476190476218
2.5371999999999977,2.5712285714285743
2.541599999999998,2.576514285714288
2.543799999999998,2.5821047619047643
2.5471999999999984,2.5882000000000023
2.5505999999999984,2.594600000000002
2.5539272727272713,2.6010363636363656
2.557781818181817,2.607709090909093
2.561363636363635,2.6142181818181838
2.5660727272727257,2.6209636363636384
2.5715090909090894,2.6277454545454564
2.577472727272726,2.6345636363636387
2.584163636363635,2.641618181818184
2.5899818181818164,2.648509090909093
2.595727272727271,2.6554363636363654
2.602999999999998,2.6624000000000017
2.610199999999998,2.669400000000002
2.6155999999999984,2.6764000000000028
2.6199999999999983,2.6834000000000033
2.625599999999998,2.690000000000003
2.629599999999998,2.696200000000003
2.633399999999998,2.7022000000000026
2.635399999999998,2.7078000000000024
2.6379999999999977,2.7132000000000027
2.6413999999999977,2.7182000000000026
2.6413999999999977,2.722800000000003
2.6433999999999975,2.7270000000000025
2.6447999999999974,2.7308000000000026
2.644399999999997,2.734400000000002
2.6433999999999975,2.737800000000002
2.6445999999999974,2.741200000000002
2.6433999999999975,2.744200000000002
2.6417999999999977,2.7468000000000017
2.6411999999999978,2.749400000000002
2.639999999999998,2.7526000000000015
2.638599999999998,2.7552952380952394
2.632999999999998,2.7574857142857154
2.630399999999998,2.7593714285714297
2.627199999999998,2.7607523809523826
2.624799999999998,2.7616285714285724
2.6211999999999978,2.762200000000001
2.6193999999999975,2.7620666666666676
2.6175999999999977,2.7616285714285724
2.6145999999999976,2.760685714285716
2.611799999999998,2.7596380952380968
2.608199999999998,2.7580857142857163
2.605999999999998,2.7562285714285735
2.604199999999998,2.754266666666669
2.6023999999999976,2.751800000000003
2.6009999999999978,2.7492285714285742
2.5987999999999984,2.746152380952384
2.5985999999999985,2.742771428571432
2.598199999999999,2.739285714285718
2.597199999999999,2.735495238095242
2.597199999999999,2.731600000000004
2.5983999999999994,2.7274000000000034
2.5974727272727263,2.7231636363636396
2.5972181818181808,2.7188909090909124
2.5966363636363625,2.7147818181818213
2.5955272727272716,2.7106363636363664
2.593890909090908,2.706454545454548
2.5913272727272716,2.7024363636363664
2.5896363636363624,2.6985818181818213
2.5878181818181805,2.6946909090909124
2.583872727272726,2.6909636363636396
2.581799999999999,2.6870000000000034
2.578999999999999,2.6834000000000033
2.5775999999999986,2.679800000000003
2.5777999999999985,2.676200000000003
2.576799999999999,2.6732000000000027
2.577199999999999,2.670600000000003
2.577999999999999,2.668600000000003
2.581199999999999,2.666800000000003
2.582999999999999,2.6654000000000027
2.584799999999999,2.6644000000000023
2.589799999999999,2.6638000000000024
2.591999999999999,2.6634000000000024
2.5955999999999992,2.6636000000000024
2.6014,2.6642000000000023
2.6066,2.6650000000000023
2.6112,2.665800000000002
2.6174,2.667000000000002
2.6226,2.6688000000000023
2.6262,2.670600000000002
2.6302000000000003,2.6726000000000023
2.6344000000000007,2.6748000000000025
2.6428000000000007,2.6774000000000022
2.648200000000001,2.6800000000000024
2.654000000000001,2.6830000000000025
2.659200000000001,2.686200000000003
2.6652000000000013,2.6894000000000036
2.6698000000000017,2.6930000000000036
2.674600000000002,2.6966000000000037
2.6804000000000023,2.7004000000000037
2.685800000000002,2.7040000000000037
2.691400000000002,2.7078000000000038
2.696600000000002,2.711600000000004
2.7014000000000022,2.715200000000004
2.7056000000000022,2.719000000000004
2.7088000000000023,2.722600000000004
2.713400000000002,2.726400000000004
2.715400000000002,2.730200000000004
2.717600000000002,2.7336000000000036
2.7210000000000014,2.7368000000000037
2.7234000000000016,2.739800000000004
2.7244000000000015,2.7430000000000034
2.727200000000002,2.7460000000000035
2.728600000000002,2.7490000000000037
2.7296000000000014,2.7518000000000042
2.7302000000000017,2.7544000000000044
2.7322000000000015,2.757000000000005
2.735400000000001,2.759400000000005
2.7352000000000016,2.761400000000005
2.737600000000002,2.7634000000000047
2.7366000000000015,2.764600000000005
2.736800000000001,2.7640000000000047
2.7374545454545474,2.7618000000000045
2.7379636363636384,2.759731250000004
2.738127272727275,2.7577937500000043
2.7381454545454567,2.7555875000000043
2.7380181818181843,2.7533125000000043
2.738345454545457,2.750968750000004
2.7381272727272754,2.748756250000004
2.7381636363636392,2.746475000000004
2.7374545454545482,2.744325000000005
2.7372000000000027,2.7421062500000044
2.7370000000000023,2.7400187500000044
2.736254545454547,2.7378625000000043
2.735563636363638,2.7356375000000046
2.7359272727272748,2.7335437500000053
2.7353454545454565,2.7315812500000054
2.7350181818181842,2.7295500000000055
2.7343454545454566,2.727450000000006
2.733727272727275,2.725481250000006
2.7333636363636384,2.723643750000006
2.7330545454545474,2.721937500000006
2.7328000000000015,2.720162500000006
2.732600000000001,2.7185187500000056
2.7326545454545466,2.716806250000005
2.7325636363636367,2.715225000000005
2.7329272727272733,2.7137750000000045
2.7329454545454555,2.7124562500000042
2.7328181818181827,2.711268750000004
2.7329454545454555,2.7102125000000035
2.7333272727272737,2.7092875000000034
2.7343636363636374,2.708493750000003
2.7344545454545464,2.7078312500000026
2.734600000000001,2.7073000000000023
2.7354000000000007,2.7069000000000023
2.7388000000000003,2.706700000000002
2.7438000000000007,2.7063000000000015
2.7480000000000007,2.7059000000000015
2.7538000000000005,2.706700000000002
2.758600000000001,2.7081000000000017
2.7642000000000007,2.709900000000002
2.770400000000001,2.712100000000002
2.7763900000000006,2.7151000000000023
2.7825700000000007,2.717900000000002
2.7889400000000006,2.7205000000000017
2.795700000000001,2.723100000000002
2.8010500000000014,2.725500000000001
2.8055900000000014,2.727700000000001
2.812120000000001,2.729900000000001
2.8156400000000015,2.7319000000000018
2.8241500000000013,2.734300000000002
2.8290500000000014,2.738500000000002
2.833685454545456,2.7437000000000022
2.838056363636365,2.7485687500000022
2.8421627272727283,2.7531062500000023
2.846004545454546,2.757312500000003
2.8495818181818193,2.761187500000003
2.8528945454545465,2.7647312500000027
2.855942727272728,2.767943750000003
2.8587263636363645,2.7708250000000025
2.8612454545454558,2.773375000000003
2.8635000000000015,2.7755937500000027
2.865740000000002,2.7777412500000027
2.8679654545454567,2.7798175000000027
2.8701763636363653,2.7818225000000023
2.872372727272729,2.7837562500000024
2.874554545454547,2.785618750000002
2.8767218181818195,2.787410000000002
2.878874545454547,2.789130000000002
2.881012727272729,2.7907787500000016
2.8831363636363654,2.7923562500000014
2.8852454545454567,2.7938625000000017
2.887900000000002,2.7958375000000024
2.890700000000002,2.7978812500000028
2.8938454545454566,2.800193750000003
2.897336363636366,2.802575000000003
2.900972727272729,2.805025000000003
2.904554545454547,2.807543750000004
2.9080818181818193,2.809931250000004
2.911554545454546,2.8121875000000047
2.914772727272728,2.8141125000000047
2.9177363636363647,2.8157062500000047
2.9204454545454555,2.817168750000005
2.9227000000000007,2.818300000000005
2.924500000000001,2.8191000000000046
2.9239000000000015,2.819300000000005
2.9203000000000015,2.8197000000000054
2.9143000000000012,2.8195000000000054
2.9068619047619064,2.8183190476190534
2.8999857142857155,2.8167571428571483
2.89247142857143,2.814814285714291
2.8847190476190487,2.8122904761904812
2.8773385714285724,2.8091857142857193
2.870330000000001,2.806300000000005
2.8636933333333343,2.8036333333333388
2.8574285714285725,2.8011857142857197
2.851535714285715,2.7989571428571485
2.846014761904763,2.796947619047625
2.840865714285716,2.7951571428571484
2.836088571428573,2.7935857142857197
2.8316833333333347,2.7922333333333387
2.8276500000000016,2.7911000000000055
2.8239885714285733,2.790185714285719
2.8206990476190494,2.7894904761904815
2.81778142857143,2.789014285714291
2.815235714285716,2.7887571428571483
2.8130619047619057,2.7887190476190535
2.8112600000000008,2.7889000000000057
2.809830000000001,2.789300000000005
2.8086100000000016,2.789918181818187
2.8076000000000016,2.7907545454545506
2.8068000000000017,2.7918090909090956
2.8059600000000016,2.7928218181818227
2.805080000000002,2.793792727272731
2.804160000000002,2.794721818181822
2.803200000000002,2.7956090909090943
2.8022000000000027,2.7964545454545493
2.8011600000000025,2.7972581818181856
2.8000800000000026,2.798020000000004
2.798960000000003,2.798740000000004
2.797800000000003,2.7996000000000043
2.796000000000003,2.800400000000004
2.7942000000000036,2.800600000000004
2.792200000000004,2.800600000000004
2.790000000000004,2.800000000000004
2.787000000000004,2.7992000000000044
2.7836000000000043,2.798000000000004
2.780400000000004,2.7966000000000037
2.777200000000004,2.795200000000003
2.7736000000000045,2.7938000000000027
2.770400000000005,2.792400000000003
2.7676000000000043,2.791200000000003
2.7636000000000047,2.7902000000000027
2.761600000000005,2.789000000000003
2.7600709677419406,2.788600000000003
2.7590129032258113,2.7886200000000025
2.758825806451618,2.788660000000002
2.76250967741936,2.789320000000002
2.7661026113671325,2.789980952380954
2.7696046082949355,2.790642857142859
2.7730156682027696,2.7913057142857167
2.7763357910906348,2.791969523809526
2.7795649769585307,2.792634285714288
2.7827032258064572,2.793300000000002
2.785750537634414,2.7939666666666687
2.7887069124424015,2.7946342857142876
2.79157235023042,2.7953028571428593
2.794346850998469,2.7959723809523824
2.7970304147465486,2.7966428571428588
2.799623041474659,2.7973142857142874
2.8021247311828006,2.7979866666666684
2.8045354838709726,2.798660000000002
2.806855299539176,2.799334285714288
2.809084178187409,2.8000095238095257
2.8112221198156737,2.800685714285716
2.8132691244239685,2.8013628571428586
2.8152251920122944,2.8020409523809544
2.8170903225806505,2.802720000000002
2.8188645161290373,2.8034000000000026
2.82070967741936,2.8040818181818206
2.822625806451618,2.804765454545457
2.824612903225811,2.805450909090912
2.8266709677419404,2.8061381818181848
2.8288000000000046,2.806827272727276
2.8310000000000044,2.807518181818186
2.832000000000004,2.807990909090913
2.8344000000000036,2.808445454545458
2.8350000000000035,2.809081818181822
2.8350000000000035,2.8095000000000034
2.8358000000000034,2.8095000000000034
2.835200000000003,2.8095000000000034
2.834800000000003,2.8095000000000034
2.8344000000000027,2.8093000000000035
2.8342000000000023,2.808900000000003
2.8328000000000024,2.808500000000003
2.8314000000000026,2.807900000000003
2.8298000000000023,2.8073000000000032
2.828200000000003,2.8063000000000033
2.826600000000003,2.8051000000000035
2.825200000000003,2.8035000000000037
2.8226000000000027,2.8017000000000034
2.820600000000003,2.7999000000000036
2.819400000000003,2.797700000000004
2.816400000000003,2.7955000000000036
2.8133290322580673,2.7925000000000035
2.8095870967741963,2.7892800000000033
2.8057741935483897,2.7858400000000034
2.801290322580648,2.7811800000000035
2.7939354838709702,2.775300000000003
2.7753096774193575,2.769600000000003
2.7568929032258094,2.7638606451612935
2.7386851612903254,2.7580819354838746
2.7206864516129055,2.752263870967746
2.70289677419355,2.7464064516129074
2.6853161290322602,2.740509677419359
2.667944516129034,2.7345735483871003
2.650781935483873,2.7285980645161323
2.6338283870967762,2.7225832258064546
2.617083870967744,2.7165290322580677
2.6005483870967767,2.7104354838709708
2.5842219354838734,2.704302580645164
2.568104516129034,2.6981303225806474
2.55219612903226,2.6919187096774215
2.5364967741935502,2.685667741935486
2.521006451612905,2.679377419354841
2.5057251612903246,2.673047741935486
2.4906529032258087,2.6666787096774214
2.475789677419357,2.660270322580647
2.46113548387097,2.653822580645163
2.4466903225806473,2.6473354838709695
2.432454193548389,2.6408090322580664
2.4184270967741957,2.6342432258064536
2.4046090322580667,2.6276380645161312
2.391000000000002,2.6209935483870987
2.377600000000002,2.6143096774193566
2.365680000000002,2.6078064516129054
2.3526400000000023,2.601283870967744
2.341680000000002,2.594541935483873
2.331600000000002,2.587980645161293
2.3210000000000024,2.5818000000000025
2.3134000000000023,2.5754000000000024
2.3014000000000023,2.568800000000002
2.2936000000000023,2.562400000000002
2.2880000000000025,2.5562000000000014
2.2820000000000022,2.5500000000000016
2.2770000000000024,2.5444000000000018
2.2726000000000024,2.5384000000000015
2.2680000000000025,2.5328000000000017
2.2660000000000027,2.527000000000002
2.261000000000003,2.521600000000002
2.2572000000000028,2.516400000000002
2.2518000000000025,2.511000000000002
2.2478000000000025,2.505800000000002
2.2442000000000024,2.501000000000002
2.2402000000000024,2.4964000000000017
2.2356000000000025,2.491800000000002
2.2288000000000023,2.487600000000002
2.225800000000002,2.484600000000002
2.223400000000002,2.482800000000002
2.232400000000002,2.480800000000002
2.2449200000000022,2.479219354838712
2.2549600000000023,2.477658064516131
2.2649200000000023,2.47631612903226
2.274800000000002,2.475393548387099
2.2848000000000024,2.4744903225806474
2.295520000000002,2.4738064516129055
2.3059600000000025,2.473541935483873
2.3159200000000024,2.4734967741935505
2.3262000000000023,2.4738709677419375
2.335600000000002,2.4746645161290344
2.3457200000000022,2.4756774193548408
2.3551600000000024,2.4769096774193566
2.3635200000000025,2.4785612903225824
2.3732000000000024,2.480232258064518
2.3826000000000023,2.4817225806451635
2.391320000000002,2.484032258064518
2.4005600000000022,2.485961290322583
2.4093200000000023,2.488309677419357
2.4194000000000018,2.4910774193548413
2.429200000000002,2.493864516129035
2.437120000000002,2.496670967741938
2.446160000000002,2.4996967741935507
2.454120000000002,2.502741935483874
2.461600000000002,2.505806451612906
2.469600000000002,2.508890322580648
2.477320000000002,2.512193548387099
2.484560000000002,2.5153161290322608
2.4911200000000018,2.5184580645161314
2.499000000000002,2.5214193548387116
2.5056000000000016,2.524800000000002
2.5098000000000016,2.5282000000000027
2.5198000000000014,2.5318000000000027
2.5242000000000018,2.5354000000000028
2.5274000000000014,2.5394000000000023
2.5324000000000018,2.5434000000000028
2.536200000000002,2.5474000000000028
2.5400000000000014,2.5522000000000027
2.5448000000000017,2.557200000000003
2.547200000000002,2.562600000000003
2.5530000000000017,2.5682000000000027
2.5584000000000016,2.5742000000000025
2.5650000000000017,2.5806000000000027
2.5716000000000014,2.5876000000000032
2.5782000000000016,2.5950000000000033
2.585200000000002,2.602200000000004
2.5934000000000026,2.609600000000004
2.603800000000003,2.616800000000004
2.611000000000003,2.624000000000004
2.620400000000003,2.6314000000000046
2.629600000000003,2.6388000000000047
2.6346000000000034,2.646000000000005
2.642800000000004,2.6530000000000045
2.6472000000000038,2.657600000000005
2.655000000000004,2.662400000000005
2.6596000000000037,2.668200000000005
2.665000000000004,2.6730000000000054
2.6704000000000043,2.677600000000005
2.676600000000004,2.681400000000005
2.679400000000004,2.685400000000005
2.683600000000004,2.6880000000000046
2.688600000000004,2.6914000000000042
2.693600000000004,2.6938000000000044
2.6996000000000038,2.6968000000000045
2.7046000000000037,2.700200000000004
2.709400000000004,2.704000000000004
2.715000000000004,2.706800000000004
2.718600000000004,2.710000000000004
2.723200000000004,2.7134000000000036
2.726485714285718,2.715600000000004
2.730057142857147,2.7180833333333374
2.73551428571429,2.7208500000000044
2.7398571428571468,2.723700000000004
2.745285714285718,2.7268333333333374
2.751200000000004,2.730250000000004
2.756600000000004,2.7339500000000037
2.7622857142857185,2.737733333333337
2.768457142857147,2.742000000000004
2.77531428571429,2.7465500000000036
2.7808571428571467,2.7515833333333375
2.7876857142857188,2.7565000000000044
2.7956000000000047,2.7617000000000043
2.8028000000000044,2.7671833333333375
2.8110857142857184,2.7729500000000042
2.8184571428571474,2.778600000000004
2.82571428571429,2.7847333333333375
2.8338571428571475,2.7907500000000045
2.8420857142857194,2.7968500000000045
2.849600000000005,2.803033333333338
2.8572000000000055,2.8095000000000043
2.8648857142857196,2.8160500000000046
2.873057142857148,2.8226833333333383
2.881114285714291,2.8294000000000046
2.888657142857148,2.8358000000000043
2.8962857142857192,2.8420833333333375
2.9042000000000048,2.8488500000000045
2.9124000000000048,2.855900000000004
2.9208857142857187,2.863233333333338
2.9296571428571467,2.8708500000000043
2.9387142857142896,2.8785500000000046
2.9480571428571465,2.8865333333333383
2.9580857142857178,2.894600000000005
2.9674000000000036,2.903150000000005
2.9806000000000035,2.9141833333333382
2.9904857142857173,2.9249000000000045
3.003457142857146,2.9349000000000047
3.014914285714289,2.9459833333333383
3.0266571428571463,2.957150000000005
3.0380857142857174,2.969200000000005
3.0526000000000035,2.9809333333333385
3.066600000000003,2.9939500000000057
3.079085714285717,3.006250000000006
3.0922571428571457,3.0196333333333394
3.1055142857142886,3.032300000000006
3.1184571428571455,3.0448500000000056
3.1318857142857173,3.057483333333339
3.1452000000000027,3.0706000000000055
3.1600000000000024,3.084000000000006
3.174000000000002,3.096800000000006
3.1877142857142875,3.1104000000000065
3.201142857142859,3.1237166666666734
3.2142857142857157,3.136750000000007
3.227142857142858,3.1495000000000073
3.2397142857142867,3.161966666666674
3.2520000000000007,3.1741500000000076
3.2640000000000002,3.1860500000000074
3.2757142857142862,3.1976666666666747
3.2871428571428574,3.2090000000000076
3.2984857142857145,3.220050000000008
3.3097428571428575,3.231016666666674
3.320914285714286,3.2419000000000073
3.3320000000000003,3.2525000000000075
3.3426000000000005,3.2624166666666743
3.352114285714286,3.2716500000000077
3.3601428571428573,3.2802000000000073
3.365685714285715,3.2878666666666745
3.3681428571428573,3.2944500000000074
3.3705142857142856,3.2997500000000075
3.3724000000000003,3.3041666666666742
3.3735999999999997,3.307500000000007
3.374714285714285,3.309950000000007
3.3753428571428565,3.3113166666666736
3.3750857142857136,3.311800000000007
3.3739428571428567,3.311200000000007
3.3713142857142855,3.3097166666666737
3.3674,3.307350000000007
3.3636,3.3043000000000067
3.358914285714286,3.3003666666666733
3.3529428571428577,3.295550000000006
3.3462857142857145,3.2898500000000057
3.338742857142857,3.2834666666666728
3.330314285714286,3.2764000000000055
3.3207999999999998,3.2684500000000054
3.3106,3.2600166666666723
3.2987142857142855,3.2509000000000055
3.286942857142857,3.2411000000000056
3.275285714285714,3.2306166666666725
3.263142857142857,3.219850000000006
3.2501142857142855,3.2084000000000055
3.2371999999999996,3.196466666666672
3.2237999999999998,3.1840500000000054
3.2099142857142855,3.1711500000000052
3.195542857142857,3.157766666666672
3.180685714285714,3.1439000000000057
3.165342857142857,3.1295500000000054
3.1497142857142855,3.114716666666672
3.1337999999999995,3.0996000000000055
3.1171999999999995,3.0840000000000054
3.1003999999999996,3.0684000000000053
3.0835999999999997,3.0528000000000053
3.0669999999999997,3.0372000000000052
3.0502,3.021400000000005
3.033,3.0056000000000047
3.0162,2.9898000000000042
2.9992,2.9740000000000038
2.9824,2.9582000000000033
2.9654000000000003,2.9422000000000033
2.9484000000000004,2.926200000000003
2.9312,2.910200000000003
2.9139999999999997,2.894000000000003
2.8964,2.877600000000003
2.8785999999999996,2.861200000000003
2.8608,2.845000000000003
2.8441999999999994,2.829200000000003
2.8287999999999993,2.813800000000003
2.815399999999999,2.799000000000003
2.804999999999999,2.7850000000000033
2.7943999999999987,2.7720000000000034
2.7839999999999985,2.759800000000003
2.774199999999999,2.7484000000000033
2.764199999999999,2.737800000000003
2.754599999999999,2.728000000000003
2.745799999999999,2.718800000000003
2.7375999999999987,2.710600000000003
2.7307999999999986,2.703000000000003
2.7253999999999987,2.696600000000003
2.718199999999998,2.6908000000000034
2.712799999999998,2.6856000000000035
2.7081999999999984,2.6812000000000036
2.7049999999999983,2.6774000000000036
2.7023999999999986,2.674000000000003
2.700399999999998,2.6712000000000033
2.694599999999998,2.6690000000000036
2.6896285714285693,2.6668000000000034
2.6864857142857126,2.6652100000000036
2.683371428571427,2.6642300000000034
2.6802857142857124,2.6638600000000037
2.6778285714285697,2.6637000000000035
2.676399999999999,2.664150000000004
2.674999999999999,2.6650100000000037
2.67422857142857,2.666280000000004
2.6740857142857135,2.667960000000004
2.674571428571428,2.670050000000004
2.675685714285714,2.6725500000000038
2.6774285714285715,2.6754600000000046
2.6796,2.6787800000000046
2.682200000000001,2.6823100000000046
2.6856285714285724,2.6862500000000047
2.689685714285716,2.6904000000000043
2.69417142857143,2.694760000000004
2.698885714285715,2.699330000000004
2.7042285714285725,2.7043100000000044
2.710400000000001,2.7095000000000042
2.716600000000001,2.7149000000000045
2.7230181818181824,2.720281818181823
2.729254545454546,2.7256454545454596
2.7357090909090913,2.7311909090909143
2.7421818181818183,2.736718181818187
2.748672727272728,2.7422272727272783
2.7549818181818195,2.7477181818181875
2.7615090909090925,2.7531909090909146
2.768054545454547,2.7586454545454604
2.774818181818184,2.764281818181824
2.7812000000000023,2.7699000000000056
2.787600000000003,2.775500000000006
2.7940000000000027,2.7811000000000057
2.800000000000003,2.786700000000006
2.806000000000003,2.7921000000000054
2.8118000000000034,2.7971000000000057
2.8172000000000033,2.8021000000000056
2.822400000000003,2.806700000000006
2.827200000000003,2.8111000000000064
2.831600000000003,2.8153000000000064
2.8358000000000034,2.8191000000000064
2.839600000000003,2.8227000000000064
2.842800000000003,2.8257000000000065
2.847200000000003,2.8281000000000067
2.850200000000003,2.830300000000007
2.8532000000000033,2.832100000000007
2.8550000000000035,2.8337000000000074
2.856400000000004,2.8351000000000077
2.8576000000000037,2.8361000000000076
2.863200000000004,2.8369000000000075
2.868171428571433,2.837700000000008
2.87251428571429,2.838290000000008
2.876428571428575,2.8384700000000076
2.8797142857142894,2.8384400000000074
2.882371428571432,2.838200000000007
2.884600000000004,2.8377500000000073
2.8864000000000036,2.836890000000007
2.8873714285714325,2.8358200000000067
2.8877142857142895,2.834340000000007
2.887628571428575,2.832850000000007
2.8871142857142895,2.8311500000000067
2.886171428571432,2.8292400000000066
2.8850000000000033,2.8271200000000065
2.8832000000000035,2.824790000000007
2.8805714285714314,2.8222500000000066
2.878114285714289,2.8197000000000063
2.8742285714285747,2.8175400000000064
2.8707142857142895,2.8147700000000064
2.866771428571433,2.8117900000000065
2.8624000000000045,2.8084000000000064
2.8572000000000046,2.805000000000007
2.852181818181823,2.8014181818181885
2.8471454545454593,2.797854545454552
2.842090909090914,2.7943090909090973
2.837218181818187,2.7907818181818245
2.8315272727272776,2.7870727272727334
2.8248181818181863,2.7833818181818244
2.8190909090909133,2.779509090909097
2.812745454545458,2.7756545454545516
2.8049818181818216,2.7716181818181878
2.798000000000003,2.7676000000000056
2.790600000000003,2.763600000000005
2.7826000000000035,2.759200000000005
