2.46,2.22,0,0
2.21,2.24,0,0
2.22,2.24,0,0
2.24,2.25,0,0
2.23,2.25,0,0
2.23,2.25,0,0
2.26,2.25,0,0
2.23,2.25,0,0
2.23,2.26,0,0
2.4,2.25,0,0
2.23,2.26,0,0
2.22,2.26,0,0
2.23,2.26,0,0
2.23,2.25,0,0
2.23,2.25,0,0
2.19,2.26,0,0
2.24,2.25,0,0
2.25,2.25,0,0
2.26,2.24,0,0
2.31,2.25,0,0
2.22,2.26,0,0
2.41,2.25,0,0
2.26,2.26,0,0
2.21,2.26,0,0
2.3,2.27,0,0
2.23,2.27,0,0
2.28,2.27,0,0
2.39,2.28,0,0
2.39,2.26,0,0
2.5,2.25,0,0
2.56,2.26,0,0
2.29,,0,4
2.24,,0,4
2.23,2.26,0,0
2.21,2.23,0,0
2.18,2.24,0,0
2.17,2.2,0,0
2.16,2.2,0,0
,,4,4
,2.18,4,0
,2.15,4,0
,,4,4
,2.14,4,0
,,4,4
,,4,4
,,4,4
,,4,4
,,4,4
,2.27,4,0
,,4,4
,,4,4
,,4,4
,,4,4
1.98,2.18,0,0
,2.08,4,0
,,4,4
2.2,,0,4
,,4,4
,,4,4
,,4,4
,,4,4
,,4,4
,,4,4
,1.78,4,0
,,4,4
,,4,4
,,4,4
,,4,4
,,4,4
,,4,4
,,4,4
,,4,4
,,4,4
,,4,4
,,4,4
,,4,4
,,4,4
,,4,4
,,4,4
,,4,4
,,4,4
,,4,4
,2.46,4,0
,,4,4
,,4,4
,,4,4
,,4,4
,,4,4
,,4,4
,,4,4
,,4,4
,,4,4
2.56,2.5,0,0
2.6,2.49,0,0
2.63,2.49,0,0
2.64,2.51,0,0
2.64,2.51,0,0
2.64,2.52,0,0
2.64,2.52,0,0
2.65,2.53,0,0
2.67,2.55,0,0
2.68,2.57,0,0
2.69,2.57,0,0
2.7,2.57,0,0
2.71,2.58,0,0
2.72,2.6,0,0
2.72,2.6,0,0
2.73,2.62,0,0
2.74,2.63,0,0
2.74,2.63,0,0
2.74,2.64,0,0
2.73,2.64,0,0
2.71,2.64,0,0
2.7,2.64,0,0
2.69,2.63,0,0
2.68,2.63,0,0
2.68,2.64,0,0
2.67,2.63,0,0
2.67,2.61,0,0
2.67,2.61,0,0
2.65,2.62,0,0
2.65,2.61,0,0
2.65,2.61,0,0
2.65,2.61,0,0
2.65,2.61,0,0
2.65,2.6,0,0
2.66,2.62,0,0
2.66,2.61,0,0
2.67,2.61,0,0
2.67,2.62,0,0
2.68,2.62,0,0
2.69,2.63,0,0
2.69,2.63,0,0
2.69,2.64,0,0
2.69,2.65,0,0
2.7,2.65,0,0
2.71,2.66,0,0
2.72,2.67,0,0
2.73,2.67,0,0
2.73,2.67,0,0
2.74,2.69,0,0
2.76,2.7,0,0
2.77,2.71,0,0
2.78,2.72,0,0
2.79,2.73,0,0
2.81,2.76,0,0
2.82,2.77,0,0
2.83,2.78,0,0
2.85,2.79,0,0
2.86,2.81,0,0
2.87,2.82,0,0
2.88,2.83,0,0
2.89,2.84,0,0
2.9,2.86,0,0
2.91,2.87,0,0
2.92,2.89,0,0
2.93,2.9,0,0
2.94,2.91,0,0
2.95,2.92,0,0
2.95,2.93,0,0
2.96,2.93,0,0
2.97,2.94,0,0
2.97,2.95,0,0
2.98,2.95,0,0
2.99,2.96,0,0
3,2.96,0,0
3,2.97,0,0
3.01,2.98,0,0
3.01,2.98,0,0
3.02,2.99,0,0
3.03,3,0,0
3.03,2.99,0,0
3.04,3,0,0
3.04,3.01,0,0
3.05,3.01,0,0
3.06,3.02,0,0
3.06,3.03,0,0
3.07,3.04,0,0
3.08,3.05,0,0
3.08,3.06,0,0
3.1,3.06,0,0
3.11,3.07,0,0
3.11,3.08,0,0
3.13,3.09,0,0
3.13,3.1,0,0
3.14,3.11,0,0
3.15,3.11,0,0
3.15,3.12,0,0
3.16,3.12,0,0
3.16,3.13,0,0
3.17,3.14,0,0
3.17,3.15,0,0
3.18,3.15,0,0
3.19,3.15,0,0
3.18,3.15,0,0
3.18,3.16,0,0
3.19,3.16,0,0
3.19,3.17,0,0
3.19,3.17,0,0
3.19,3.18,0,0
3.2,3.18,0,0
3.2,3.18,0,0
3.2,3.19,0,0
3.21,3.19,0,0
3.22,3.2,0,0
3.22,3.21,0,0
3.22,3.22,0,0
3.23,3.22,0,0
3.23,3.23,0,0
3.24,3.24,0,0
3.24,3.24,0,0
3.25,3.24,0,0
3.25,3.24,0,0
3.27,3.25,0,0
3.28,3.27,0,0
3.27,3.25,0,0
3.25,3.23,0,0
3.24,3.21,0,0
3.23,3.2,0,0
3.22,3.18,0,0
3.21,3.17,0,0
3.2,3.15,0,0
3.18,3.14,0,0
3.17,3.12,0,0
3.15,3.11,0,0
3.14,3.1,0,0
3.13,3.09,0,0
3.12,3.08,0,0
3.1,3.07,0,0
3.09,3.05,0,0
3.08,3.04,0,0
3.08,3.04,0,0
3.08,3.03,0,0
3.07,3.02,0,0
3.06,3.02,0,0
3.06,3.01,0,0
3.05,3,0,0
3.05,3,0,0
3.05,3,0,0
3.05,2.99,0,0
3.04,2.99,0,0
3.04,2.98,0,0
3.05,2.97,0,0
3.04,2.96,0,0
3.03,2.95,0,0
3.02,2.94,0,0
3.02,2.94,0,0
3.01,2.93,0,0
3.01,2.93,0,0
3.01,2.92,0,0
3.01,2.92,0,0
3.01,2.92,0,0
3.01,2.92,0,0
3.01,2.92,0,0
3.01,2.92,0,0
3.02,2.92,0,0
3.02,2.93,0,0
3.02,2.93,0,0
3.03,2.94,0,0
3.03,2.95,0,0
3.04,2.95,0,0
3.04,2.96,0,0
3.05,2.98,0,0
3.06,3,0,0
3.08,3,0,0
3.09,3,0,0
3.08,3.01,0,0
3.08,3.02,0,0
3.08,3.02,0,0
3.08,3.02,0,0
3.07,3.01,0,0
3.07,3.01,0,0
3.06,3,0,0
3.06,3,0,0
3.05,2.99,0,0
3.05,2.99,0,0
3.04,2.98,0,0
3.03,2.98,0,0
3.04,2.97,0,0
3.03,2.97,0,0
3.03,2.96,0,0
3.03,2.96,0,0
3.03,2.96,0,0
3.03,2.96,0,0
3.04,2.96,0,0
3.04,2.96,0,0
3.04,2.96,0,0
3.04,2.96,0,0
3.05,2.96,0,0
3.05,2.97,0,0
3.05,2.96,0,0
3.05,2.96,0,0
3.06,2.96,0,0
3.06,2.96,0,0
3.06,2.96,0,0
3.06,2.96,0,0
3.06,2.95,0,0
3.06,2.95,0,0
3.06,2.95,0,0
3.06,2.95,0,0
3.06,2.95,0,0
3.06,2.95,0,0
3.06,2.95,0,0
3.05,2.94,0,0
3.05,2.94,0,0
3.05,2.94,0,0
3.05,2.95,0,0
3.05,2.95,0,0
3.05,2.94,0,0
3.04,2.94,0,0
3.04,2.94,0,0
3.03,2.94,0,0
3.05,2.95,0,0
3.05,2.94,0,0
3.05,2.94,0,0
3.05,2.94,0,0
3.05,2.94,0,0
3.05,2.95,0,0
3.05,2.95,0,0
3.06,2.95,0,0
3.06,2.96,0,0
3.06,2.96,0,0
3.06,2.96,0,0
3.07,2.97,0,0
3.07,2.97,0,0
3.05,2.97,0,0
3.01,2.81,0,0
,,4,4
,,4,4
,,4,4
,,4,4
,,4,4
,,4,4
,,4,4
,,4,4
,,4,4
,2.32,4,0
,2.73,4,0
2.94,2.93,0,0
2.57,2.97,0,0
2.78,2.96,0,0
2.88,2.94,0,0
2.94,2.93,0,0
2.89,2.92,0,0
2.94,2.93,0,0
2.96,2.93,0,0
2.97,2.93,0,0
2.98,2.94,0,0
2.98,2.94,0,0
3,2.94,0,0
3.01,2.95,0,0
3.02,2.95,0,0
3.04,2.97,0,0
3.04,2.97,0,0
3.06,2.99,0,0
3.08,3,0,0
3.09,3.01,0,0
3.1,3.02,0,0
3.11,3.02,0,0
3.12,3.03,0,0
3.12,3.04,0,0
3.12,3.04,0,0
3.11,3.04,0,0
3.11,3.04,0,0
3.1,3.03,0,0
3.08,3.03,0,0
3.07,3.02,0,0
3.05,3,0,0
3.03,2.99,0,0
3.01,2.98,0,0
3,2.96,0,0
2.99,2.96,0,0
2.98,2.94,0,0
2.97,2.94,0,0
2.97,2.93,0,0
2.96,2.92,0,0
2.95,2.91,0,0
2.94,2.91,0,0
2.94,2.9,0,0
2.94,2.89,0,0
2.93,2.89,0,0
2.93,2.88,0,0
2.93,2.87,0,0
2.92,2.87,0,0
2.91,2.87,0,0
2.91,2.86,0,0
2.9,2.86,0,0
2.9,2.85,0,0
2.89,2.85,0,0
2.88,2.84,0,0
2.88,2.84,0,0
2.88,2.84,0,0
2.88,2.84,0,0
2.88,2.84,0,0
2.87,2.84,0,0
2.87,2.84,0,0
2.87,2.84,0,0
2.87,2.85,0,0
2.87,2.84,0,0
2.87,2.84,0,0
2.86,2.84,0,0
2.86,2.84,0,0
2.86,2.84,0,0
2.85,2.84,0,0
2.85,2.83,0,0
2.85,2.83,0,0
2.84,2.83,0,0
2.84,2.83,0,0
2.84,2.82,0,0
2.83,2.82,0,0
2.83,2.82,0,0
2.84,2.83,0,0
2.84,2.83,0,0
2.84,2.83,0,0
2.84,2.83,0,0
2.84,2.83,0,0
2.85,2.84,0,0
2.85,2.84,0,0
2.86,2.84,0,0
2.86,2.85,0,0
2.87,2.86,0,0
2.87,2.87,0,0
2.88,2.87,0,0
2.88,2.87,0,0
2.88,2.87,0,0
2.88,2.87,0,0
2.88,2.87,0,0
2.88,2.87,0,0
2.88,2.87,0,0
2.87,2.86,0,0
2.86,2.86,0,0
2.85,2.84,0,0
2.85,2.84,0,0
2.85,2.83,0,0
2.84,2.82,0,0
2.83,2.81,0,0
2.82,2.8,0,0
2.81,2.79,0,0
2.81,2.79,0,0
2.8,2.78,0,0
2.8,2.77,0,0
2.79,2.77,0,0
2.78,2.77,0,0
2.78,2.77,0,0
2.78,2.76,0,0
2.78,2.76,0,0
2.77,2.75,0,0
2.77,2.75,0,0
2.76,2.75,0,0
2.76,2.75,0,0
2.76,2.75,0,0
2.77,2.74,0,0
2.76,2.74,0,0
2.76,2.74,0,0
2.75,2.74,0,0
2.75,2.73,0,0
2.75,2.73,0,0
2.75,2.73,0,0
2.76,2.73,0,0
2.76,2.73,0,0
2.76,2.73,0,0
2.76,2.74,0,0
2.78,2.74,0,0
2.78,2.74,0,0
2.78,2.75,0,0
2.78,2.77,0,0
2.79,2.77,0,0
2.79,2.77,0,0
2.8,2.78,0,0
2.8,2.78,0,0
2.8,2.78,0,0
2.8,2.79,0,0
2.81,2.79,0,0
2.81,2.8,0,0
2.81,2.8,0,0
2.81,2.8,0,0
2.81,2.8,0,0
2.81,2.8,0,0
2.81,2.8,0,0
2.81,2.8,0,0
2.81,2.81,0,0
2.81,2.81,0,0
2.81,2.81,0,0
2.82,2.82,0,0
2.82,2.83,0,0
2.83,2.84,0,0
2.84,2.84,0,0
2.85,2.84,0,0
2.85,2.85,0,0
2.86,2.86,0,0
2.87,2.87,0,0
2.87,2.88,0,0
2.89,2.88,0,0
2.89,2.89,0,0
2.9,2.89,0,0
2.91,2.91,0,0
2.9,2.91,0,0
2.9,2.92,0,0
2.91,2.92,0,0
2.92,2.92,0,0
2.92,2.92,0,0
2.93,2.93,0,0
2.94,2.93,0,0
2.93,2.96,0,0
2.88,2.99,0,0
2.72,2.99,0,0
2.71,2.98,0,0
2.88,2.98,0,0
2.93,2.97,0,0
2.95,2.95,0,0
2.95,2.94,0,0
2.95,2.93,0,0
2.94,2.92,0,0
2.94,2.91,0,0
2.93,2.9,0,0
2.92,2.89,0,0
2.91,2.88,0,0
2.9,2.87,0,0
2.89,2.86,0,0
2.89,2.84,0,0
2.88,2.83,0,0
2.86,2.82,0,0
2.86,2.81,0,0
2.85,2.8,0,0
2.84,2.79,0,0
2.84,2.78,0,0
2.83,2.77,0,0
2.84,2.77,0,0
2.83,2.76,0,0
2.83,2.76,0,0
2.84,2.76,0,0
2.85,2.75,0,0
2.84,2.76,0,0
2.85,2.76,0,0
2.85,2.76,0,0
2.85,2.76,0,0
2.85,2.77,0,0
2.85,2.77,0,0
2.85,2.77,0,0
2.86,2.77,0,0
2.86,2.77,0,0
2.86,2.77,0,0
2.86,2.77,0,0
2.86,2.78,0,0
2.86,2.78,0,0
2.87,2.78,0,0
2.86,2.78,0,0
2.87,2.78,0,0
2.86,2.77,0,0
2.86,2.77,0,0
2.86,2.78,0,0
2.85,2.78,0,0
2.85,2.78,0,0
2.86,2.78,0,0
2.85,2.79,0,0
2.85,2.79,0,0
2.86,2.79,0,0
2.86,2.79,0,0
2.86,2.79,0,0
2.85,2.79,0,0
2.86,2.8,0,0
2.86,2.79,0,0
2.85,2.78,0,0
2.85,2.78,0,0
2.85,2.78,0,0
2.84,2.78,0,0
2.83,2.77,0,0
2.83,2.76,0,0
2.81,2.76,0,0
2.82,2.75,0,0
2.81,2.74,0,0
2.8,2.73,0,0
2.79,2.73,0,0
2.78,2.72,0,0
2.78,2.72,0,0
2.78,2.71,0,0
2.77,2.7,0,0
2.76,2.7,0,0
2.75,2.68,0,0
2.74,2.67,0,0
2.73,2.66,0,0
2.72,2.65,0,0
2.71,2.64,0,0
2.7,2.63,0,0
2.69,2.62,0,0
2.68,2.61,0,0
2.67,2.6,0,0
2.66,2.6,0,0
2.65,2.58,0,0
2.65,2.58,0,0
2.64,2.58,0,0
2.63,2.57,0,0
2.63,2.57,0,0
2.6,2.58,0,0
2.58,2.56,0,0
2.59,2.56,0,0
2.58,2.56,0,0
2.57,2.55,0,0
2.57,2.55,0,0
2.57,2.55,0,0
2.57,2.55,0,0
2.6,2.57,0,0
2.62,2.55,0,0
2.63,2.53,0,0
2.61,2.52,0,0
2.63,2.54,0,0
2.63,2.53,0,0
2.63,2.52,0,0
2.63,2.53,0,0
2.64,2.52,0,0
2.64,2.54,0,0
2.65,2.54,0,0
2.65,2.54,0,0
2.65,2.55,0,0
2.65,2.55,0,0
2.66,2.55,0,0
2.66,2.56,0,0
2.67,2.57,0,0
2.68,2.57,0,0
2.69,2.59,0,0
2.69,2.6,0,0
2.69,2.6,0,0
2.71,2.61,0,0
2.7,2.61,0,0
2.71,2.63,0,0
2.71,2.63,0,0
2.72,2.64,0,0
2.72,2.65,0,0
2.73,2.66,0,0
2.73,2.66,0,0
2.73,2.67,0,0
2.73,2.67,0,0
2.72,2.67,0,0
2.72,2.66,0,0
2.71,2.66,0,0
2.71,2.65,0,0
2.7,2.64,0,0
2.69,2.64,0,0
2.69,2.64,0,0
2.68,2.63,0,0
2.67,2.62,0,0
2.66,2.61,0,0
2.66,2.6,0,0
2.65,2.59,0,0
2.65,2.59,0,0
2.64,2.58,0,0
2.64,2.58,0,0
2.63,2.59,0,0
2.62,2.57,0,0
2.61,2.57,0,0
2.61,2.57,0,0
2.61,2.57,0,0
2.6,2.56,0,0
2.6,2.56,0,0
2.6,2.56,0,0
2.59,2.56,0,0
2.59,2.55,0,0
2.59,2.56,0,0
2.59,2.54,0,0
2.59,2.54,0,0
2.59,2.54,0,0
2.59,2.53,0,0
2.59,2.53,0,0
2.6,2.54,0,0
2.59,2.53,0,0
2.59,2.53,0,0
2.62,2.56,0,0
2.6,2.57,0,0
2.6,2.57,0,0
2.6,2.56,0,0
2.6,2.56,0,0
2.6,2.56,0,0
2.6,2.56,0,0
2.59,2.56,0,0
2.59,2.56,0,0
2.59,2.56,0,0
2.59,2.55,0,0
2.58,2.56,0,0
2.58,2.56,0,0
2.58,2.55,0,0
2.58,2.55,0,0
2.58,2.55,0,0
2.58,2.55,0,0
2.59,2.54,0,0
2.59,2.55,0,0
2.59,2.55,0,0
2.58,2.55,0,0
2.59,2.55,0,0
2.57,2.54,0,0
2.47,2.56,0,0
,2.48,4,0
,,4,4
,,4,4
,,4,4
,,4,4
,,4,4
,,4,4
,,4,4
,,4,4
,,4,4
,,4,4
,,4,4
,,4,4
,,4,4
,,4,4
,,4,4
,,4,4
,,4,4
,,4,4
,,4,4
,2.57,4,0
,,4,4
,,4,4
,,4,4
,,4,4
,,4,4
,,4,4
,,4,4
,,4,4
,,4,4
,,4,4
2.6,2.56,0,0
2.58,2.53,0,0
2.57,2.52,0,0
2.57,2.51,0,0
2.56,2.52,0,0
2.55,2.51,0,0
2.54,2.49,0,0
2.53,2.5,0,0
2.53,2.48,0,0
2.51,2.48,0,0
2.5,2.46,0,0
2.5,2.46,0,0
2.5,2.45,0,0
2.52,2.45,0,0
2.53,2.42,0,0
2.53,2.41,0,0
2.53,2.41,0,0
2.51,2.42,0,0
2.51,2.39,0,0
2.5,2.35,0,0
2.49,2.37,0,0
2.49,2.36,0,0
2.48,2.36,0,0
2.46,2.37,0,0
2.47,2.37,0,0
2.48,2.38,0,0
2.49,2.39,0,0
2.49,2.38,0,0
2.47,2.38,0,0
2.48,2.39,0,0
2.48,2.38,0,0
2.47,2.37,0,0
2.47,2.37,0,0
2.48,2.37,0,0
2.47,2.37,0,0
2.47,2.37,0,0
2.48,2.37,0,0
2.49,2.37,0,0
2.49,2.38,0,0
2.49,2.39,0,0
2.5,2.38,0,0
2.51,2.39,0,0
2.52,2.4,0,0
2.53,2.41,0,0
2.54,2.42,0,0
2.56,2.47,0,0
2.54,2.48,0,0
2.55,2.48,0,0
2.55,2.48,0,0
2.55,2.48,0,0
2.54,2.49,0,0
2.54,2.5,0,0
2.54,2.5,0,0
2.54,2.49,0,0
2.53,2.49,0,0
2.54,2.5,0,0
2.53,2.49,0,0
2.53,2.49,0,0
2.52,2.49,0,0
2.54,2.5,0,0
2.55,2.52,0,0
2.54,2.52,0,0
2.53,2.52,0,0
2.52,2.51,0,0
2.52,2.5,0,0
2.53,2.5,0,0
2.52,2.51,0,0
2.53,2.5,0,0
2.53,2.5,0,0
2.53,2.51,0,0
2.53,2.51,0,0
2.53,2.52,0,0
2.53,2.52,0,0
2.55,2.54,0,0
2.52,2.55,0,0
2.5,2.53,0,0
2.51,2.53,0,0
2.5,2.53,0,0
2.5,2.53,0,0
2.51,2.54,0,0
2.51,2.54,0,0
2.51,2.54,0,0
2.52,2.55,0,0
2.52,2.56,0,0
2.53,2.56,0,0
2.53,2.56,0,0
2.53,2.56,0,0
2.54,2.57,0,0
2.55,2.57,0,0
2.54,2.57,0,0
2.55,2.58,0,0
2.55,2.57,0,0
2.54,2.56,0,0
2.53,2.57,0,0
2.54,2.56,0,0
2.53,2.56,0,0
2.53,2.55,0,0
2.52,2.54,0,0
2.52,2.55,0,0
2.52,2.54,0,0
2.53,2.54,0,0
2.49,2.54,0,0
2.53,2.54,0,0
2.53,2.54,0,0
2.54,2.55,0,0
2.55,2.56,0,0
2.55,2.56,0,0
2.55,2.56,0,0
2.55,2.56,0,0
2.55,2.56,0,0
2.55,2.56,0,0
2.53,2.55,0,0
2.54,2.55,0,0
2.53,2.55,0,0
2.49,2.56,0,0
2.44,2.56,0,0
,2.56,4,0
,,4,4
,,4,4
,,4,4
,,4,4
,,4,4
,,4,4
,,4,4
,2.41,4,0
,2.48,4,0
,2.53,4,0
,2.59,4,0
,2.58,4,0
,2.56,4,0
2.14,2.55,0,0
2.19,2.55,0,0
2.49,2.55,0,0
2.45,2.54,0,0
2.42,2.54,0,0
2.5,2.54,0,0
2.5,2.54,0,0
2.52,2.55,0,0
2.52,2.55,0,0
2.54,2.56,0,0
2.55,2.57,0,0
2.56,2.57,0,0
2.57,2.58,0,0
2.6,2.59,0,0
2.6,2.59,0,0
2.61,2.6,0,0
2.62,2.62,0,0
2.63,2.62,0,0
2.63,2.63,0,0
2.62,2.64,0,0
2.62,2.67,0,0
2.64,2.66,0,0
2.64,2.64,0,0
2.67,2.66,0,0
2.68,2.66,0,0
2.68,2.65,0,0
2.68,2.65,0,0
2.66,2.64,0,0
2.66,2.64,0,0
2.66,2.63,0,0
2.66,2.63,0,0
2.65,2.63,0,0
2.65,2.62,0,0
2.65,2.62,0,0
2.63,2.62,0,0
2.63,2.62,0,0
2.63,2.62,0,0
2.61,2.6,0,0
2.61,2.6,0,0
2.6,2.6,0,0
2.59,2.58,0,0
2.59,2.58,0,0
2.58,2.57,0,0
2.58,2.57,0,0
2.58,2.59,0,0
2.52,2.6,0,0
2.53,2.58,0,0
2.53,2.57,0,0
2.53,2.58,0,0
2.52,2.57,0,0
2.52,2.56,0,0
2.51,2.56,0,0
2.51,2.56,0,0
2.47,2.55,0,0
2.48,2.54,0,0
2.46,2.53,0,0
2.48,2.53,0,0
2.48,2.53,0,0
2.47,2.53,0,0
2.49,2.52,0,0
2.47,2.51,0,0
2.47,2.51,0,0
2.47,2.51,0,0
2.47,2.51,0,0
2.49,2.51,0,0
2.48,2.51,0,0
2.49,2.51,0,0
2.49,2.51,0,0
2.49,2.52,0,0
2.51,2.51,0,0
2.53,2.52,0,0
2.51,2.52,0,0
2.49,2.52,0,0
2.49,2.53,0,0
2.5,2.53,0,0
2.51,2.54,0,0
2.47,2.54,0,0
2.52,2.54,0,0
2.49,2.56,0,0
2.52,2.56,0,0
2.53,2.57,0,0
2.54,2.57,0,0
2.54,2.58,0,0
2.56,2.58,0,0
2.57,2.59,0,0
2.6,2.6,0,0
2.61,2.61,0,0
2.62,2.62,0,0
2.61,2.63,0,0
2.62,2.64,0,0
2.63,2.64,0,0
2.65,2.65,0,0
2.66,2.66,0,0
2.66,2.67,0,0
2.66,2.68,0,0
2.67,2.69,0,0
2.67,2.69,0,0
2.29,2.61,0,0
,,4,4
,,4,4
,,4,4
,,4,4
,,4,4
,,4,4
,,4,4
,,4,4
,,4,4
,,4,4
,,4,4
,,4,4
,,4,4
,,4,4
,,4,4
,,4,4
,,4,4
,,4,4
,,4,4
2.68,2.84,0,0
,,4,4
,,4,4
,,4,4
,,4,4
,,4,4
,,4,4
,,4,4
,,4,4
,,4,4
2.67,2.86,0,0
2.72,2.87,0,0
2.7,2.88,0,0
2.72,2.9,0,0
2.75,2.91,0,0
2.74,2.92,0,0
2.78,2.94,0,0
2.92,2.94,0,0
2.94,2.93,0,0
2.94,2.94,0,0
2.95,2.94,0,0
2.97,2.95,0,0
2.98,2.96,0,0
2.98,2.97,0,0
2.99,2.98,0,0
3.01,2.98,0,0
3.01,2.99,0,0
3.02,3,0,0
3.03,3.01,0,0
3.04,3.02,0,0
3.06,3.06,0,0
3.01,3.05,0,0
3,3.06,0,0
3,3.06,0,0
3.01,3.06,0,0
3.01,3.07,0,0
3.02,3.07,0,0
3.02,3.08,0,0
3.02,3.09,0,0
3.03,3.09,0,0
3.03,3.1,0,0
3.03,3.11,0,0
3.04,3.12,0,0
3.04,3.12,0,0
3.05,3.13,0,0
3.05,3.13,0,0
3.05,3.14,0,0
3.06,3.15,0,0
3.05,3.16,0,0
3.06,3.17,0,0
3.06,3.17,0,0
3.06,3.17,0,0
3.06,3.17,0,0
3.06,3.17,0,0
3.06,3.18,0,0
3.06,3.18,0,0
3.06,3.18,0,0
3.06,3.18,0,0
3.06,3.18,0,0
3.06,3.17,0,0
3.05,3.17,0,0
3.05,3.17,0,0
3.04,3.17,0,0
3.04,3.17,0,0
3.04,3.17,0,0
3.03,3.17,0,0
3.04,3.17,0,0
3.04,3.17,0,0
3.04,3.17,0,0
3.04,3.17,0,0
3.04,3.17,0,0
3.05,3.17,0,0
3.05,3.18,0,0
3.06,3.17,0,0
3.06,3.18,0,0
3.06,3.18,0,0
3.06,3.19,0,0
3.06,3.19,0,0
3.06,3.2,0,0
3.06,3.21,0,0
3.05,3.22,0,0
3.04,3.22,0,0
3.02,3.23,0,0
2.96,3.23,0,0
2.9,3.23,0,0
3.02,3.19,0,0
2.78,2.95,0,0
,,4,4
,,4,4
,,4,4
,,4,4
,,4,4
,,4,4
,,4,4
,,4,4
,,4,4
,,4,4
,,4,4
,,4,4
,,4,4
,,4,4
,,4,4
,,4,4
,,4,4
,,4,4
,,4,4
,,4,4
,,4,4
,,4,4
,,4,4
,,4,4
3.3,3.36,0,0
,,4,4
,,4,4
,,4,4
,,4,4
,,4,4
3.31,3.36,0,0
3.31,3.35,0,0
3.32,3.35,0,0
3.32,3.35,0,0
3.31,3.34,0,0
3.31,3.33,0,0
3.31,3.33,0,0
3.3,3.32,0,0
3.3,3.32,0,0
3.3,3.31,0,0
3.29,3.31,0,0
3.28,3.3,0,0
3.28,3.3,0,0
3.31,3.32,0,0
3.31,3.31,0,0
3.31,3.3,0,0
3.31,3.31,0,0
3.3,3.29,0,0
3.29,3.29,0,0
3.29,3.28,0,0
3.29,3.28,0,0
3.29,3.28,0,0
3.29,3.28,0,0
3.29,3.28,0,0
3.29,3.28,0,0
3.29,3.29,0,0
3.29,3.29,0,0
3.3,3.29,0,0
3.29,3.29,0,0
3.3,3.3,0,0
3.3,3.3,0,0
3.3,3.3,0,0
3.3,3.3,0,0
3.3,3.31,0,0
3.3,3.31,0,0
3.3,3.31,0,0
3.3,3.32,0,0
3.3,3.33,0,0
3.3,3.33,0,0
3.31,3.33,0,0
3.31,3.33,0,0
3.31,3.34,0,0
3.31,3.34,0,0
3.31,3.34,0,0
3.31,3.34,0,0
3.31,3.34,0,0
3.31,3.34,0,0
3.3,3.33,0,0
3.3,3.33,0,0
3.29,3.33,0,0
3.29,3.32,0,0
3.28,3.32,0,0
3.28,3.32,0,0
3.27,3.31,0,0
3.27,3.31,0,0
3.27,3.31,0,0
3.27,3.31,0,0
3.27,3.31,0,0
3.27,3.31,0,0
3.27,3.31,0,0
3.27,3.3,0,0
3.27,3.31,0,0
3.27,3.31,0,0
3.27,3.3,0,0
3.27,3.31,0,0
3.27,3.31,0,0
3.27,3.31,0,0
3.27,3.31,0,0
3.26,3.31,0,0
3.26,3.31,0,0
3.26,3.31,0,0
3.26,3.31,0,0
3.25,3.31,0,0
3.26,3.31,0,0
3.25,3.32,0,0
3.1,3.06,0,0
,,4,4
,,4,4
,,4,4
,,4,4
,,4,4
,,4,4
,,4,4
,,4,4
,3.13,4,0
,3.19,4,0
2.69,3.25,0,0
3.03,3.23,0,0
3.13,3.21,0,0
3.11,3.2,0,0
3.13,3.19,0,0
3.13,3.18,0,0
3.13,3.17,0,0
3.12,3.16,0,0
3.11,3.16,0,0
3.11,3.16,0,0
3.1,3.15,0,0
3.1,3.15,0,0
3.11,3.15,0,0
3.11,3.16,0,0
3.11,3.16,0,0
3.11,3.16,0,0
3.12,3.16,0,0
3.13,3.16,0,0
3.14,3.17,0,0
3.14,3.17,0,0
3.15,3.17,0,0
3.15,3.17,0,0
3.16,3.17,0,0
3.17,3.17,0,0
3.17,3.17,0,0
3.18,3.18,0,0
3.18,3.18,0,0
3.19,3.18,0,0
3.19,3.18,0,0
3.2,3.18,0,0
3.21,3.19,0,0
3.21,3.19,0,0
3.21,3.19,0,0
3.22,3.2,0,0
3.22,3.2,0,0
3.23,3.21,0,0
3.24,3.24,0,0
3.24,3.22,0,0
3.24,3.23,0,0
3.24,3.23,0,0
3.23,3.22,0,0
3.23,3.22,0,0
3.23,3.22,0,0
3.23,3.22,0,0
3.23,3.22,0,0
3.22,3.22,0,0
3.22,3.22,0,0
3.22,3.22,0,0
3.21,3.22,0,0
3.21,3.22,0,0
3.21,3.22,0,0
3.2,3.22,0,0
3.19,3.21,0,0
3.19,3.21,0,0
3.19,3.21,0,0
3.19,3.21,0,0
3.18,3.21,0,0
3.18,3.21,0,0
3.19,3.21,0,0
3.19,3.21,0,0
3.2,3.21,0,0
3.2,3.22,0,0
3.2,3.22,0,0
3.21,3.22,0,0
3.21,3.22,0,0
3.21,3.22,0,0
3.2,3.22,0,0
3.2,3.22,0,0
3.19,3.21,0,0
3.19,3.21,0,0
3.18,3.2,0,0
3.16,3.19,0,0
3.15,3.17,0,0
3.14,3.16,0,0
3.13,3.15,0,0
3.13,3.15,0,0
3.13,3.14,0,0
3.12,3.13,0,0
3.11,3.12,0,0
3.11,3.11,0,0
3.1,3.11,0,0
3.1,3.11,0,0
3.09,3.1,0,0
3.09,3.1,0,0
3.09,3.1,0,0
3.08,3.1,0,0
3.08,3.09,0,0
3.08,3.09,0,0
3.08,3.09,0,0
3.08,3.09,0,0
3.08,3.08,0,0
3.09,3.09,0,0
3.08,3.09,0,0
3.08,3.08,0,0
3.09,3.08,0,0
3.08,3.08,0,0
3.09,3.08,0,0
3.09,3.08,0,0
3.09,3.08,0,0
3.09,3.08,0,0
3.09,3.08,0,0
3.09,3.08,0,0
3.09,3.08,0,0
3.08,3.08,0,0
3.08,3.07,0,0
3.07,3.07,0,0
3.07,3.06,0,0
3.06,3.06,0,0
3.06,3.06,0,0
3.06,3.06,0,0
3.05,3.05,0,0
3.07,3.06,0,0
3.08,3.07,0,0
3.06,3.07,0,0
3.07,3.06,0,0
3.07,3.06,0,0
3.06,3.05,0,0
3.05,3.05,0,0
3.04,3.04,0,0
3.03,3.04,0,0
3.02,3.03,0,0
3.02,3.02,0,0
3.01,3.02,0,0
2.99,3.01,0,0
2.98,3.01,0,0
2.97,3,0,0
2.96,2.99,0,0
2.95,2.98,0,0
2.95,2.98,0,0
2.94,2.97,0,0
2.93,2.96,0,0
2.93,2.95,0,0
2.91,2.95,0,0
2.92,2.94,0,0
2.93,2.92,0,0
2.92,2.92,0,0
2.92,2.92,0,0
2.92,2.91,0,0
2.91,2.91,0,0
2.91,2.9,0,0
2.91,2.9,0,0
2.91,2.9,0,0
2.91,2.89,0,0
2.9,2.88,0,0
2.9,2.88,0,0
2.89,2.87,0,0
2.89,2.86,0,0
2.89,2.86,0,0
2.88,2.85,0,0
2.87,2.85,0,0
2.87,2.84,0,0
2.86,2.83,0,0
2.86,2.82,0,0
2.86,2.82,0,0
2.85,2.84,0,0
2.84,2.82,0,0
2.84,2.81,0,0
2.83,2.8,0,0
2.82,2.79,0,0
2.81,2.78,0,0
2.81,2.77,0,0
2.79,2.76,0,0
2.79,2.75,0,0
2.78,2.74,0,0
2.77,2.73,0,0
2.77,2.73,0,0
2.76,2.73,0,0
2.75,2.73,0,0
2.75,2.73,0,0
2.75,2.72,0,0
2.75,2.72,0,0
2.75,2.71,0,0
2.75,2.71,0,0
2.75,2.72,0,0
2.75,2.71,0,0
2.75,2.71,0,0
2.75,2.71,0,0
2.75,2.71,0,0
2.75,2.72,0,0
2.75,2.72,0,0
2.75,2.72,0,0
2.75,2.71,0,0
2.75,2.71,0,0
2.75,2.71,0,0
2.75,2.71,0,0
2.75,2.72,0,0
2.76,2.72,0,0
2.76,2.72,0,0
2.76,2.72,0,0
2.77,2.72,0,0
2.77,2.72,0,0
2.77,2.73,0,0
2.77,2.73,0,0
2.77,2.73,0,0
2.77,2.74,0,0
2.77,2.74,0,0
2.76,2.75,0,0
2.76,2.74,0,0
2.75,2.75,0,0
2.75,2.75,0,0
2.75,2.74,0,0
2.74,2.74,0,0
2.74,2.74,0,0
2.74,2.74,0,0
2.73,2.73,0,0
2.73,2.74,0,0
2.72,2.73,0,0
2.72,2.74,0,0
2.73,2.74,0,0
2.73,2.74,0,0
2.73,2.74,0,0
2.73,2.75,0,0
2.75,2.75,0,0
2.53,2.71,0,0
,,4,4
,,4,4
,,4,4
,,4,4
,,4,4
,,4,4
,,4,4
,,4,4
,,4,4
,2.55,4,0
,2.66,4,0
,2.72,4,0
,2.72,4,0
2.44,2.69,0,0
2.68,2.69,0,0
2.73,2.68,0,0
2.71,2.67,0,0
2.68,2.67,0,0
2.65,2.66,0,0
2.65,2.66,0,0
2.67,2.66,0,0
2.68,2.66,0,0
2.68,2.66,0,0
2.69,2.66,0,0
2.69,2.67,0,0
2.7,2.67,0,0
2.72,2.69,0,0
2.72,2.7,0,0
2.73,2.71,0,0
2.73,2.71,0,0
2.73,2.71,0,0
2.73,2.72,0,0
2.74,2.72,0,0
2.73,2.72,0,0
2.73,2.72,0,0
2.72,2.72,0,0
2.72,2.72,0,0
2.72,2.71,0,0
2.71,2.71,0,0
2.7,2.71,0,0
2.69,2.71,0,0
2.68,2.71,0,0
2.68,2.7,0,0
2.67,2.69,0,0
2.66,2.68,0,0
2.65,2.68,0,0
2.65,2.67,0,0
2.64,2.66,0,0
2.63,2.66,0,0
2.63,2.66,0,0
2.63,2.64,0,0
2.62,2.63,0,0
2.61,2.62,0,0
2.61,2.61,0,0
2.6,2.61,0,0
2.6,2.6,0,0
2.6,2.6,0,0
2.59,2.59,0,0
2.58,2.58,0,0
2.57,2.58,0,0
2.57,2.58,0,0
2.56,2.57,0,0
2.56,2.56,0,0
2.56,2.56,0,0
2.55,2.56,0,0
2.55,2.55,0,0
2.54,2.55,0,0
2.54,2.54,0,0
2.53,2.53,0,0
2.53,2.53,0,0
2.52,2.52,0,0
2.52,2.52,0,0
2.51,2.52,0,0
2.52,2.51,0,0
2.5,2.51,0,0
2.5,2.52,0,0
2.5,2.51,0,0
2.49,2.51,0,0
2.5,2.5,0,0
2.48,2.5,0,0
2.49,2.49,0,0
2.48,2.5,0,0
2.48,2.49,0,0
2.48,2.5,0,0
2.48,2.5,0,0
2.49,2.49,0,0
2.47,2.5,0,0
2.45,2.5,0,0
2.48,2.5,0,0
2.47,2.5,0,0
2.48,2.5,0,0
2.47,2.5,0,0
2.47,2.5,0,0
2.47,2.5,0,0
2.48,2.51,0,0
2.48,2.51,0,0
2.48,2.51,0,0
2.49,2.52,0,0
2.49,2.52,0,0
2.48,2.53,0,0
2.49,2.53,0,0
2.5,2.54,0,0
2.51,2.54,0,0
2.52,2.54,0,0
2.52,2.54,0,0
2.52,2.54,0,0
2.52,2.55,0,0
2.52,2.55,0,0
2.52,2.55,0,0
2.52,2.55,0,0
2.52,2.55,0,0
2.53,2.56,0,0
2.52,2.56,0,0
2.53,2.57,0,0
2.55,2.58,0,0
2.52,2.57,0,0
2.53,2.58,0,0
2.56,2.58,0,0
2.5,2.58,0,0
2.51,2.57,0,0
2.5,2.58,0,0
2.52,2.58,0,0
2.51,2.58,0,0
2.5,2.58,0,0
2.5,2.58,0,0
2.5,2.58,0,0
2.49,2.58,0,0
2.51,2.57,0,0
2.5,2.58,0,0
2.51,2.57,0,0
2.5,2.57,0,0
2.5,2.58,0,0
2.52,2.58,0,0
2.53,2.58,0,0
2.51,2.57,0,0
2.51,2.58,0,0
2.52,2.58,0,0
2.51,2.58,0,0
2.51,2.58,0,0
2.51,2.58,0,0
2.51,2.57,0,0
2.51,2.57,0,0
2.51,2.56,0,0
2.52,2.55,0,0
2.51,2.55,0,0
2.5,2.55,0,0
2.51,2.55,0,0
2.5,2.54,0,0
2.52,2.54,0,0
2.49,2.53,0,0
2.48,2.52,0,0
2.49,2.53,0,0
2.48,2.52,0,0
2.47,2.51,0,0
2.51,2.51,0,0
2.47,2.5,0,0
2.46,2.49,0,0
2.46,2.49,0,0
2.47,2.48,0,0
2.43,2.48,0,0
2.42,2.47,0,0
2.42,2.47,0,0
2.42,2.46,0,0
2.41,2.45,0,0
2.4,2.45,0,0
2.4,2.44,0,0
2.4,2.44,0,0
2.4,2.44,0,0
2.41,2.43,0,0
2.39,2.42,0,0
2.38,2.41,0,0
2.37,2.4,0,0
2.37,2.39,0,0
2.35,2.38,0,0
2.35,2.38,0,0
2.34,2.37,0,0
2.35,2.37,0,0
2.34,2.37,0,0
2.34,2.38,0,0
2.34,2.37,0,0
2.35,2.37,0,0
2.31,2.38,0,0
2.3,2.37,0,0
2.28,2.35,0,0
2.31,2.35,0,0
2.29,2.35,0,0
2.3,2.34,0,0
2.31,2.32,0,0
2.28,2.33,0,0
2.3,2.33,0,0
2.28,2.33,0,0
2.34,2.32,0,0
2.27,2.31,0,0
2.29,2.31,0,0
2.3,2.31,0,0
,2.3,4,0
,2.3,4,0
,2.29,4,0
,2.3,4,0
,2.29,4,0
2.84,2.29,0,0
,2.29,4,0
,2.29,4,0
,2.29,4,0
,2.29,4,0
,2.29,4,0
,2.28,4,0
2.52,2.29,0,0
2.26,2.29,0,0
2.26,2.28,0,0
2.25,2.28,0,0
2.25,2.27,0,0
2.22,2.28,0,0
2.26,2.26,0,0
2.23,2.27,0,0
2.22,2.26,0,0
2.25,2.27,0,0
2.22,2.26,0,0
2.22,2.26,0,0
2.23,2.25,0,0
2.21,2.25,0,0
2.22,2.24,0,0
2.22,2.24,0,0
2.28,2.24,0,0
2.21,2.23,0,0
2.2,2.23,0,0
2.18,2.23,0,0
2.37,2.22,0,0
2.18,2.21,0,0
2.17,2.2,0,0
2.19,2.21,0,0
2.18,2.21,0,0
2.22,2.21,0,0
2.14,2.22,0,0
2.62,2.22,0,0
,2.21,4,0
2.17,2.21,0,0
2.17,2.21,0,0
,2.18,4,0
2.29,2.2,0,0
,2.19,4,0
,2.2,4,0
,2.18,4,0
2.14,2.19,0,0
,2.15,4,0
,2.16,4,0
2.15,2.17,0,0
,2.16,4,0
2.3,2.15,0,0
2.17,2.15,0,0
2.22,2.14,0,0
,2.15,4,0
2.08,2.14,0,0
,2.15,4,0
2.2,2.15,0,0
2.16,2.14,0,0
2.32,2.13,0,0
,2.15,4,0
,2.15,4,0
,2.14,4,0
,2.14,4,0
,2.14,4,0
,2.14,4,0
,2.15,4,0
,2.14,4,0
,2.14,4,0
,2.14,4,0
,2.14,4,0
3.2,2.13,0,0
,2.14,4,0
,2.15,4,0
,2.15,4,0
2.1,2.15,0,0
2.11,2.17,0,0
2.15,2.16,0,0
2.15,2.15,0,0
2.12,2.15,0,0
2.16,2.15,0,0
2.12,2.16,0,0
2.21,2.15,0,0
2.12,2.16,0,0
2.13,2.14,0,0
2.26,2.14,0,0
2.09,2.14,0,0
2.12,2.15,0,0
2.15,2.14,0,0
2.18,2.15,0,0
2.19,2.14,0,0
2.12,2.13,0,0
2.09,2.12,0,0
2.18,2.14,0,0
2.2,2.12,0,0
2.26,2.12,0,0
2.15,2.11,0,0
2.14,2.1,0,0
2.17,2.13,0,0
2.17,2.11,0,0
2.18,2.1,0,0
2.2,2.09,0,0
2.31,2.1,0,0
2.34,2.11,0,0
2.2,2.09,0,0
2.18,2.11,0,0
2.2,2.12,0,0
2.28,2.12,0,0
2.21,2.13,0,0
2.18,2.11,0,0
2.17,2.1,0,0
2.17,2.1,0,0
2.18,2.09,0,0
2.17,2.1,0,0
2.17,2.08,0,0
2.17,2.09,0,0
2.16,2.1,0,0
2.18,2.13,0,0
2.15,2.1,0,0
2.16,2.12,0,0
2.15,2.12,0,0
2.15,2.11,0,0
2.17,2.11,0,0
2.19,2.11,0,0
2.18,2.1,0,0
2.17,2.12,0,0
2.19,2.1,0,0
2.18,2.1,0,0
2.18,2.11,0,0
2.16,2.12,0,0
2.16,2.11,0,0
2.17,2.11,0,0
2.16,2.11,0,0
2.17,2.11,0,0
2.16,2.11,0,0
2.3,2.1,0,0
2.24,2.11,0,0
,2.12,4,0
,2.43,4,0
,,4,4
,,4,4
,,4,4
,,4,4
,,4,4
,,4,4
,,4,4
,,4,4
,,4,4
,,4,4
,,4,4
,,4,4
,,4,4
,,4,4
,,4,4
,,4,4
,,4,4
,,4,4
,,4,4
,,4,4
,,4,4
,,4,4
,,4,4
,,4,4
,,4,4
,,4,4
,,4,4
,,4,4
,,4,4
,2.14,4,0
,2.14,4,0
,2.12,4,0
,2.12,4,0
,2.13,4,0
,2.12,4,0
,2.11,4,0
,2.13,4,0
,2.13,4,0
,2.14,4,0
,2.1,4,0
,2.13,4,0
,2.14,4,0
,2.12,4,0
,2.14,4,0
,2.15,4,0
,2.15,4,0
,2.16,4,0
,2.15,4,0
,2.16,4,0
,2.17,4,0
,2.18,4,0
,2.18,4,0
,2.18,4,0
,2.49,4,0
,2.2,4,0
,2.19,4,0
,2.17,4,0
,2.19,4,0
,2.19,4,0
,2.18,4,0
,2.19,4,0
,2.16,4,0
,,4,4
,2.17,4,0
3.04,2.16,0,0
2.28,2.2,0,0
2.76,,0,4
,2.13,4,0
2.12,2.31,0,0
,2.14,4,0
2.45,2.15,0,0
,2.15,4,0
,2.18,4,0
,2.18,4,0
,,4,4
,2.18,4,0
,2.19,4,0
,2.15,4,0
,2.16,4,0
,2.17,4,0
,2.16,4,0
,2.16,4,0
2.14,2.15,0,0
,2.16,4,0
1.97,2.17,0,0
,2.18,4,0
,2.17,4,0
,2.17,4,0
2.19,2.18,0,0
,2.18,4,0
2.16,2.19,0,0
,2.18,4,0
,2.18,4,0
,2.19,4,0
,2.19,4,0
,2.18,4,0
,2.18,4,0
,2.19,4,0
,2.18,4,0
,2.17,4,0
,2.19,4,0
2.34,2.18,0,0
,2.18,4,0
,2.19,4,0
,2.18,4,0
,2.19,4,0
,2.19,4,0
,2.17,4,0
2.13,2.18,0,0
2.21,2.19,0,0
,2.17,4,0
3.54,2.18,0,0
,2.17,4,0
,2.16,4,0
,2.17,4,0
,2.18,4,0
,2.17,4,0
,2.17,4,0
,2.17,4,0
,2.18,4,0
,2.17,4,0
,2.19,4,0
,2.17,4,0
,2.16,4,0
,2.17,4,0
,2.17,4,0
,2.18,4,0
,2.17,4,0
,2.17,4,0
,2.19,4,0
,2.18,4,0
,2.17,4,0
,2.17,4,0
,2.16,4,0
,2.18,4,0
,2.18,4,0
,2.19,4,0
,2.18,4,0
,2.19,4,0
,2.2,4,0
,2.21,4,0
,2.21,4,0
,2.23,4,0
,2.23,4,0
,2.24,4,0
2.9,2.23,0,0
2.2,2.24,0,0
,2.24,4,0
,2.25,4,0
,2.25,4,0
,2.26,4,0
,2.25,4,0
,2.25,4,0
,2.25,4,0
,2.25,4,0
,2.25,4,0
,2.25,4,0
2.88,2.24,0,0
,2.24,4,0
,2.24,4,0
,2.23,4,0
,2.23,4,0
,2.24,4,0
,2.24,4,0
,2.24,4,0
,2.24,4,0
,2.24,4,0
,2.23,4,0
,2.24,4,0
,2.22,4,0
,2.22,4,0
,2.22,4,0
,2.23,4,0
3.17,2.23,0,0
,2.23,4,0
,2.22,4,0
,2.22,4,0
,2.21,4,0
2.68,2.21,0,0
,2.21,4,0
3.45,2.21,0,0
,2.21,4,0
,2.21,4,0
3.04,2.2,0,0
,2.22,4,0
,2.21,4,0
,2.21,4,0
,2.22,4,0
,2.2,4,0
,2.21,4,0
,2.2,4,0
,2.21,4,0
,2.2,4,0
,2.2,4,0
,2.21,4,0
,2.21,4,0
,2.19,4,0
,2.19,4,0
,2.19,4,0
,2.19,4,0
,2.19,4,0
,2.19,4,0
,2.18,4,0
,2.18,4,0
,2.18,4,0
,2.17,4,0
,2.18,4,0
,2.18,4,0
,2.17,4,0
,2.17,4,0
2.29,2.19,0,0
,2.2,4,0
,2.21,4,0
2.34,2.2,0,0
,2.2,4,0
2.21,2.18,0,0
2.49,2.16,0,0
2.17,2.2,0,0
2.56,2.19,0,0
2.59,2.19,0,0
3.18,2.17,0,0
3.24,2.17,0,0
2.57,2.22,0,0
2.59,2.22,0,0
2.28,2.22,0,0
2.44,2.22,0,0
2.24,2.23,0,0
2.19,2.23,0,0
2.36,2.23,0,0
2.49,2.22,0,0
2.17,2.22,0,0
2.7,2.21,0,0
2.2,2.21,0,0
,2.21,4,0
2.38,2.21,0,0
2.12,2.21,0,0
2.13,2.19,0,0
,2.2,4,0
,2.2,4,0
,2.19,4,0
,2.19,4,0
2.46,2.2,0,0
,2.19,4,0
2.54,2.19,0,0
,2.2,4,0
,2.19,4,0
,2.2,4,0
,2.19,4,0
,2.2,4,0
,2.2,4,0
,2.2,4,0
,2.19,4,0
,2.19,4,0
,2.18,4,0
,2.18,4,0
,2.18,4,0
2.78,2.15,0,0
,2.17,4,0
,2.17,4,0
,2.17,4,0
,2.17,4,0
,2.13,4,0
,2.12,4,0
,2.16,4,0
,2.15,4,0
,2.15,4,0
,2.15,4,0
,2.14,4,0
,2.15,4,0
,2.11,4,0
,2.13,4,0
,2.13,4,0
,2.09,4,0
,2.13,4,0
,2.12,4,0
,2.12,4,0
,2.11,4,0
,2.11,4,0
,2.1,4,0
,2.08,4,0
,2.1,4,0
,2.12,4,0
,2.09,4,0
,2.12,4,0
,2.09,4,0
,2.08,4,0
,2.11,4,0
,2.1,4,0
,2.05,4,0
,2.1,4,0
,2.09,4,0
,2.09,4,0
,2.1,4,0
,2.1,4,0
,2.04,4,0
,2.1,4,0
,2.11,4,0
,2.08,4,0
,2.15,4,0
,2.14,4,0
,2.13,4,0
,2.14,4,0
,2.14,4,0
,2.14,4,0
,2.15,4,0
,2.15,4,0
,2.15,4,0
,2.15,4,0
,2.12,4,0
,2.13,4,0
,2.14,4,0
2.61,2.14,0,0
,2.12,4,0
,2.12,4,0
,2.11,4,0
,2.13,4,0
,2.11,4,0
,,4,4
,,4,4
,,4,4
,2.15,4,0
2.3,2.15,0,0
,2.14,4,0
,2.15,4,0
2.24,2.15,0,0
,2.38,4,0
,2.15,4,0
2.17,2.16,0,0
,2.16,4,0
,2.59,4,0
2.58,2.18,0,0
2.41,2.17,0,0
2.08,2.18,0,0
2.34,2.19,0,0
2.15,2.21,0,0
,2.21,4,0
2.19,2.19,0,0
2.21,2.2,0,0
,2.2,4,0
,2.2,4,0
,2.21,4,0
,2.2,4,0
,2.21,4,0
,2.2,4,0
,2.21,4,0
,2.21,4,0
,2.2,4,0
,2.19,4,0
,2.19,4,0
,2.17,4,0
,2.19,4,0
,2.16,4,0
,2.17,4,0
,2.17,4,0
,2.16,4,0
,2.18,4,0
2.26,2.18,0,0
2.23,2.19,0,0
2.28,2.18,0,0
2.15,2.2,0,0
2.2,2.19,0,0
2.2,2.18,0,0
2.13,2.19,0,0
2.19,2.17,0,0
,2.18,4,0
,2.17,4,0
,2.17,4,0
,2.16,4,0
,2.16,4,0
,2.12,4,0
,2.15,4,0
,2.13,4,0
,2.14,4,0
,2.13,4,0
,2.13,4,0
2.2,2.13,0,0
,2.11,4,0
,2.07,4,0
,,4,4
,2.09,4,0
,2.09,4,0
,2.09,4,0
,2.11,4,0
,2.07,4,0
,2.09,4,0
,2.06,4,0
,2.08,4,0
,,4,4
,2.09,4,0
,2.03,4,0
,2.07,4,0
,,4,4
,2.03,4,0
,2.02,4,0
,,4,4
,,4,4
,2.05,4,0
,2.06,4,0
,2.06,4,0
,2.06,4,0
,2.05,4,0
,2.08,4,0
,2.08,4,0
,2.09,4,0
,2.09,4,0
,2.1,4,0
,2.09,4,0
,2.1,4,0
,2.12,4,0
,2.1,4,0
,2.1,4,0
,2.1,4,0
,2.11,4,0
,2.1,4,0
,2.07,4,0
,,4,4
,,4,4
,,4,4
,2.08,4,0
,,4,4
,2.07,4,0
,2.09,4,0
,2.08,4,0
,2.08,4,0
,2.05,4,0
,2.08,4,0
,2.06,4,0
,2.06,4,0
,2.08,4,0
,2.09,4,0
,2.08,4,0
,2.09,4,0
,2.08,4,0
,2.07,4,0
,2.06,4,0
,2.07,4,0
,2.08,4,0
,2.03,4,0
,2.08,4,0
,2.1,4,0
2,2.11,0,0
,2.07,4,0
1.96,2.07,0,0
1.98,2.1,0,0
1.9,2.09,0,0
1.98,2.12,0,0
2.01,2.1,0,0
,2.06,4,0
,2.07,4,0
,2.07,4,0
,2.05,4,0
,2.07,4,0
,2.1,4,0
2,2.14,0,0
2.01,2.12,0,0
,2.14,4,0
2.23,2.14,0,0
2.07,2.16,0,0
2.12,2.17,0,0
,2.19,4,0
,2.2,4,0
2.11,2.22,0,0
2.15,2.24,0,0
2.19,2.25,0,0
2.18,2.25,0,0
2.23,2.25,0,0
2.24,2.26,0,0
2.23,2.26,0,0
2.22,2.27,0,0
2.25,2.27,0,0
2.24,2.27,0,0
2.25,2.27,0,0
2.23,2.27,0,0
2.26,2.27,0,0
2.24,2.27,0,0
2.25,2.26,0,0
2.19,2.26,0,0
2.22,2.26,0,0
,2.25,4,0
2.25,2.26,0,0
2.23,2.25,0,0
2.21,2.25,0,0
2.21,2.24,0,0
2.21,2.22,0,0
2.15,2.22,0,0
2.16,2.22,0,0
2.15,2.2,0,0
2.15,2.2,0,0
2.15,2.18,0,0
2.14,2.18,0,0
2.11,2.16,0,0
2.11,2.16,0,0
2.11,2.16,0,0
2.09,2.16,0,0
2.1,2.15,0,0
2.69,2.13,0,0
2.11,2.13,0,0
2.1,2.12,0,0
2.08,2.1,0,0
2.07,2.12,0,0
2.02,2.11,0,0
2.06,2.11,0,0
2.03,2.1,0,0
2.05,2.1,0,0
2.08,2.12,0,0
2.03,2.1,0,0
2.07,2.12,0,0
2.03,2.12,0,0
2.05,2.11,0,0
2.06,2.11,0,0
2.04,2.11,0,0
2.05,2.12,0,0
2,2.11,0,0
2.02,2.09,0,0
2.02,2.11,0,0
2.04,2.1,0,0
2.01,2.08,0,0
2,2.08,0,0
2.02,2.06,0,0
2.04,2.07,0,0
2.02,2.06,0,0
2,2.06,0,0
1.98,2.06,0,0
,2.04,4,0
,2.03,4,0
,2.07,4,0
,,4,4
,,4,4
,,4,4
,,4,4
,,4,4
,,4,4
,,4,4
,,4,4
,,4,4
,,4,4
,,4,4
,,4,4
,,4,4
,,4,4
,,4,4
,,4,4
,,4,4
,,4,4
,,4,4
,2.13,4,0
,,4,4
,,4,4
,,4,4
,,4,4
,,4,4
,,4,4
,,4,4
,,4,4
,,4,4
,,4,4
,2.14,4,0
2.19,2.16,0,0
2.18,2.17,0,0
2.17,2.16,0,0
,2.2,4,0
2.22,2.2,0,0
2.22,2.2,0,0
2.19,2.21,0,0
2.18,2.22,0,0
2.28,2.21,0,0
2.26,2.22,0,0
2.14,2.21,0,0
2.23,2.22,0,0
2.28,2.23,0,0
2.21,2.22,0,0
2.21,2.22,0,0
2.14,2.22,0,0
,2.21,4,0
2.17,2.2,0,0
,2.2,4,0
,2.39,4,0
,,4,4
,,4,4
,,4,4
,,4,4
,,4,4
,,4,4
,,4,4
,,4,4
,,4,4
,,4,4
,,4,4
,,4,4
,,4,4
,,4,4
,,4,4
,,4,4
,,4,4
,,4,4
,,4,4
,,4,4
,,4,4
,,4,4
,,4,4
,,4,4
2.16,2.07,0,0
,,4,4
,,4,4
,,4,4
,,4,4
,,4,4
2.16,2.09,0,0
2.18,2.16,0,0
2.21,2.1,0,0
2.27,2.14,0,0
2.18,2.11,0,0
2.18,2.12,0,0
2.2,2.14,0,0
2.2,2.12,0,0
2.21,2.15,0,0
2.19,2.14,0,0
2.2,2.13,0,0
2.19,2.15,0,0
2.19,2.12,0,0
2.19,2.13,0,0
2.19,2.15,0,0
2.18,2.13,0,0
2.23,2.14,0,0
2.18,2.15,0,0
2.19,2.13,0,0
2.21,2.12,0,0
2.19,2.14,0,0
2.21,2.14,0,0
2.19,2.2,0,0
2.17,2.15,0,0
2.18,,0,4
2.19,2.14,0,0
2.18,2.1,0,0
2.18,2.13,0,0
2.19,2.12,0,0
2.17,2.15,0,0
2.19,2.13,0,0
2.2,2.12,0,0
2.19,2.13,0,0
2.17,2.14,0,0
2.18,2.13,0,0
2.2,2.15,0,0
2.2,2.14,0,0
2.22,2.14,0,0
2.2,2.15,0,0
2.23,2.15,0,0
2.22,2.15,0,0
2.24,2.17,0,0
2.24,2.17,0,0
2.24,2.18,0,0
2.27,2.2,0,0
2.25,2.22,0,0
2.27,2.19,0,0
2.28,2.19,0,0
2.29,2.19,0,0
2.28,2.21,0,0
2.27,2.21,0,0
2.27,2.21,0,0
2.27,2.2,0,0
2.28,2.22,0,0
2.28,2.22,0,0
2.29,2.24,0,0
2.29,2.25,0,0
2.3,2.22,0,0
2.28,2.18,0,0
2.31,,0,4
2.28,,0,4
2.31,,0,4
2.32,2.26,0,0
2.32,2.28,0,0
2.33,2.22,0,0
2.35,,0,4
2.34,,0,4
2.34,2.22,0,0
2.35,,0,4
2.34,2.29,0,0
2.36,2.28,0,0
2.36,2.27,0,0
2.36,2.27,0,0
2.37,2.31,0,0
2.35,2.31,0,0
2.39,2.32,0,0
2.39,2.33,0,0
2.39,2.35,0,0
2.42,2.38,0,0
2.42,2.37,0,0
2.43,2.38,0,0
2.44,2.37,0,0
2.44,2.39,0,0
2.44,2.39,0,0
2.45,2.39,0,0
2.45,2.4,0,0
2.47,2.4,0,0
2.46,2.42,0,0
2.46,2.43,0,0
2.47,2.43,0,0
2.47,2.44,0,0
2.48,2.45,0,0
2.5,2.47,0,0
2.5,2.47,0,0
2.52,2.48,0,0
2.52,2.5,0,0
2.54,2.5,0,0
2.55,2.51,0,0
2.56,2.52,0,0
2.57,2.54,0,0
2.58,2.54,0,0
2.59,2.55,0,0
2.61,2.57,0,0
2.61,2.58,0,0
2.63,2.59,0,0
2.64,2.61,0,0
2.65,2.6,0,0
2.65,2.63,0,0
2.65,2.63,0,0
2.67,2.64,0,0
2.68,2.64,0,0
2.69,2.65,0,0
2.69,2.66,0,0
2.7,2.67,0,0
2.71,2.67,0,0
2.71,2.68,0,0
2.72,2.68,0,0
2.72,2.69,0,0
2.72,2.69,0,0
2.72,2.69,0,0
2.72,2.7,0,0
2.73,2.71,0,0
2.72,2.7,0,0
2.72,2.71,0,0
2.72,2.7,0,0
2.73,2.71,0,0
2.72,2.71,0,0
2.73,2.72,0,0
2.74,2.72,0,0
2.75,2.73,0,0
2.74,2.73,0,0
2.76,2.74,0,0
2.76,2.75,0,0
2.76,2.75,0,0
2.76,2.76,0,0
2.75,2.76,0,0
2.76,2.76,0,0
2.75,2.76,0,0
2.75,2.76,0,0
2.74,2.75,0,0
2.75,2.76,0,0
2.75,2.75,0,0
2.74,2.75,0,0
2.73,2.74,0,0
2.73,2.75,0,0
2.73,2.74,0,0
2.72,2.74,0,0
2.72,2.73,0,0
2.72,2.72,0,0
2.71,2.71,0,0
2.71,2.71,0,0
2.7,2.7,0,0
2.69,2.7,0,0
2.69,2.68,0,0
2.67,2.68,0,0
2.66,2.66,0,0
2.66,2.65,0,0
2.65,2.64,0,0
2.64,2.62,0,0
2.63,2.61,0,0
2.63,2.61,0,0
2.63,2.61,0,0
2.63,2.61,0,0
2.63,2.6,0,0
2.63,2.6,0,0
2.64,2.59,0,0
2.64,2.59,0,0
2.64,2.59,0,0
2.65,2.59,0,0
2.65,2.59,0,0
2.63,2.59,0,0
2.63,2.59,0,0
2.62,2.59,0,0
2.62,2.59,0,0
2.63,2.59,0,0
2.62,2.59,0,0
2.61,2.59,0,0
2.62,2.58,0,0
2.61,2.58,0,0
2.61,2.58,0,0
2.61,2.58,0,0
2.61,2.58,0,0
2.61,2.59,0,0
2.61,2.59,0,0
2.6,2.59,0,0
2.6,2.59,0,0
2.61,2.6,0,0
2.61,2.59,0,0
2.62,2.59,0,0
2.62,2.58,0,0
2.63,2.59,0,0
2.64,2.59,0,0
2.64,2.59,0,0
2.63,2.59,0,0
2.64,2.59,0,0
2.64,2.58,0,0
2.64,2.59,0,0
2.63,2.6,0,0
2.64,2.58,0,0
2.63,,0,4
2.63,,0,4
2.63,,0,4
2.64,2.61,0,0
2.66,2.62,0,0
2.65,2.63,0,0
2.65,2.62,0,0
2.64,2.62,0,0
2.64,2.63,0,0
2.64,2.63,0,0
2.65,2.64,0,0
2.65,2.65,0,0
2.66,2.65,0,0
2.66,2.65,0,0
2.67,2.66,0,0
2.68,2.67,0,0
2.69,2.67,0,0
2.69,2.68,0,0
2.71,2.69,0,0
2.72,2.7,0,0
2.74,2.72,0,0
2.74,2.72,0,0
2.75,2.74,0,0
2.77,2.74,0,0
2.77,2.75,0,0
2.79,2.76,0,0
2.8,2.77,0,0
2.81,2.78,0,0
2.82,2.79,0,0
2.84,2.8,0,0
2.84,2.81,0,0
2.85,2.82,0,0
2.86,2.83,0,0
2.88,2.84,0,0
2.89,2.85,0,0
2.89,2.87,0,0
2.9,2.88,0,0
2.91,2.88,0,0
2.91,2.89,0,0
2.91,2.9,0,0
2.92,2.9,0,0
2.92,2.9,0,0
2.92,2.91,0,0
2.92,2.91,0,0
2.92,2.91,0,0
2.91,2.9,0,0
2.91,2.9,0,0
2.91,2.9,0,0
2.91,2.9,0,0
2.91,2.9,0,0
2.82,2.9,0,0
,2.79,4,0
,,4,4
,,4,4
,,4,4
,,4,4
,,4,4
,,4,4
,,4,4
,,4,4
,,4,4
,,4,4
,,4,4
,,4,4
,,4,4
,,4,4
,,4,4
,,4,4
,,4,4
,,4,4
,,4,4
,2.93,4,0
,,4,4
,,4,4
,,4,4
,,4,4
,,4,4
,,4,4
,,4,4
,,4,4
,,4,4
,,4,4
,2.94,4,0
,2.95,4,0
,2.95,4,0
,2.96,4,0
,2.99,4,0
,3.02,4,0
,3.02,4,0
,3.02,4,0
,3.01,4,0
,3.01,4,0
,3.01,4,0
,3.01,4,0
,3.01,4,0
,3.01,4,0
,3.01,4,0
,3,4,0
,3,4,0
,3,4,0
,2.99,4,0
,2.99,4,0
,2.98,4,0
,2.98,4,0
,2.97,4,0
3,2.96,0,0
2.99,2.96,0,0
2.98,2.95,0,0
2.98,2.95,0,0
2.96,2.93,0,0
2.96,2.93,0,0
2.95,2.91,0,0
2.94,2.9,0,0
2.92,2.88,0,0
2.91,2.87,0,0
2.9,2.86,0,0
2.89,2.85,0,0
2.88,2.83,0,0
2.86,2.82,0,0
2.85,2.81,0,0
2.84,2.8,0,0
2.83,2.79,0,0
2.82,2.78,0,0
2.82,2.78,0,0
2.82,2.78,0,0
2.82,2.78,0,0
2.82,2.78,0,0
2.82,2.78,0,0
2.82,2.78,0,0
2.82,2.78,0,0
2.83,2.78,0,0
2.83,2.79,0,0
2.84,2.8,0,0
2.86,2.8,0,0
2.86,2.82,0,0
2.88,2.83,0,0
2.89,2.84,0,0
2.9,2.85,0,0
2.92,2.87,0,0
2.93,2.89,0,0
2.95,2.9,0,0
2.96,2.91,0,0
2.97,2.93,0,0
2.99,2.94,0,0
3,2.95,0,0
3.02,2.97,0,0
3.03,2.98,0,0
3.05,3,0,0
3.07,3.01,0,0
3.08,3.03,0,0
3.09,3.04,0,0
3.1,3.05,0,0
3.11,3.07,0,0
3.12,3.08,0,0
3.13,3.09,0,0
3.14,3.1,0,0
3.15,3.11,0,0
3.16,3.12,0,0
3.17,3.12,0,0
3.17,3.12,0,0
3.18,3.12,0,0
3.18,3.13,0,0
3.19,3.13,0,0
3.19,3.13,0,0
3.19,3.13,0,0
3.19,3.12,0,0
3.19,3.13,0,0
3.19,3.13,0,0
3.19,3.13,0,0
3.2,3.12,0,0
3.19,3.12,0,0
3.19,3.12,0,0
3.19,3.12,0,0
3.2,3.12,0,0
3.19,3.11,0,0
3.19,3.1,0,0
3.19,3.1,0,0
3.18,3.1,0,0
3.17,3.09,0,0
3.16,3.08,0,0
3.15,3.08,0,0
3.14,3.07,0,0
3.13,3.06,0,0
3.12,3.05,0,0
3.11,3.05,0,0
3.1,3.03,0,0
3.09,3.02,0,0
3.08,3.01,0,0
3.07,3.01,0,0
3.06,3,0,0
3.06,2.99,0,0
3.05,2.98,0,0
3.05,2.97,0,0
3.04,2.96,0,0
3.03,2.95,0,0
3.03,2.95,0,0
3.02,2.94,0,0
3,2.93,0,0
2.99,2.92,0,0
2.98,2.91,0,0
2.97,2.9,0,0
2.97,2.9,0,0
2.96,2.89,0,0
2.96,2.88,0,0
2.95,2.88,0,0
2.94,2.88,0,0
2.94,2.87,0,0
2.91,2.86,0,0
2.74,2.86,0,0
,2.63,4,0
,,4,4
,,4,4
,,4,4
,,4,4
,,4,4
,,4,4
,,4,4
,,4,4
,,4,4
,,4,4
,,4,4
,,4,4
,,4,4
,,4,4
,,4,4
,,4,4
,,4,4
,,4,4
,,4,4
2.81,2.77,0,0
,,4,4
,,4,4
,,4,4
,,4,4
,,4,4
,,4,4
,,4,4
,,4,4
,,4,4
,,4,4
2.82,2.79,0,0
2.81,2.8,0,0
2.82,2.81,0,0
2.82,2.82,0,0
2.82,2.82,0,0
2.82,2.82,0,0
2.81,2.82,0,0
2.81,2.83,0,0
2.81,2.83,0,0
2.81,2.82,0,0
2.79,2.82,0,0
2.79,2.82,0,0
2.75,2.81,0,0
2.8,2.81,0,0
2.79,2.8,0,0
2.8,2.8,0,0
2.78,2.79,0,0
2.79,2.79,0,0
2.78,2.79,0,0
2.78,2.78,0,0
2.78,2.77,0,0
2.78,2.77,0,0
2.77,2.77,0,0
2.74,2.77,0,0
2.72,2.77,0,0
2.73,2.76,0,0
2.72,2.75,0,0
2.73,2.74,0,0
2.73,2.73,0,0
2.73,2.73,0,0
2.72,2.72,0,0
2.72,2.72,0,0
2.72,2.7,0,0
2.71,2.7,0,0
2.71,2.71,0,0
2.71,2.7,0,0
2.7,2.69,0,0
2.7,2.69,0,0
2.7,2.68,0,0
2.7,2.69,0,0
2.69,2.68,0,0
2.69,2.68,0,0
2.69,2.68,0,0
2.68,2.68,0,0
2.68,2.68,0,0
2.68,2.68,0,0
2.68,2.68,0,0
2.68,2.68,0,0
2.68,2.69,0,0
2.67,2.68,0,0
2.67,2.68,0,0
2.66,2.68,0,0
2.66,2.67,0,0
2.65,2.67,0,0
2.65,2.66,0,0
2.65,2.65,0,0
2.63,2.63,0,0
2.63,2.63,0,0
2.63,2.62,0,0
2.63,2.61,0,0
2.62,2.61,0,0
2.62,2.59,0,0
2.61,2.59,0,0
2.6,2.58,0,0
2.59,2.57,0,0
2.59,2.57,0,0
2.59,2.56,0,0
2.59,2.55,0,0
2.58,2.55,0,0
2.58,2.54,0,0
2.58,2.54,0,0
2.58,2.54,0,0
2.58,2.53,0,0
2.58,2.54,0,0
2.58,2.54,0,0
2.59,2.55,0,0
2.6,2.56,0,0
2.6,2.56,0,0
2.62,2.57,0,0
2.63,2.58,0,0
2.63,2.59,0,0
2.65,2.6,0,0
2.66,2.61,0,0
2.66,2.62,0,0
2.67,2.63,0,0
2.68,2.65,0,0
2.68,2.66,0,0
2.69,2.67,0,0
2.69,2.68,0,0
2.7,2.69,0,0
2.7,2.7,0,0
2.7,2.71,0,0
2.7,2.72,0,0
2.7,2.72,0,0
2.7,2.72,0,0
2.7,2.73,0,0
2.7,2.73,0,0
2.7,2.73,0,0
2.7,2.72,0,0
2.69,2.73,0,0
2.69,2.73,0,0
2.69,2.73,0,0
2.69,2.74,0,0
2.69,2.73,0,0
2.69,2.73,0,0
2.69,2.74,0,0
2.69,2.74,0,0
2.69,2.74,0,0
2.7,2.75,0,0
2.69,2.74,0,0
2.68,2.74,0,0
2.67,2.74,0,0
2.59,2.75,0,0
1.91,2.56,0,0
,,4,4
,,4,4
,,4,4
,,4,4
,,4,4
,,4,4
,,4,4
,,4,4
,,4,4
,,4,4
,,4,4
,,4,4
,,4,4
,,4,4
,,4,4
,,4,4
,,4,4
,,4,4
,,4,4
,,4,4
2.85,2.92,0,0
,,4,4
,,4,4
,,4,4
,,4,4
,,4,4
,,4,4
,,4,4
,,4,4
,,4,4
,,4,4
2.85,2.93,0,0
2.86,2.93,0,0
2.86,2.93,0,0
2.86,2.93,0,0
2.86,2.93,0,0
2.85,2.92,0,0
2.84,2.92,0,0
2.84,2.9,0,0
2.83,2.9,0,0
2.84,2.9,0,0
2.83,2.88,0,0
2.83,2.88,0,0
2.83,2.88,0,0
2.82,2.87,0,0
2.82,2.87,0,0
2.82,2.87,0,0
2.82,2.88,0,0
2.81,2.88,0,0
2.82,2.87,0,0
2.82,2.87,0,0
2.82,2.86,0,0
2.81,2.85,0,0
2.8,2.85,0,0
2.79,2.84,0,0
2.79,2.83,0,0
2.78,2.83,0,0
2.77,2.82,0,0
2.77,2.82,0,0
2.76,2.81,0,0
2.76,2.81,0,0
2.75,2.8,0,0
2.75,2.8,0,0
2.74,2.79,0,0
2.74,2.79,0,0
2.74,2.79,0,0
2.74,2.78,0,0
2.74,2.78,0,0
2.74,2.78,0,0
2.74,2.78,0,0
2.74,2.78,0,0
2.74,2.78,0,0
2.74,2.77,0,0
2.74,2.78,0,0
2.74,2.77,0,0
2.74,2.77,0,0
2.74,2.76,0,0
2.73,2.75,0,0
2.72,2.74,0,0
2.71,2.74,0,0
2.71,2.74,0,0
2.7,2.73,0,0
2.69,2.73,0,0
2.69,2.73,0,0
2.69,2.72,0,0
2.69,2.72,0,0
2.69,2.72,0,0
2.7,2.73,0,0
2.7,2.72,0,0
2.68,2.72,0,0
2.69,2.73,0,0
2.69,2.73,0,0
2.69,2.72,0,0
2.69,2.73,0,0
2.69,2.72,0,0
2.7,2.73,0,0
2.69,2.73,0,0
2.7,2.74,0,0
2.7,2.74,0,0
2.71,2.74,0,0
2.71,2.75,0,0
2.71,2.75,0,0
2.71,2.75,0,0
2.72,2.76,0,0
2.73,2.77,0,0
2.72,2.77,0,0
2.73,2.77,0,0
2.73,2.78,0,0
2.73,2.78,0,0
2.74,2.79,0,0
2.74,2.79,0,0
2.74,2.79,0,0
2.75,2.8,0,0
2.75,2.79,0,0
2.75,2.8,0,0
2.75,2.79,0,0
2.74,2.79,0,0
2.74,2.79,0,0
2.74,2.78,0,0
2.72,2.77,0,0
2.71,2.78,0,0
2.64,2.8,0,0
,2.58,4,0
,,4,4
,,4,4
,,4,4
,,4,4
,,4,4
,,4,4
,,4,4
,,4,4
,,4,4
,,4,4
,,4,4
,,4,4
,,4,4
,,4,4
,,4,4
,,4,4
,,4,4
,,4,4
,,4,4
2.77,2.87,0,0
,,4,4
,,4,4
,,4,4
,,4,4
,,4,4
,,4,4
,,4,4
,,4,4
,,4,4
,,4,4
2.81,2.87,0,0
2.76,2.87,0,0
2.75,2.89,0,0
2.76,2.88,0,0
2.77,2.89,0,0
2.77,2.89,0,0
2.78,2.88,0,0
2.78,2.87,0,0
2.77,2.87,0,0
2.77,2.86,0,0
2.77,2.85,0,0
2.75,2.84,0,0
2.75,2.84,0,0
2.74,2.83,0,0
2.74,2.82,0,0
2.73,2.81,0,0
2.73,2.8,0,0
2.71,2.78,0,0
2.71,2.77,0,0
2.7,2.76,0,0
2.7,2.76,0,0
2.69,2.75,0,0
2.69,2.74,0,0
2.69,2.74,0,0
2.68,2.73,0,0
2.68,2.73,0,0
2.67,2.72,0,0
2.68,2.71,0,0
2.67,2.71,0,0
2.65,2.72,0,0
2.65,2.72,0,0
2.64,2.71,0,0
2.64,2.71,0,0
2.65,2.71,0,0
2.65,2.7,0,0
2.65,2.71,0,0
2.68,2.72,0,0
2.69,2.7,0,0
2.7,2.7,0,0
2.69,2.7,0,0
2.69,2.69,0,0
2.68,2.68,0,0
2.68,2.68,0,0
2.67,2.67,0,0
2.67,2.65,0,0
2.67,2.65,0,0
2.66,2.65,0,0
2.67,2.66,0,0
2.67,2.65,0,0
2.66,2.63,0,0
2.66,2.65,0,0
2.66,2.63,0,0
2.66,2.63,0,0
2.66,2.63,0,0
2.67,2.64,0,0
2.67,2.64,0,0
2.68,2.64,0,0
2.68,2.65,0,0
2.69,2.65,0,0
2.7,2.66,0,0
2.71,2.68,0,0
2.72,2.69,0,0
2.73,2.71,0,0
2.74,2.72,0,0
2.75,2.73,0,0
2.75,2.75,0,0
2.77,2.77,0,0
2.78,2.78,0,0
2.79,2.79,0,0
2.79,2.81,0,0
2.8,2.82,0,0
2.81,2.83,0,0
2.82,2.83,0,0
2.82,2.84,0,0
2.82,2.84,0,0
2.83,2.84,0,0
2.83,2.84,0,0
2.82,2.83,0,0
2.82,2.83,0,0
2.82,2.82,0,0
2.81,2.82,0,0
2.81,2.81,0,0
2.8,2.81,0,0
2.8,2.8,0,0
2.79,2.8,0,0
2.79,2.79,0,0
2.79,2.78,0,0
2.79,2.78,0,0
2.78,2.78,0,0
2.78,2.78,0,0
2.78,2.78,0,0
2.78,2.77,0,0
2.79,2.77,0,0
2.77,2.77,0,0
2.77,2.77,0,0
2.77,2.76,0,0
2.77,2.76,0,0
2.77,2.76,0,0
2.77,2.75,0,0
2.77,2.75,0,0
2.77,2.75,0,0
2.77,2.75,0,0
2.77,2.76,0,0
2.76,2.75,0,0
2.76,2.75,0,0
2.76,2.76,0,0
2.78,2.78,0,0
2.76,2.79,0,0
2.74,2.78,0,0
2.74,2.79,0,0
2.74,2.78,0,0
2.72,2.77,0,0
2.71,2.76,0,0
2.59,2.77,0,0
2.01,2.76,0,0
,2.43,4,0
,,4,4
,,4,4
,,4,4
,,4,4
,,4,4
,,4,4
,,4,4
,,4,4
,,4,4
,2.45,4,0
,2.46,4,0
,2.69,4,0
,2.7,4,0
2.68,2.7,0,0
2.6,2.68,0,0
2.65,2.68,0,0
2.67,2.67,0,0
2.67,2.67,0,0
2.68,2.67,0,0
2.68,2.68,0,0
2.69,2.68,0,0
2.68,2.69,0,0
2.7,2.69,0,0
2.7,2.71,0,0
2.72,2.72,0,0
2.74,2.73,0,0
2.76,2.74,0,0
2.77,2.76,0,0
2.78,2.77,0,0
2.79,2.78,0,0
2.8,2.79,0,0
2.8,2.8,0,0
2.8,2.8,0,0
2.79,2.8,0,0
2.79,2.79,0,0
2.79,2.78,0,0
2.77,2.77,0,0
2.75,2.76,0,0
2.74,2.75,0,0
2.73,2.74,0,0
2.72,2.73,0,0
2.7,2.72,0,0
2.7,2.71,0,0
2.69,2.7,0,0
2.68,2.69,0,0
2.67,2.68,0,0
2.68,2.68,0,0
2.67,2.67,0,0
2.66,2.66,0,0
2.65,2.66,0,0
2.64,2.65,0,0
2.64,2.65,0,0
2.64,2.65,0,0
2.63,2.64,0,0
2.63,2.64,0,0
2.63,2.64,0,0
2.63,2.64,0,0
2.63,2.64,0,0
2.63,2.64,0,0
2.63,2.64,0,0
2.63,2.64,0,0
2.64,2.64,0,0
2.64,2.64,0,0
2.65,2.64,0,0
2.64,2.64,0,0
2.65,2.64,0,0
2.64,2.64,0,0
2.65,2.64,0,0
2.66,2.65,0,0
2.66,2.65,0,0
2.66,2.65,0,0
2.66,2.66,0,0
2.66,2.66,0,0
2.67,2.67,0,0
2.69,2.68,0,0
2.71,2.68,0,0
2.72,2.68,0,0
2.73,2.69,0,0
2.73,2.69,0,0
2.73,2.69,0,0
2.72,2.69,0,0
2.72,2.69,0,0
2.72,2.69,0,0
2.72,2.68,0,0
2.72,2.68,0,0
2.72,2.69,0,0
2.73,2.69,0,0
2.72,2.69,0,0
2.72,2.69,0,0
2.72,2.68,0,0
2.71,2.68,0,0
2.7,2.68,0,0
2.7,2.68,0,0
2.7,2.68,0,0
2.69,2.69,0,0
2.7,2.69,0,0
2.7,2.69,0,0
2.69,2.69,0,0
2.69,2.7,0,0
2.7,2.7,0,0
2.69,2.7,0,0
2.69,2.71,0,0
2.69,2.7,0,0
2.7,2.71,0,0
2.69,2.7,0,0
2.69,2.7,0,0
2.7,2.7,0,0
2.7,2.69,0,0
2.69,2.68,0,0
2.69,2.68,0,0
2.68,2.67,0,0
2.68,2.66,0,0
2.67,2.66,0,0
2.66,2.64,0,0
2.66,2.63,0,0
2.65,2.62,0,0
2.64,2.61,0,0
2.63,2.6,0,0
2.62,2.59,0,0
2.61,2.57,0,0
2.6,2.57,0,0
2.6,2.55,0,0
2.58,2.54,0,0
2.57,2.53,0,0
2.57,2.52,0,0
2.56,2.51,0,0
2.55,2.5,0,0
2.55,2.49,0,0
2.54,2.49,0,0
2.53,2.47,0,0
2.52,2.47,0,0
2.52,2.45,0,0
2.51,2.45,0,0
2.5,2.45,0,0
2.5,2.43,0,0
2.49,2.43,0,0
2.49,2.42,0,0
2.49,2.4,0,0
2.48,2.4,0,0
2.47,2.4,0,0
2.47,2.39,0,0
2.47,2.39,0,0
2.48,2.39,0,0
2.46,2.4,0,0
2.48,2.4,0,0
2.49,2.4,0,0
2.52,2.4,0,0
2.49,2.4,0,0
2.49,2.4,0,0
2.49,2.42,0,0
2.5,2.42,0,0
2.5,2.43,0,0
2.5,2.43,0,0
2.5,2.44,0,0
2.5,2.44,0,0
2.5,2.45,0,0
2.5,2.44,0,0
2.51,2.45,0,0
2.52,2.45,0,0
2.52,2.45,0,0
2.52,2.46,0,0
2.51,2.45,0,0
2.51,2.46,0,0
2.5,2.47,0,0
2.5,2.46,0,0
2.5,2.44,0,0
2.49,2.44,0,0
2.49,2.44,0,0
2.48,2.44,0,0
2.47,2.43,0,0
2.48,2.43,0,0
2.47,2.43,0,0
2.47,2.44,0,0
2.48,2.44,0,0
2.47,2.43,0,0
2.46,2.42,0,0
2.46,2.41,0,0
2.45,2.41,0,0
2.45,2.4,0,0
2.45,2.39,0,0
2.44,2.39,0,0
2.44,2.38,0,0
2.43,2.38,0,0
2.43,2.38,0,0
2.43,2.38,0,0
2.43,2.37,0,0
2.43,2.38,0,0
2.43,2.37,0,0
2.42,2.36,0,0
2.43,2.36,0,0
2.42,2.37,0,0
2.43,2.36,0,0
2.42,2.37,0,0
2.42,2.37,0,0
2.43,2.37,0,0
2.42,2.37,0,0
2.42,2.37,0,0
2.41,2.38,0,0
2.42,2.38,0,0
2.42,2.37,0,0
2.42,2.37,0,0
2.42,2.38,0,0
2.43,2.38,0,0
2.42,2.36,0,0
2.41,2.35,0,0
2.4,2.36,0,0
2.4,2.35,0,0
2.4,2.34,0,0
2.4,2.35,0,0
2.4,2.36,0,0
2.41,2.35,0,0
2.41,2.34,0,0
2.4,2.35,0,0
2.4,2.35,0,0
2.4,2.35,0,0
2.41,2.34,0,0
2.4,2.34,0,0
2.41,2.34,0,0
2.41,2.34,0,0
2.4,2.35,0,0
2.4,2.34,0,0
2.4,2.35,0,0
2.4,2.34,0,0
2.4,2.35,0,0
2.4,2.34,0,0
2.39,2.34,0,0
2.39,2.34,0,0
2.39,2.33,0,0
2.39,2.33,0,0
2.38,2.33,0,0
2.39,2.33,0,0
2.39,2.33,0,0
2.37,2.32,0,0
2.38,2.32,0,0
2.38,2.32,0,0
2.37,2.31,0,0
2.35,2.32,0,0
2.35,2.31,0,0
2.36,2.31,0,0
2.33,2.3,0,0
2.33,2.29,0,0
2.33,2.28,0,0
2.32,2.28,0,0
2.32,2.28,0,0
2.31,2.28,0,0
2.31,2.26,0,0
2.32,2.26,0,0
2.31,2.27,0,0
2.31,2.26,0,0
2.31,2.26,0,0
2.3,2.26,0,0
2.3,2.25,0,0
2.3,2.26,0,0
2.3,2.25,0,0
2.3,2.25,0,0
2.29,2.25,0,0
2.3,2.23,0,0
2.3,2.24,0,0
2.29,2.21,0,0
2.28,2.22,0,0
2.29,2.23,0,0
2.28,2.22,0,0
2.27,2.22,0,0
2.29,2.24,0,0
2.29,2.22,0,0
2.29,2.23,0,0
2.28,2.22,0,0
2.28,2.22,0,0
2.28,2.21,0,0
2.27,2.21,0,0
2.28,2.19,0,0
2.27,2.2,0,0
2.28,2.21,0,0
2.26,2.2,0,0
2.25,2.2,0,0
2.24,2.18,0,0
2.27,2.18,0,0
2.25,2.19,0,0
2.25,2.21,0,0
2.25,2.2,0,0
2.25,2.19,0,0
2.25,2.18,0,0
2.25,2.16,0,0
2.26,2.16,0,0
2.24,2.18,0,0
2.24,2.17,0,0
2.22,2.14,0,0
2.25,2.15,0,0
2.24,2.16,0,0
2.22,2.16,0,0
2.26,2.16,0,0
2.24,2.13,0,0
2.23,2.13,0,0
2.21,2.15,0,0
2.2,2.12,0,0
2.18,2.14,0,0
2.2,2.12,0,0
2.19,2.12,0,0
2.19,2.12,0,0
2.18,2.11,0,0
2.18,2.12,0,0
2.19,2.1,0,0
2.18,2.12,0,0
2.19,2.13,0,0
2.17,2.15,0,0
2.17,2.11,0,0
2.19,2.14,0,0
2.21,2.15,0,0
2.2,2.14,0,0
2.22,2.13,0,0
2.21,2.16,0,0
2.21,2.11,0,0
2.18,2.11,0,0
2.21,2.1,0,0
2.21,2.11,0,0
2.21,2.2,0,0
2.21,2.09,0,0
2.21,2.11,0,0
2.21,2.1,0,0
2.22,2.12,0,0
2.21,2.1,0,0
2.21,2.11,0,0
2.21,2.11,0,0
2.2,2.16,0,0
2.2,2.09,0,0
2.2,2.11,0,0
2.21,2.1,0,0
2.21,2.1,0,0
2.2,2.08,0,0
2.21,2.11,0,0
2.22,2.12,0,0
2.19,2.12,0,0
2.2,2.1,0,0
2.2,2.09,0,0
2.24,2.11,0,0
2.22,2.1,0,0
2.21,2.1,0,0
2.24,2.08,0,0
2.21,2.12,0,0
2.22,,0,4
2.18,2.07,0,0
2.2,2.07,0,0
2.22,2.08,0,0
2.2,2.08,0,0
2.21,2.09,0,0
2.19,2.06,0,0
2.21,2.1,0,0
2.19,2.12,0,0
2.18,2.07,0,0
2.18,2.08,0,0
2.29,2.04,0,0
2.19,2.03,0,0
2.22,2.05,0,0
2.18,1.98,0,0
2.17,2,0,0
2.16,2.06,0,0
2.15,1.99,0,0
2.16,2.1,0,0
2.18,2.1,0,0
2.18,2.03,0,0
2.18,1.96,0,0
2.17,,0,4
2.17,,0,4
2.15,,0,4
2.15,2.06,0,0
2.15,,0,4
2.14,,0,4
2.16,,0,4
2.14,,0,4
2.13,2.04,0,0
2.1,2.01,0,0
2.1,2.26,0,0
2.09,2.12,0,0
2.09,2.03,0,0
2.09,2.06,0,0
2.08,2.03,0,0
2.12,2.1,0,0
2.33,2.04,0,0
2.11,2.32,0,0
2.09,2,0,0
2.1,2,0,0
2.12,2.02,0,0
2.09,1.98,0,0
2.09,2.01,0,0
2.07,2.02,0,0
2.1,2.05,0,0
2.05,2.02,0,0
2.13,2.01,0,0
2.1,2.02,0,0
2.11,2.01,0,0
2.11,2.03,0,0
2.07,2.04,0,0
2.13,2.06,0,0
2.21,2.06,0,0
2.11,2.07,0,0
2.13,2.05,0,0
2.1,2.08,0,0
2.14,2.06,0,0
2.17,2.09,0,0
2.21,2.08,0,0
2.23,2.12,0,0
2.21,2.11,0,0
2.19,2.78,0,0
2.2,2.23,0,0
2.19,2.17,0,0
2.2,2.08,0,0
2.19,2.11,0,0
2.22,2.14,0,0
2.26,2.08,0,0
1.89,2.08,0,0
1.83,2.09,0,0
1.89,2.09,0,0
2.12,2.1,0,0
2.06,2.11,0,0
2.13,2.08,0,0
1.98,2.1,0,0
2.09,2.07,0,0
2.03,2.09,0,0
2.01,2.08,0,0
1.93,2.07,0,0
1.99,2.08,0,0
2,2.11,0,0
2.08,2.09,0,0
1.97,2.11,0,0
1.84,2.12,0,0
1.93,2.1,0,0
2.12,2.1,0,0
2.05,2.08,0,0
1.94,2.1,0,0
2.1,2.1,0,0
2.03,2.12,0,0
2.15,2.1,0,0
1.94,2.11,0,0
2.02,2.09,0,0
1.87,2.09,0,0
2,2.09,0,0
2.08,2.11,0,0
1.99,2.1,0,0
1.9,2.1,0,0
1.88,2.08,0,0
1.92,2.09,0,0
1.88,2.05,0,0
2.08,2.08,0,0
2.52,2.1,0,0
2.31,2.1,0,0
2.25,2.06,0,0
2.46,2.06,0,0
2.25,2.13,0,0
2.35,2.11,0,0
2.27,2.08,0,0
2.33,2.07,0,0
2.34,2.09,0,0
2.29,2.07,0,0
2.25,2.08,0,0
,2.07,4,0
2.41,2.06,0,0
2.33,2.02,0,0
2.37,2.07,0,0
,2.09,4,0
,2.06,4,0
,2.07,4,0
,2.09,4,0
,2.07,4,0
,2.1,4,0
,2.08,4,0
,2.13,4,0
,2.16,4,0
,2.16,4,0
,2.16,4,0
,2.15,4,0
,2.17,4,0
,2.15,4,0
,2.15,4,0
,2.15,4,0
,2.15,4,0
,2.14,4,0
,2.14,4,0
,2.14,4,0
,2.14,4,0
,2.13,4,0
,2.1,4,0
,2.16,4,0
,2.13,4,0
,2.12,4,0
,2.12,4,0
,2.1,4,0
,2.1,4,0
,2.1,4,0
,2.11,4,0
,2.12,4,0
,2.16,4,0
,2.17,4,0
,2.13,4,0
2.22,2.14,0,0
2.28,2.14,0,0
2.21,,0,4
,2.15,4,0
2.33,2.13,0,0
,2.14,4,0
,2.13,4,0
2.21,2.14,0,0
2.21,2.13,0,0
,2.12,4,0
,2.12,4,0
,2.13,4,0
2.41,2.15,0,0
,2.15,4,0
,2.16,4,0
,2.16,4,0
,2.15,4,0
,2.16,4,0
,2.16,4,0
,2.16,4,0
,2.15,4,0
,2.17,4,0
,2.16,4,0
,2.17,4,0
,2.17,4,0
,2.17,4,0
,2.18,4,0
,2.2,4,0
,2.21,4,0
,2.2,4,0
,1.93,4,0
,,4,4
,,4,4
,,4,4
,,4,4
,,4,4
,,4,4
,,4,4
,,4,4
,,4,4
,,4,4
,,4,4
,,4,4
,,4,4
,,4,4
,,4,4
,,4,4
,,4,4
,,4,4
,,4,4
,,4,4
,,4,4
,,4,4
,,4,4
,,4,4
,,4,4
,,4,4
,,4,4
,,4,4
,,4,4
,,4,4
,,4,4
,,4,4
,,4,4
,,4,4
,,4,4
,,4,4
,,4,4
,,4,4
,,4,4
,,4,4
,,4,4
,,4,4
,,4,4
,,4,4
,,4,4
,,4,4
,,4,4
,,4,4
,,4,4
,,4,4
,,4,4
,,4,4
,,4,4
,,4,4
,,4,4
,,4,4
,,4,4
,,4,4
,,4,4
2.22,2.14,0,0
2.22,2.15,0,0
2.21,2.13,0,0
2.2,2.13,0,0
2.2,2.13,0,0
2.17,2.13,0,0
2.17,2.12,0,0
2.12,2.09,0,0
2.14,2.12,0,0
2.11,2.1,0,0
2.14,2.09,0,0
2.14,2.12,0,0
2.08,2.1,0,0
2.17,2.08,0,0
2.09,2.03,0,0
2.09,2.22,0,0
2.11,2.06,0,0
2.11,2.04,0,0
2.09,2.07,0,0
2.11,2.05,0,0
2.07,2.08,0,0
2.14,2.02,0,0
2.12,2.05,0,0
2.12,2.04,0,0
2.11,2.04,0,0
2.12,2.06,0,0
2.1,2.05,0,0
2.11,2.02,0,0
2.12,2.04,0,0
2.12,2.42,0,0
2.12,2.15,0,0
2.1,,0,4
2.11,,0,4
2.1,,0,4
2.14,2.01,0,0
2.1,1.96,0,0
2.21,2.31,0,0
2.37,2.06,0,0
2.33,1.95,0,0
,1.98,4,0
,,4,4
,,4,4
,,4,4
,,4,4
,,4,4
,,4,4
,,4,4
,,4,4
,,4,4
,,4,4
,,4,4
,,4,4
,,4,4
,,4,4
,,4,4
,,4,4
,,4,4
,,4,4
,,4,4
,,4,4
,,4,4
,,4,4
,,4,4
,,4,4
,,4,4
2.24,2.21,0,0
,,4,4
,,4,4
,,4,4
,,4,4
,,4,4
2.26,2.21,0,0
2.27,2.21,0,0
2.26,2.2,0,0
2.24,2.18,0,0
2.25,2.19,0,0
2.24,2.18,0,0
2.22,2.18,0,0
2.21,2.17,0,0
2.17,2.16,0,0
2.19,2.14,0,0
2.19,2.16,0,0
2.19,2.13,0,0
2.18,2.12,0,0
2.17,2.15,0,0
2.15,2.15,0,0
2.17,2.14,0,0
2.16,2.12,0,0
2.16,2.12,0,0
2.14,2.12,0,0
2.16,2.12,0,0
2.14,2.13,0,0
2.15,2.12,0,0
2.14,2.12,0,0
2.12,2.1,0,0
2.13,2.11,0,0
2.13,2.1,0,0
2.14,2.1,0,0
2.13,2.11,0,0
2.13,2.11,0,0
2.12,2.11,0,0
2.13,2.1,0,0
2.13,2.08,0,0
2.14,2.08,0,0
2.12,2.09,0,0
2.14,2.08,0,0
2.11,2.09,0,0
2.11,2.08,0,0
2.07,2.06,0,0
2.11,2.05,0,0
,2.06,4,0
,,4,4
,,4,4
,,4,4
,,4,4
,,4,4
,,4,4
,,4,4
,,4,4
,,4,4
,,4,4
,,4,4
,,4,4
,,4,4
,,4,4
,,4,4
,,4,4
,,4,4
,,4,4
,,4,4
2.29,2.24,0,0
,,4,4
,,4,4
,,4,4
,,4,4
,,4,4
,,4,4
,,4,4
,,4,4
,,4,4
2.32,2.26,0,0
2.32,2.26,0,0
2.36,2.29,0,0
2.38,2.3,0,0
2.37,2.31,0,0
2.37,2.31,0,0
2.35,2.31,0,0
2.36,2.31,0,0
2.36,2.31,0,0
2.36,2.33,0,0
2.35,2.31,0,0
2.35,2.32,0,0
2.36,2.33,0,0
2.36,2.34,0,0
2.37,2.34,0,0
2.37,2.34,0,0
2.38,2.35,0,0
2.38,2.36,0,0
2.39,2.37,0,0
2.4,2.38,0,0
2.41,2.38,0,0
2.41,2.39,0,0
2.42,2.4,0,0
2.44,2.42,0,0
2.44,2.4,0,0
2.44,2.39,0,0
2.46,2.41,0,0
2.47,2.41,0,0
2.46,2.42,0,0
2.45,2.43,0,0
2.46,2.42,0,0
2.46,2.43,0,0
2.47,2.43,0,0
2.47,2.43,0,0
2.47,2.45,0,0
2.48,2.45,0,0
2.48,2.45,0,0
2.48,2.46,0,0
2.49,2.46,0,0
2.5,2.47,0,0
2.5,2.46,0,0
2.51,2.47,0,0
2.52,2.47,0,0
2.52,2.48,0,0
2.53,2.49,0,0
2.53,2.49,0,0
2.54,2.5,0,0
2.55,2.51,0,0
2.55,2.51,0,0
2.56,2.52,0,0
2.55,2.53,0,0
2.56,2.53,0,0
2.56,2.53,0,0
2.56,2.53,0,0
2.55,2.52,0,0
2.55,2.52,0,0
2.56,2.55,0,0
2.55,2.55,0,0
2.53,2.55,0,0
2.53,2.54,0,0
2.52,2.53,0,0
2.51,2.53,0,0
2.5,2.52,0,0
2.5,2.52,0,0
2.5,2.51,0,0
2.49,2.51,0,0
2.49,2.51,0,0
2.48,2.5,0,0
2.49,2.5,0,0
2.5,2.51,0,0
2.5,2.51,0,0
2.5,2.5,0,0
2.5,2.5,0,0
2.5,2.5,0,0
2.51,2.5,0,0
2.52,2.5,0,0
2.52,2.51,0,0
2.52,2.51,0,0
2.53,2.51,0,0
2.54,2.52,0,0
2.55,2.53,0,0
2.55,2.53,0,0
2.56,2.54,0,0
2.57,2.55,0,0
2.59,2.55,0,0
2.55,2.56,0,0
,2.53,4,0
,,4,4
,,4,4
,,4,4
,,4,4
,,4,4
,,4,4
,,4,4
,,4,4
,,4,4
,,4,4
,,4,4
,,4,4
,,4,4
,,4,4
,,4,4
,,4,4
,,4,4
,,4,4
,,4,4
,,4,4
,,4,4
,,4,4
,,4,4
,,4,4
,,4,4
,,4,4
,,4,4
,,4,4
,,4,4
2.63,2.65,0,0
2.65,2.66,0,0
2.66,2.68,0,0
2.68,2.7,0,0
2.7,2.71,0,0
2.71,2.76,0,0
2.72,2.77,0,0
2.72,2.78,0,0
2.74,2.78,0,0
2.73,2.79,0,0
2.72,2.79,0,0
2.72,2.8,0,0
2.73,2.81,0,0
2.73,2.81,0,0
2.77,2.81,0,0
2.74,2.82,0,0
2.75,2.82,0,0
2.75,2.81,0,0
2.73,2.81,0,0
2.68,2.79,0,0
2.72,2.78,0,0
2.68,2.77,0,0
2.66,2.75,0,0
2.69,2.73,0,0
2.64,2.72,0,0
2.65,2.7,0,0
2.61,2.69,0,0
2.61,2.68,0,0
2.62,2.66,0,0
2.63,2.64,0,0
2.61,2.64,0,0
2.63,2.62,0,0
2.61,2.63,0,0
2.6,2.62,0,0
2.61,2.61,0,0
2.62,2.62,0,0
2.63,2.62,0,0
2.61,2.62,0,0
2.62,2.62,0,0
2.63,2.63,0,0
2.65,2.63,0,0
2.68,2.64,0,0
2.69,2.64,0,0
2.69,2.64,0,0
2.69,2.64,0,0
2.7,2.64,0,0
2.7,2.65,0,0
2.7,2.65,0,0
2.71,2.66,0,0
2.7,2.66,0,0
2.71,2.66,0,0
2.71,2.66,0,0
2.72,2.67,0,0
2.72,2.67,0,0
2.74,2.72,0,0
2.67,2.72,0,0
2.64,2.72,0,0
2.7,2.74,0,0
2.74,2.74,0,0
2.76,2.74,0,0
2.77,2.74,0,0
2.77,2.75,0,0
2.77,2.76,0,0
2.79,2.77,0,0
2.78,2.78,0,0
2.8,2.79,0,0
2.81,2.8,0,0
2.81,2.81,0,0
2.82,2.82,0,0
2.83,2.83,0,0
2.84,2.84,0,0
2.85,2.85,0,0
2.85,2.86,0,0
2.86,2.87,0,0
2.89,2.88,0,0
2.89,2.89,0,0
2.89,2.9,0,0
2.9,2.91,0,0
2.91,2.92,0,0
2.92,2.93,0,0
2.93,2.94,0,0
2.94,2.95,0,0
2.94,2.95,0,0
2.95,2.96,0,0
2.97,2.97,0,0
2.97,2.98,0,0
2.99,2.98,0,0
3,2.98,0,0
3,2.98,0,0
3,2.99,0,0
3.01,3,0,0
3.02,3,0,0
3.02,3,0,0
3.03,3.01,0,0
3.03,3.01,0,0
3.04,3.01,0,0
3.04,3.02,0,0
3.05,3.03,0,0
3.05,3.04,0,0
3.09,3.06,0,0
3.1,3.07,0,0
3.09,3.07,0,0
3.09,3.08,0,0
3.1,3.09,0,0
3.1,3.1,0,0
3.1,3.11,0,0
3.12,3.12,0,0
3.13,3.13,0,0
3.13,3.14,0,0
3.13,3.15,0,0
3.13,3.16,0,0
3.13,3.16,0,0
3.14,3.17,0,0
3.14,3.18,0,0
3.15,3.19,0,0
3.14,3.19,0,0
3.15,3.2,0,0
3.16,3.2,0,0
3.16,3.21,0,0
3.17,3.21,0,0
3.17,3.22,0,0
3.16,3.22,0,0
3.14,3.22,0,0
3.15,3.23,0,0
3.15,3.23,0,0
3.14,3.24,0,0
3.13,3.24,0,0
3.12,3.24,0,0
3.12,3.25,0,0
3.11,3.25,0,0
3.11,3.25,0,0
3.11,3.25,0,0
3.1,3.25,0,0
3.09,3.25,0,0
3.09,3.24,0,0
3.08,3.23,0,0
3.07,3.23,0,0
3.07,3.22,0,0
3.05,3.21,0,0
3.03,3.19,0,0
3.03,3.18,0,0
2.99,3.17,0,0
3.03,3.15,0,0
3.01,3.14,0,0
3.02,3.13,0,0
3.03,3.12,0,0
3.01,3.11,0,0
3.01,3.1,0,0
3.01,3.09,0,0
2.98,3.09,0,0
3.07,3.09,0,0
3.07,3.08,0,0
3.06,3.07,0,0
3.05,3.06,0,0
3.04,3.06,0,0
3.03,3.05,0,0
3.02,3.05,0,0
3.02,3.04,0,0
3.02,3.04,0,0
2.99,3.04,0,0
2.39,3.03,0,0
,2.62,4,0
,,4,4
,,4,4
,,4,4
,,4,4
,,4,4
,,4,4
,,4,4
,,4,4
,,4,4
,2.63,4,0
,2.92,4,0
2.81,2.97,0,0
2.75,2.93,0,0
2.78,2.93,0,0
2.85,2.93,0,0
2.88,2.92,0,0
2.9,2.91,0,0
2.9,2.9,0,0
2.9,2.9,0,0
2.9,2.89,0,0
2.9,2.89,0,0
2.9,2.88,0,0
2.9,2.88,0,0
2.89,2.88,0,0
2.88,2.87,0,0
2.87,2.87,0,0
2.86,2.86,0,0
2.85,2.85,0,0
2.84,2.85,0,0
2.83,2.83,0,0
2.82,2.82,0,0
2.81,2.82,0,0
2.8,2.8,0,0
2.78,2.78,0,0
2.77,2.77,0,0
2.75,2.75,0,0
2.74,2.74,0,0
2.72,2.72,0,0
2.7,2.71,0,0
2.69,2.69,0,0
2.67,2.68,0,0
2.68,2.66,0,0
2.68,2.67,0,0
2.66,2.64,0,0
2.65,2.63,0,0
2.64,2.63,0,0
2.62,2.61,0,0
2.63,2.61,0,0
2.62,2.61,0,0
2.61,2.6,0,0
2.62,2.59,0,0
2.61,2.58,0,0
2.62,2.58,0,0
2.61,2.58,0,0
2.61,2.57,0,0
2.62,2.57,0,0
2.61,2.57,0,0
2.62,2.57,0,0
2.62,2.56,0,0
2.62,2.56,0,0
2.62,2.56,0,0
2.62,2.56,0,0
2.62,2.57,0,0
2.63,2.57,0,0
2.62,2.56,0,0
2.62,2.56,0,0
2.62,2.57,0,0
2.62,2.56,0,0
2.62,2.56,0,0
2.62,2.57,0,0
2.61,2.56,0,0
2.62,2.57,0,0
2.61,2.57,0,0
2.61,2.57,0,0
2.61,2.57,0,0
2.62,2.56,0,0
2.61,2.57,0,0
2.61,2.56,0,0
2.62,2.56,0,0
2.61,2.56,0,0
2.62,2.56,0,0
2.62,2.56,0,0
2.63,2.56,0,0
2.64,2.57,0,0
2.65,2.57,0,0
2.66,2.57,0,0
2.66,2.58,0,0
2.67,2.59,0,0
2.68,2.59,0,0
2.69,2.6,0,0
2.71,2.62,0,0
2.72,2.63,0,0
2.74,2.64,0,0
2.74,2.66,0,0
2.77,2.68,0,0
2.78,2.68,0,0
2.79,2.7,0,0
2.81,2.72,0,0
2.82,2.74,0,0
2.83,2.74,0,0
2.84,2.76,0,0
2.87,2.8,0,0
2.77,2.81,0,0
2.64,2.81,0,0
2.57,2.82,0,0
2.69,2.83,0,0
2.76,2.84,0,0
2.52,2.85,0,0
2.63,2.86,0,0
2.59,2.87,0,0
2.79,2.88,0,0
2.84,2.84,0,0
,2.61,4,0
,,4,4
,,4,4
,,4,4
,,4,4
,,4,4
,,4,4
,,4,4
,,4,4
,,4,4
,,4,4
,,4,4
,,4,4
,,4,4
,,4,4
,,4,4
,,4,4
,,4,4
,,4,4
2.94,2.88,0,0
,,4,4
,,4,4
,,4,4
,,4,4
,,4,4
,,4,4
,,4,4
,,4,4
,,4,4
2.94,2.88,0,0
2.94,2.88,0,0
2.94,2.89,0,0
2.94,2.88,0,0
2.93,2.88,0,0
2.94,2.88,0,0
2.92,2.87,0,0
2.9,2.86,0,0
2.89,2.84,0,0
2.87,2.82,0,0
2.85,2.8,0,0
2.83,2.78,0,0
2.82,2.76,0,0
2.8,2.75,0,0
2.79,2.73,0,0
2.77,2.7,0,0
2.75,2.69,0,0
2.73,2.67,0,0
2.72,2.65,0,0
2.71,2.63,0,0
2.69,2.61,0,0
2.67,2.6,0,0
2.65,2.57,0,0
2.64,2.55,0,0
2.62,2.54,0,0
2.6,2.5,0,0
2.58,2.48,0,0
2.57,2.49,0,0
2.55,2.45,0,0
2.54,2.43,0,0
2.52,2.42,0,0
2.51,2.41,0,0
2.5,2.39,0,0
2.5,2.37,0,0
2.49,2.37,0,0
2.47,2.36,0,0
2.46,2.34,0,0
2.45,2.35,0,0
2.45,2.34,0,0
2.43,2.34,0,0
2.43,2.33,0,0
2.43,2.33,0,0
2.43,2.32,0,0
2.43,2.31,0,0
2.41,2.32,0,0
2.42,2.32,0,0
2.43,2.32,0,0
2.43,2.32,0,0
2.43,2.33,0,0
2.44,2.33,0,0
2.44,2.33,0,0
2.45,2.36,0,0
2.45,2.35,0,0
2.46,2.37,0,0
2.46,2.38,0,0
2.46,2.38,0,0
2.47,2.38,0,0
2.48,2.39,0,0
2.48,2.38,0,0
2.49,2.39,0,0
2.5,2.4,0,0
2.51,2.41,0,0
2.5,2.4,0,0
2.52,2.42,0,0
2.51,2.42,0,0
2.53,2.43,0,0
2.53,2.43,0,0
2.53,2.44,0,0
2.54,2.44,0,0
2.53,2.44,0,0
2.53,2.45,0,0
2.53,2.46,0,0
2.54,2.45,0,0
2.55,2.47,0,0
2.54,2.47,0,0
2.54,2.47,0,0
2.56,2.48,0,0
2.56,2.47,0,0
2.56,2.48,0,0
2.53,2.48,0,0
2.54,2.49,0,0
2.54,2.48,0,0
2.53,2.47,0,0
2.53,2.47,0,0
2.52,2.45,0,0
2.52,2.45,0,0
2.51,2.44,0,0
2.51,2.43,0,0
2.5,2.42,0,0
2.49,2.42,0,0
2.5,2.42,0,0
2.48,2.41,0,0
2.49,2.4,0,0
2.46,2.38,0,0
2.47,2.39,0,0
2.48,2.38,0,0
2.47,2.38,0,0
2.48,2.38,0,0
2.47,2.38,0,0
2.48,2.38,0,0
2.47,2.38,0,0
2.49,2.38,0,0
2.51,2.39,0,0
2.52,2.39,0,0
2.52,2.4,0,0
2.52,2.41,0,0
2.52,2.42,0,0
2.54,2.44,0,0
2.53,2.44,0,0
2.56,2.44,0,0
2.52,2.48,0,0
2.56,2.54,0,0
,,4,4
,,4,4
,,4,4
,,4,4
,,4,4
,,4,4
,,4,4
,2.53,4,0
,2.61,4,0
,2.68,4,0
,2.71,4,0
2.45,2.7,0,0
2.47,2.73,0,0
2.67,2.74,0,0
2.74,2.75,0,0
2.78,2.75,0,0
2.8,2.76,0,0
2.82,2.77,0,0
2.83,2.77,0,0
2.84,2.78,0,0
2.85,2.79,0,0
2.86,2.8,0,0
2.87,2.81,0,0
2.89,2.82,0,0
2.89,2.83,0,0
2.9,2.84,0,0
2.92,2.84,0,0
2.93,2.86,0,0
2.95,2.88,0,0
2.97,2.89,0,0
2.97,2.89,0,0
2.98,2.9,0,0
2.99,2.91,0,0
3,2.92,0,0
3,2.91,0,0
3,2.92,0,0
2.99,2.91,0,0
2.98,2.9,0,0
2.97,2.89,0,0
2.95,2.88,0,0
2.94,2.86,0,0
2.92,2.85,0,0
2.89,2.83,0,0
2.87,2.81,0,0
2.85,2.78,0,0
2.83,2.77,0,0
2.82,2.75,0,0
2.82,2.73,0,0
2.8,2.72,0,0
2.79,2.71,0,0
2.79,2.69,0,0
2.79,2.7,0,0
2.78,2.69,0,0
2.78,2.68,0,0
2.77,2.69,0,0
2.77,2.68,0,0
2.76,2.68,0,0
2.76,2.68,0,0
2.76,2.68,0,0
2.75,2.67,0,0
2.75,2.68,0,0
2.74,2.68,0,0
2.74,2.67,0,0
2.73,2.68,0,0
2.73,2.68,0,0
2.73,2.68,0,0
2.73,2.68,0,0
2.73,2.68,0,0
2.73,2.68,0,0
2.72,2.68,0,0
2.72,2.68,0,0
2.72,2.67,0,0
2.71,2.67,0,0
2.7,2.67,0,0
2.7,2.66,0,0
2.7,2.66,0,0
2.69,2.65,0,0
2.69,2.65,0,0
2.68,2.65,0,0
2.68,2.65,0,0
2.68,2.64,0,0
2.66,2.65,0,0
2.66,2.63,0,0
2.66,2.63,0,0
2.65,2.61,0,0
2.66,2.61,0,0
2.64,2.61,0,0
2.64,2.6,0,0
2.63,2.59,0,0
2.62,2.58,0,0
2.62,2.59,0,0
2.6,2.58,0,0
2.6,2.57,0,0
2.59,2.57,0,0
2.6,2.56,0,0
2.61,2.57,0,0
2.6,2.56,0,0
2.6,2.56,0,0
2.6,2.54,0,0
2.6,2.53,0,0
2.59,2.53,0,0
2.59,2.53,0,0
2.59,2.53,0,0
2.59,2.53,0,0
2.6,2.54,0,0
2.59,2.54,0,0
2.59,2.55,0,0
2.59,2.56,0,0
2.59,2.56,0,0
2.6,2.56,0,0
2.61,2.57,0,0
2.61,2.57,0,0
2.61,2.58,0,0
2.62,2.59,0,0
2.62,2.6,0,0
2.63,2.61,0,0
2.63,2.62,0,0
2.63,2.62,0,0
2.64,2.63,0,0
2.64,2.64,0,0
2.65,2.64,0,0
2.66,2.64,0,0
2.66,2.64,0,0
2.66,2.64,0,0
2.67,2.64,0,0
2.67,2.64,0,0
2.66,2.64,0,0
2.66,2.65,0,0
2.65,2.64,0,0
2.65,2.64,0,0
2.65,2.63,0,0
2.66,2.63,0,0
2.65,2.63,0,0
2.65,2.62,0,0
2.64,2.62,0,0
2.64,2.62,0,0
2.64,2.62,0,0
2.64,2.62,0,0
2.65,2.63,0,0
2.64,2.62,0,0
2.65,2.63,0,0
2.65,2.62,0,0
2.64,2.63,0,0
2.65,2.64,0,0
2.66,2.62,0,0
2.66,2.64,0,0
2.67,2.64,0,0
2.66,2.63,0,0
2.66,2.62,0,0
2.66,2.63,0,0
2.66,2.64,0,0
2.66,2.64,0,0
2.67,2.63,0,0
2.67,2.64,0,0
2.68,2.63,0,0
2.68,2.65,0,0
2.69,2.65,0,0
2.68,2.66,0,0
2.69,2.67,0,0
2.69,2.67,0,0
2.7,2.68,0,0
2.69,2.68,0,0
2.71,2.69,0,0
2.72,2.69,0,0
2.72,2.69,0,0
2.73,2.71,0,0
2.74,2.71,0,0
2.74,2.72,0,0
2.75,2.73,0,0
2.76,2.74,0,0
2.77,2.75,0,0
2.78,2.75,0,0
2.79,2.76,0,0
2.79,2.76,0,0
2.79,2.76,0,0
2.79,2.76,0,0
2.79,2.76,0,0
2.79,2.77,0,0
2.79,2.77,0,0
2.79,2.77,0,0
2.78,2.77,0,0
2.78,2.77,0,0
2.78,2.76,0,0
2.78,2.77,0,0
2.76,2.78,0,0
2.76,2.77,0,0
2.76,2.76,0,0
2.75,2.75,0,0
2.75,2.76,0,0
2.74,2.76,0,0
2.74,2.76,0,0
2.73,2.76,0,0
2.73,2.76,0,0
2.73,2.76,0,0
2.72,2.75,0,0
2.71,2.74,0,0
2.71,2.73,0,0
2.7,2.72,0,0
2.69,2.71,0,0
2.68,2.69,0,0
2.66,2.68,0,0
2.66,2.67,0,0
2.64,2.66,0,0
2.63,2.65,0,0
2.62,2.63,0,0
2.61,2.62,0,0
2.61,2.61,0,0
2.58,2.59,0,0
2.58,2.58,0,0
2.58,2.58,0,0
2.56,2.56,0,0
2.56,2.56,0,0
2.56,2.56,0,0
2.54,2.55,0,0
2.54,2.55,0,0
2.54,2.53,0,0
2.54,2.53,0,0
2.53,2.52,0,0
2.54,2.51,0,0
2.53,2.51,0,0
2.52,2.5,0,0
2.51,2.51,0,0
2.52,2.49,0,0
2.51,2.5,0,0
2.5,2.48,0,0
2.5,2.48,0,0
2.51,2.48,0,0
2.5,2.46,0,0
2.49,2.47,0,0
2.49,2.46,0,0
2.49,2.47,0,0
2.48,2.46,0,0
2.48,2.44,0,0
2.47,2.46,0,0
2.48,2.44,0,0
2.48,2.45,0,0
2.48,2.44,0,0
2.47,2.43,0,0
2.47,2.43,0,0
2.46,2.42,0,0
2.46,2.43,0,0
2.46,2.43,0,0
2.45,2.42,0,0
2.44,2.41,0,0
2.44,2.41,0,0
2.44,2.41,0,0
2.44,2.4,0,0
2.44,2.39,0,0
2.44,2.39,0,0
2.43,2.39,0,0
2.42,2.38,0,0
2.42,2.37,0,0
2.4,2.36,0,0
2.4,2.35,0,0
2.41,2.35,0,0
2.4,2.34,0,0
2.39,2.35,0,0
2.38,2.34,0,0
2.38,2.34,0,0
2.41,2.32,0,0
2.4,2.35,0,0
2.38,2.32,0,0
2.38,2.32,0,0
2.38,2.33,0,0
2.39,2.33,0,0
2.38,2.33,0,0
2.4,2.32,0,0
2.38,2.33,0,0
2.38,2.33,0,0
2.4,2.33,0,0
2.39,2.32,0,0
2.38,2.33,0,0
2.38,2.32,0,0
2.38,2.34,0,0
2.37,2.33,0,0
2.36,2.29,0,0
2.37,2.32,0,0
2.37,2.31,0,0
2.37,2.3,0,0
2.36,2.32,0,0
2.36,2.29,0,0
2.35,2.29,0,0
2.35,2.29,0,0
2.33,2.27,0,0
2.34,2.27,0,0
2.34,2.26,0,0
2.32,2.27,0,0
2.33,2.23,0,0
2.31,2.27,0,0
2.32,2.28,0,0
2.31,2.26,0,0
2.31,2.27,0,0
2.3,2.28,0,0
2.29,2.26,0,0
2.3,2.25,0,0
2.28,2.29,0,0
2.3,2.26,0,0
2.32,2.27,0,0
2.3,2.27,0,0
2.29,2.27,0,0
2.33,2.24,0,0
2.28,2.25,0,0
2.3,2.27,0,0
2.29,2.26,0,0
2.31,2.23,0,0
2.3,2.27,0,0
2.3,2.27,0,0
2.3,2.25,0,0
2.3,2.27,0,0
2.31,2.27,0,0
2.32,2.27,0,0
2.36,2.26,0,0
2.32,2.28,0,0
2.32,2.24,0,0
2.31,2.26,0,0
2.34,2.24,0,0
2.32,2.24,0,0
2.33,2.25,0,0
2.31,2.25,0,0
2.3,2.26,0,0
2.31,2.24,0,0
2.3,2.24,0,0
2.27,2.22,0,0
2.31,2.2,0,0
2.29,2.21,0,0
2.3,2.19,0,0
2.3,2.22,0,0
2.29,2.22,0,0
2.31,2.22,0,0
2.27,2.21,0,0
2.27,2.21,0,0
2.28,2.19,0,0
2.28,2.2,0,0
2.28,2.21,0,0
2.28,2.19,0,0
2.3,2.21,0,0
2.28,,0,4
2.28,,0,4
2.28,,0,4
2.27,,0,4
2.27,,0,4
2.26,,0,4
2.27,2.27,0,0
2.26,,0,4
2.26,2.31,0,0
2.27,,0,4
2.27,,0,4
2.26,,0,4
2.26,,0,4
2.23,,0,4
2.24,2.21,0,0
2.25,,0,4
2.26,,0,4
2.26,,0,4
2.25,,0,4
2.26,2.17,0,0
2.25,,0,4
2.27,,0,4
2.29,,0,4
2.27,,0,4
2.28,,0,4
2.3,,0,4
2.27,,0,4
2.29,,0,4
2.29,,0,4
2.26,,0,4
2.27,,0,4
2.37,,0,4
2.26,,0,4
2.24,,0,4
2.25,2.17,0,0
2.24,2.17,0,0
2.24,2.17,0,0
2.26,2.18,0,0
2.24,2.15,0,0
2.26,2.14,0,0
2.3,2.15,0,0
2.39,2.15,0,0
2.28,2.16,0,0
2.25,2.16,0,0
2.26,2.08,0,0
2.27,,0,4
2.25,2.16,0,0
2.27,2.13,0,0
2.27,,0,4
2.23,,0,4
2.37,,0,4
2.25,2.52,0,0
2.24,,0,4
2.27,,0,4
2.25,,0,4
2.26,,0,4
2.25,,0,4
2.25,,0,4
2.24,,0,4
2.22,,0,4
2.26,,0,4
2.23,,0,4
2.29,,0,4
2.25,,0,4
2.31,,0,4
2.2,,0,4
2.26,,0,4
2.21,,0,4
2.2,,0,4
2.27,,0,4
2.19,,0,4
2.19,,0,4
2.29,,0,4
2.22,,0,4
2.19,,0,4
2.19,,0,4
2.19,,0,4
2.21,,0,4
2.18,,0,4
2.18,,0,4
2.2,,0,4
2.18,,0,4
2.2,,0,4
2.17,,0,4
2.16,,0,4
2.21,,0,4
2.21,,0,4
2.18,,0,4
2.19,,0,4
2.17,,0,4
2.18,,0,4
2.21,,0,4
2.22,,0,4
2.2,,0,4
2.19,,0,4
2.18,,0,4
2.21,,0,4
2.21,,0,4
2.19,,0,4
2.19,,0,4
2.15,,0,4
2.19,,0,4
2.18,,0,4
2.16,,0,4
2.19,,0,4
2.29,2.14,0,0
2.2,2.09,0,0
2.2,2.15,0,0
2.19,2.01,0,0
2.2,2.15,0,0
2.19,2.12,0,0
2.2,2.13,0,0
2.22,2.2,0,0
2.23,2.17,0,0
2.23,2.18,0,0
2.23,2.16,0,0
2.23,2.16,0,0
2.25,2.16,0,0
2.24,2.17,0,0
2.24,2.19,0,0
2.24,2.2,0,0
2.25,2.18,0,0
2.25,2.19,0,0
2.25,2.2,0,0
2.25,2.19,0,0
2.27,2.2,0,0
2.27,2.22,0,0
2.27,2.21,0,0
2.28,2.22,0,0
2.28,2.22,0,0
2.3,2.23,0,0
2.29,2.24,0,0
2.3,2.25,0,0
2.31,2.26,0,0
2.31,2.26,0,0
2.32,2.28,0,0
2.33,2.27,0,0
2.34,2.28,0,0
2.33,2.3,0,0
2.36,2.3,0,0
2.35,2.31,0,0
2.36,2.31,0,0
2.36,2.31,0,0
2.36,2.32,0,0
2.37,2.31,0,0
2.37,2.32,0,0
2.36,2.31,0,0
2.35,2.32,0,0
2.35,2.31,0,0
2.33,2.31,0,0
2.33,2.3,0,0
2.33,2.3,0,0
2.33,2.31,0,0
2.33,2.3,0,0
2.33,2.31,0,0
2.32,2.3,0,0
2.33,2.3,0,0
2.33,2.3,0,0
2.32,2.3,0,0
2.33,2.3,0,0
2.33,2.3,0,0
2.32,2.29,0,0
2.32,2.3,0,0
2.32,2.3,0,0
2.33,2.3,0,0
2.33,2.3,0,0
2.34,2.3,0,0
2.33,2.29,0,0
2.31,2.3,0,0
2.32,2.29,0,0
2.32,2.29,0,0
2.33,2.3,0,0
2.33,2.3,0,0
2.33,2.28,0,0
2.34,2.29,0,0
2.32,2.28,0,0
2.32,2.29,0,0
2.33,2.28,0,0
2.32,2.27,0,0
2.32,2.28,0,0
2.3,2.28,0,0
2.29,2.27,0,0
2.3,2.28,0,0
2.31,2.27,0,0
2.3,2.27,0,0
2.32,2.28,0,0
2.3,2.29,0,0
2.32,2.28,0,0
2.33,2.28,0,0
2.33,2.29,0,0
2.34,2.31,0,0
2.35,2.33,0,0
2.35,2.34,0,0
2.35,2.34,0,0
2.35,2.34,0,0
2.35,2.33,0,0
2.35,2.33,0,0
2.35,2.34,0,0
2.34,2.34,0,0
2.34,2.34,0,0
2.35,2.34,0,0
2.35,2.35,0,0
2.34,2.34,0,0
2.35,2.34,0,0
2.35,2.33,0,0
2.34,2.33,0,0
2.33,2.34,0,0
2.34,2.33,0,0
2.33,2.34,0,0
2.34,2.33,0,0
2.34,2.34,0,0
2.34,2.34,0,0
2.35,2.34,0,0
2.35,2.34,0,0
2.36,2.34,0,0
2.36,2.34,0,0
2.36,2.35,0,0
2.37,2.35,0,0
2.38,2.36,0,0
2.38,2.36,0,0
2.38,2.36,0,0
2.38,2.36,0,0
2.37,2.36,0,0
2.36,2.36,0,0
2.37,2.35,0,0
2.38,2.34,0,0
2.37,2.33,0,0
2.36,2.32,0,0
2.35,2.33,0,0
2.35,2.32,0,0
2.34,2.31,0,0
2.33,2.3,0,0
2.34,2.3,0,0
2.32,2.28,0,0
2.31,2.29,0,0
2.31,2.28,0,0
2.31,2.29,0,0
2.3,2.28,0,0
2.3,2.28,0,0
2.29,2.26,0,0
2.28,2.27,0,0
2.29,2.25,0,0
2.29,2.26,0,0
2.28,2.26,0,0
2.27,2.24,0,0
2.27,2.24,0,0
2.26,2.24,0,0
2.27,2.24,0,0
2.27,2.23,0,0
2.27,2.23,0,0
2.27,2.23,0,0
2.25,2.22,0,0
2.26,2.21,0,0
2.26,2.21,0,0
2.25,2.21,0,0
2.25,2.21,0,0
2.24,2.23,0,0
2.25,2.21,0,0
2.23,2.21,0,0
2.25,2.23,0,0
2.24,2.21,0,0
2.25,2.21,0,0
2.24,2.2,0,0
2.24,2.21,0,0
2.24,2.21,0,0
2.23,2.19,0,0
2.22,2.18,0,0
2.21,2.18,0,0
2.21,2.17,0,0
2.2,2.17,0,0
2.22,2.19,0,0
2.2,2.2,0,0
2.27,2.18,0,0
2.19,2.18,0,0
2.21,2.19,0,0
2.15,2.19,0,0
2.21,2.19,0,0
2.22,2.19,0,0
2.2,2.18,0,0
2.2,2.18,0,0
2.18,2.19,0,0
2.2,2.18,0,0
2.16,2.19,0,0
2.22,2.18,0,0
2.2,2.18,0,0
2.18,2.19,0,0
2.2,2.19,0,0
2.19,2.18,0,0
2.2,2.18,0,0
2.18,2.19,0,0
2.18,2.19,0,0
2.21,2.18,0,0
2.19,2.17,0,0
2.33,2.18,0,0
2.23,2.17,0,0
2.27,2.17,0,0
2.28,2.16,0,0
2.4,2.26,0,0
2.23,2.15,0,0
2.61,2.16,0,0
2.3,2.16,0,0
2.47,2.15,0,0
2.5,2.16,0,0
2.68,2.15,0,0
2.71,2.17,0,0
2.45,2.15,0,0
,2.16,4,0
2.39,2.14,0,0
2.58,2.13,0,0
,2.12,4,0
,2.12,4,0
,2.13,4,0
,2.11,4,0
,2.1,4,0
,2.11,4,0
,2.1,4,0
2.88,2.13,0,0
,2.08,4,0
,2.09,4,0
,2.08,4,0
,2.08,4,0
,2.11,4,0
,2.08,4,0
,2.07,4,0
,2.09,4,0
,2.09,4,0
,2.07,4,0
,2.05,4,0
,2.09,4,0
,2.07,4,0
,2.07,4,0
,2.06,4,0
,2.09,4,0
,2.09,4,0
,2.05,4,0
,2.05,4,0
,2.07,4,0
,2.05,4,0
,2.04,4,0
,1.99,4,0
,,4,4
,,4,4
,,4,4
,2.42,4,0
,,4,4
,,4,4
,,4,4
,,4,4
,,4,4
,,4,4
,,4,4
,,4,4
,,4,4
,,4,4
,,4,4
,,4,4
,,4,4
,,4,4
,,4,4
,,4,4
,,4,4
,,4,4
,,4,4
,,4,4
,,4,4
,,4,4
,,4,4
,,4,4
,,4,4
,,4,4
,,4,4
,,4,4
,,4,4
,,4,4
2.36,2.03,0,0
,2.63,4,0
2.91,2,0,0
2.44,2.05,0,0
2.46,2.06,0,0
2.4,2.05,0,0
2.15,2.06,0,0
2.22,,0,4
2.25,2.1,0,0
2.16,2.03,0,0
2.18,2.09,0,0
2.18,2.1,0,0
2.17,2.11,0,0
2.22,2.09,0,0
2.24,2.11,0,0
2.18,2.11,0,0
2.15,2.11,0,0
2.24,2.1,0,0
2.26,2.12,0,0
2.2,2.11,0,0
2.22,2.1,0,0
2.11,2.09,0,0
2.13,2.11,0,0
2.13,2.11,0,0
2.11,2.11,0,0
2.15,2.1,0,0
2.11,2.08,0,0
2.19,2.09,0,0
2.18,2.1,0,0
2.14,2.1,0,0
2.13,2.07,0,0
2.15,2.05,0,0
2.11,2.04,0,0
2.14,2.08,0,0
2.15,2.07,0,0
2.16,2.06,0,0
2.13,2.08,0,0
2.19,2.06,0,0
2.2,2.08,0,0
2.11,2.09,0,0
2.1,2.06,0,0
2.08,2.07,0,0
1.99,2.02,0,0
2.09,2.06,0,0
2.11,2.37,0,0
2.15,2.04,0,0
2.12,2.03,0,0
2.13,2.03,0,0
2.1,2.03,0,0
2.09,2.05,0,0
2.3,2.03,0,0
2.13,2.21,0,0
2.07,2.04,0,0
2.11,2.04,0,0
2.11,2.07,0,0
2.07,2.05,0,0
2.07,2.04,0,0
2.06,2.04,0,0
2.05,2.04,0,0
2.15,2.09,0,0
2.17,2.09,0,0
2.19,2.13,0,0
2.21,2.15,0,0
2.22,2.14,0,0
2.23,2.18,0,0
2.23,2.17,0,0
2.25,2.19,0,0
2.25,2.19,0,0
2.26,2.19,0,0
2.25,2.19,0,0
2.27,2.21,0,0
2.28,2.21,0,0
2.28,2.22,0,0
2.29,2.21,0,0
2.3,2.25,0,0
2.3,2.26,0,0
2.31,2.27,0,0
2.3,2.27,0,0
2.29,2.27,0,0
2.3,2.26,0,0
2.29,2.27,0,0
2.29,2.27,0,0
2.29,2.28,0,0
2.29,2.28,0,0
2.28,2.28,0,0
2.27,2.28,0,0
2.27,2.25,0,0
2.23,2.23,0,0
2.21,2.24,0,0
2.22,2.21,0,0
2.22,2.21,0,0
2.2,2.19,0,0
2.19,2.18,0,0
2.19,2.19,0,0
2.14,2.16,0,0
2.15,2.14,0,0
2.13,2.13,0,0
2.16,2.13,0,0
2.15,2.13,0,0
2.13,2.14,0,0
2.14,2.11,0,0
2.1,2.14,0,0
2.11,2.1,0,0
2.09,2.08,0,0
2.09,2.08,0,0
2.08,2.07,0,0
2.08,2.05,0,0
2.08,2.05,0,0
2.07,2.06,0,0
2.11,2.09,0,0
2.12,2.09,0,0
2.11,2.07,0,0
2.09,2.1,0,0
2.1,2.08,0,0
2.1,2.09,0,0
2.12,2.09,0,0
2.12,2.1,0,0
2.14,2.12,0,0
2.14,2.09,0,0
2.14,2.12,0,0
2.11,2.12,0,0
2.15,2.17,0,0
2.12,2.13,0,0
2.15,2.12,0,0
2.17,2.12,0,0
2.16,2.15,0,0
2.19,2.17,0,0
2.16,2.13,0,0
2.2,2.17,0,0
2.19,2.16,0,0
2.22,2.17,0,0
2.2,2.17,0,0
2.22,2.18,0,0
2.19,2.17,0,0
2.22,2.19,0,0
2.22,2.17,0,0
2.22,2.17,0,0
2.23,2.16,0,0
2.21,2.16,0,0
2.24,2.18,0,0
2.23,2.18,0,0
2.22,2.18,0,0
2.23,2.16,0,0
2.23,2.15,0,0
2.23,2.14,0,0
2.23,2.13,0,0
2.24,2.16,0,0
2.24,2.2,0,0
2.24,2.17,0,0
2.25,2.16,0,0
2.26,2.18,0,0
2.25,2.18,0,0
2.28,2.18,0,0
2.27,2.2,0,0
2.28,2.2,0,0
2.3,2.23,0,0
2.31,2.22,0,0
2.33,2.22,0,0
2.1,2.27,0,0
,,4,4
,,4,4
,,4,4
,,4,4
,,4,4
,,4,4
,,4,4
,,4,4
,,4,4
,,4,4
,,4,4
,,4,4
,,4,4
,,4,4
,,4,4
,,4,4
,,4,4
,,4,4
,,4,4
,,4,4
,,4,4
,,4,4
,,4,4
,,4,4
2.49,2.57,0,0
,,4,4
,,4,4
,,4,4
,,4,4
2.51,2.57,0,0
2.5,2.59,0,0
2.51,2.6,0,0
2.46,2.6,0,0
2.5,2.61,0,0
2.5,2.61,0,0
2.52,2.62,0,0
2.55,2.63,0,0
2.48,2.63,0,0
2.54,2.63,0,0
2.52,2.63,0,0
2.54,2.64,0,0
2.54,2.66,0,0
2.58,2.66,0,0
2.54,2.66,0,0
2.59,2.67,0,0
2.59,2.68,0,0
2.61,2.68,0,0
2.63,2.69,0,0
2.65,2.69,0,0
2.64,2.69,0,0
2.66,2.69,0,0
2.66,2.7,0,0
2.68,2.71,0,0
2.7,2.71,0,0
2.74,2.71,0,0
2.78,2.72,0,0
2.8,2.73,0,0
2.81,2.73,0,0
2.82,2.74,0,0
2.83,2.74,0,0
2.81,2.75,0,0
2.83,2.75,0,0
2.84,2.75,0,0
2.83,2.76,0,0
2.83,2.77,0,0
2.83,2.77,0,0
2.84,2.77,0,0
2.81,2.77,0,0
2.79,2.77,0,0
2.71,2.76,0,0
2.74,2.75,0,0
2.67,2.75,0,0
2.64,2.74,0,0
2.66,2.73,0,0
2.71,2.72,0,0
2.67,2.7,0,0
2.63,2.7,0,0
2.67,2.69,0,0
2.63,2.68,0,0
2.61,2.67,0,0
2.62,2.67,0,0
2.57,2.67,0,0
2.58,2.67,0,0
2.65,2.67,0,0
2.62,2.69,0,0
2.63,2.7,0,0
2.58,2.69,0,0
2.53,2.69,0,0
2.54,2.69,0,0
2.55,2.69,0,0
2.47,2.7,0,0
2.52,2.71,0,0
2.49,2.71,0,0
2.5,2.72,0,0
2.5,2.74,0,0
2.5,2.75,0,0
2.53,2.76,0,0
2.55,2.78,0,0
2.61,2.8,0,0
2.73,2.81,0,0
2.75,2.82,0,0
2.79,2.83,0,0
2.82,2.85,0,0
2.83,2.86,0,0
2.86,2.88,0,0
2.86,2.9,0,0
2.89,2.91,0,0
2.89,2.93,0,0
2.92,2.94,0,0
2.9,2.96,0,0
2.88,2.97,0,0
2.91,2.99,0,0
2.93,2.99,0,0
2.94,3.01,0,0
2.96,3,0,0
2.95,3,0,0
2.95,2.99,0,0
2.96,2.99,0,0
2.95,2.98,0,0
2.95,2.98,0,0
2.95,2.97,0,0
2.95,2.96,0,0
2.94,2.95,0,0
2.95,2.95,0,0
2.94,2.94,0,0
2.94,2.94,0,0
2.94,2.94,0,0
2.94,2.93,0,0
2.92,2.93,0,0
2.93,2.93,0,0
2.9,2.93,0,0
,2.79,4,0
,,4,4
,,4,4
,,4,4
,,4,4
,,4,4
,,4,4
,,4,4
,,4,4
,,4,4
,,4,4
,,4,4
,,4,4
,,4,4
,,4,4
,,4,4
,,4,4
,,4,4
,,4,4
,,4,4
2.85,2.91,0,0
,,4,4
,,4,4
,,4,4
,,4,4
,,4,4
,,4,4
,,4,4
,,4,4
,,4,4
2.9,2.92,0,0
2.89,2.93,0,0
2.93,2.95,0,0
2.95,2.96,0,0
2.97,2.97,0,0
2.95,2.99,0,0
2.96,3.01,0,0
2.92,3.02,0,0
2.93,3.03,0,0
2.95,3.04,0,0
2.97,3.06,0,0
2.98,3.07,0,0
2.99,3.08,0,0
3,3.09,0,0
3.02,3.11,0,0
3.02,3.11,0,0
3.03,3.12,0,0
3.04,3.13,0,0
3.05,3.14,0,0
3.05,3.14,0,0
3.05,3.15,0,0
3.05,3.15,0,0
3.05,3.16,0,0
3.05,3.15,0,0
3.05,3.15,0,0
3.04,3.15,0,0
3.03,3.14,0,0
3.03,3.13,0,0
3.01,3.12,0,0
3,3.11,0,0
2.99,3.1,0,0
2.97,3.09,0,0
2.96,3.08,0,0
2.95,3.06,0,0
2.94,3.05,0,0
2.93,3.03,0,0
2.91,3.02,0,0
2.9,3,0,0
2.89,2.99,0,0
2.88,2.98,0,0
2.85,2.97,0,0
2.84,2.97,0,0
2.84,2.95,0,0
2.82,2.95,0,0
2.83,2.94,0,0
2.83,2.94,0,0
2.81,2.93,0,0
2.82,2.93,0,0
2.82,2.93,0,0
2.82,2.94,0,0
2.81,2.94,0,0
2.83,2.95,0,0
2.84,2.95,0,0
2.83,2.95,0,0
2.84,2.96,0,0
2.85,2.96,0,0
2.85,2.97,0,0
2.86,2.98,0,0
2.87,2.98,0,0
2.88,2.99,0,0
2.9,3,0,0
2.91,3,0,0
2.92,3.01,0,0
2.94,3.02,0,0
2.95,3.03,0,0
2.95,3.04,0,0
2.96,3.04,0,0
2.97,3.05,0,0
2.98,3.05,0,0
2.99,3.05,0,0
2.99,3.06,0,0
2.99,3.06,0,0
2.99,3.06,0,0
2.98,3.05,0,0
2.98,3.04,0,0
2.97,3.03,0,0
2.96,3.02,0,0
2.95,3.02,0,0
2.94,3,0,0
2.93,2.99,0,0
2.92,2.98,0,0
2.9,2.96,0,0
2.88,2.94,0,0
2.87,2.92,0,0
2.85,2.91,0,0
2.83,2.89,0,0
2.81,2.88,0,0
2.79,2.88,0,0
2.78,2.86,0,0
2.78,2.84,0,0
2.77,2.83,0,0
2.75,2.82,0,0
2.73,2.8,0,0
2.73,2.79,0,0
2.71,2.79,0,0
2.7,2.78,0,0
2.69,2.77,0,0
2.68,2.77,0,0
2.69,2.76,0,0
2.68,2.76,0,0
2.67,2.76,0,0
2.66,2.75,0,0
2.67,2.74,0,0
2.65,2.74,0,0
2.65,2.74,0,0
2.65,2.73,0,0
2.65,2.72,0,0
2.65,2.72,0,0
2.64,2.72,0,0
2.64,2.72,0,0
2.63,2.72,0,0
2.62,2.72,0,0
2.63,2.71,0,0
2.63,2.72,0,0
2.64,2.72,0,0
2.64,2.72,0,0
2.65,2.73,0,0
2.66,2.73,0,0
2.66,2.74,0,0
2.67,2.75,0,0
2.65,2.76,0,0
2.68,2.76,0,0
2.68,2.77,0,0
2.69,2.78,0,0
2.7,2.78,0,0
2.7,2.79,0,0
2.71,2.8,0,0
2.72,2.8,0,0
2.72,2.81,0,0
2.73,2.81,0,0
2.72,2.82,0,0
2.73,2.82,0,0
2.74,2.82,0,0
2.75,2.83,0,0
2.74,2.83,0,0
2.75,2.84,0,0
2.76,2.84,0,0
2.76,2.85,0,0
2.78,2.85,0,0
2.78,2.85,0,0
2.78,2.86,0,0
2.77,2.86,0,0
2.79,2.88,0,0
2.87,2.89,0,0
2.88,2.89,0,0
3.03,2.88,0,0
2.88,2.88,0,0
2.87,2.88,0,0
2.89,2.89,0,0
2.88,2.89,0,0
2.88,2.89,0,0
2.87,2.89,0,0
2.87,2.88,0,0
2.79,2.89,0,0
,2.89,4,0
,,4,4
,,4,4
,,4,4
,,4,4
,,4,4
,,4,4
,,4,4
,,4,4
,,4,4
,,4,4
,,4,4
,,4,4
,,4,4
,,4,4
,,4,4
,,4,4
,,4,4
,,4,4
,,4,4
,,4,4
,,4,4
,,4,4
,,4,4
,,4,4
,,4,4
,,4,4
,,4,4
,,4,4
2.68,2.66,0,0
2.7,2.67,0,0
2.71,2.69,0,0
2.73,2.71,0,0
2.74,2.72,0,0
2.75,2.73,0,0
2.77,2.75,0,0
2.78,2.75,0,0
2.79,2.77,0,0
2.8,2.77,0,0
2.82,2.78,0,0
2.86,2.83,0,0
2.87,2.84,0,0
2.85,2.82,0,0
2.84,2.81,0,0
2.85,2.82,0,0
2.84,2.82,0,0
2.85,2.82,0,0
2.84,2.82,0,0
2.85,2.83,0,0
2.84,2.82,0,0
2.86,2.83,0,0
2.85,2.84,0,0
2.86,2.84,0,0
2.86,2.85,0,0
2.87,2.85,0,0
2.88,2.86,0,0
2.88,2.86,0,0
2.89,2.86,0,0
2.9,2.86,0,0
2.89,2.87,0,0
2.9,2.87,0,0
2.89,2.87,0,0
2.9,2.87,0,0
2.89,2.87,0,0
2.9,2.86,0,0
2.9,2.86,0,0
2.91,2.86,0,0
2.91,2.86,0,0
2.91,2.87,0,0
2.92,2.87,0,0
2.93,2.87,0,0
2.93,2.88,0,0
2.94,2.88,0,0
2.95,2.89,0,0
2.95,2.9,0,0
2.96,2.91,0,0
2.97,2.92,0,0
2.98,2.93,0,0
2.99,2.94,0,0
2.99,2.94,0,0
3,2.96,0,0
2.99,2.97,0,0
2.99,2.98,0,0
3,2.99,0,0
3,2.99,0,0
3.01,3,0,0
3.01,3.01,0,0
3,3.01,0,0
3,3.02,0,0
3.01,3.02,0,0
3,3.02,0,0
3.01,3.03,0,0
3.02,3.03,0,0
3,3.03,0,0
3.01,3.03,0,0
3.02,3.04,0,0
3.01,3.04,0,0
3.01,3.04,0,0
3.02,3.05,0,0
3.01,3.05,0,0
3.01,3.06,0,0
3.01,3.05,0,0
3.01,3.05,0,0
3,3.04,0,0
3,3.04,0,0
3,3.04,0,0
2.99,3.04,0,0
2.99,3.04,0,0
2.99,3.04,0,0
2.98,3.03,0,0
2.98,3.03,0,0
2.98,3.03,0,0
2.96,3.02,0,0
2.96,3.01,0,0
2.95,3.01,0,0
2.94,3,0,0
2.94,2.99,0,0
2.92,2.98,0,0
2.92,2.97,0,0
2.91,2.97,0,0
2.9,2.96,0,0
2.89,2.96,0,0
2.88,2.96,0,0
2.89,2.96,0,0
2.79,2.96,0,0
1.9,2.92,0,0
,,4,4
,,4,4
,,4,4
,,4,4
,,4,4
,,4,4
,,4,4
,,4,4
,,4,4
,,4,4
,,4,4
,,4,4
,,4,4
,,4,4
,,4,4
,,4,4
,,4,4
,,4,4
,,4,4
,,4,4
,,4,4
,,4,4
,,4,4
,,4,4
,2.96,4,0
,,4,4
,,4,4
,,4,4
,,4,4
,,4,4
3.01,2.96,0,0
3.01,2.97,0,0
3.02,2.97,0,0
3.02,2.98,0,0
3.02,2.98,0,0
3.02,2.98,0,0
3.02,2.99,0,0
3.02,2.99,0,0
3.01,3,0,0
3.01,3,0,0
3.01,3,0,0
3.01,3,0,0
3,3,0,0
3,3,0,0
3,3,0,0
3,3,0,0
2.99,2.99,0,0
2.99,2.99,0,0
2.98,3,0,0
2.98,3,0,0
2.98,2.99,0,0
2.97,2.99,0,0
2.98,3,0,0
2.96,3,0,0
2.95,2.98,0,0
2.92,2.97,0,0
2.92,2.97,0,0
2.91,2.96,0,0
2.9,2.95,0,0
2.89,2.95,0,0
2.89,2.94,0,0
2.88,2.93,0,0
2.88,2.93,0,0
2.88,2.92,0,0
2.87,2.91,0,0
2.86,2.92,0,0
2.86,2.91,0,0
2.86,2.9,0,0
2.86,2.9,0,0
2.85,2.9,0,0
2.85,2.9,0,0
2.85,2.9,0,0
2.85,2.9,0,0
2.85,2.9,0,0
2.85,2.9,0,0
2.86,2.9,0,0
2.85,2.91,0,0
2.83,2.9,0,0
2.84,2.91,0,0
2.85,2.91,0,0
2.84,2.91,0,0
2.84,2.91,0,0
2.86,2.91,0,0
2.86,2.92,0,0
2.86,2.91,0,0
2.85,2.92,0,0
2.86,2.91,0,0
2.85,2.91,0,0
2.86,2.92,0,0
2.85,2.91,0,0
2.85,2.91,0,0
2.84,2.91,0,0
2.84,2.91,0,0
2.85,2.91,0,0
2.83,2.91,0,0
2.84,2.92,0,0
2.85,2.92,0,0
2.86,2.92,0,0
2.86,2.92,0,0
2.85,2.92,0,0
2.86,2.93,0,0
2.86,2.93,0,0
2.87,2.93,0,0
2.86,2.94,0,0
2.88,2.94,0,0
2.87,2.95,0,0
2.88,2.96,0,0
2.88,2.95,0,0
2.89,2.95,0,0
2.89,2.94,0,0
2.88,2.94,0,0
2.88,2.94,0,0
2.88,2.93,0,0
2.87,2.93,0,0
2.87,2.92,0,0
2.87,2.92,0,0
2.86,2.91,0,0
2.85,2.9,0,0
2.85,2.9,0,0
2.84,2.9,0,0
2.83,2.9,0,0
2.83,2.9,0,0
2.82,2.89,0,0
2.81,2.89,0,0
2.81,2.88,0,0
2.79,2.88,0,0
2.79,2.87,0,0
2.79,2.87,0,0
2.78,2.86,0,0
2.77,2.86,0,0
2.76,2.86,0,0
2.75,2.86,0,0
2.74,2.85,0,0
2.7,2.85,0,0
2.69,2.85,0,0
2.68,2.84,0,0
2.7,2.83,0,0
2.63,2.83,0,0
2.62,2.83,0,0
2.6,2.82,0,0
2.53,2.81,0,0
2.52,2.81,0,0
2.51,2.8,0,0
2.45,2.8,0,0
2.41,2.8,0,0
2.42,2.79,0,0
2.38,2.78,0,0
2.37,2.78,0,0
2.28,2.77,0,0
2.34,2.77,0,0
2.36,2.76,0,0
2.45,2.75,0,0
2.16,2.75,0,0
2.19,2.75,0,0
2.2,2.74,0,0
,2.74,4,0
2.07,2.72,0,0
,2.72,4,0
,2.72,4,0
,2.7,4,0
,2.7,4,0
,2.69,4,0
,2.68,4,0
,2.68,4,0
,2.66,4,0
,2.66,4,0
,2.65,4,0
,2.64,4,0
,2.63,4,0
,2.64,4,0
,2.63,4,0
,2.62,4,0
,2.61,4,0
,2.61,4,0
,2.6,4,0
,2.6,4,0
,2.59,4,0
,2.59,4,0
,2.58,4,0
,2.58,4,0
,2.57,4,0
,2.57,4,0
,2.56,4,0
,2.55,4,0
,2.55,4,0
,2.55,4,0
,2.55,4,0
,2.54,4,0
,2.54,4,0
,2.52,4,0
,2.51,4,0
,2.51,4,0
,2.48,4,0
,2.44,4,0
,2.45,4,0
,2.46,4,0
,2.41,4,0
,2.38,4,0
,2.32,4,0
,2.31,4,0
,2.2,4,0
,2.19,4,0
,2.12,4,0
,2.13,4,0
,2.06,4,0
,2.13,4,0
,1.91,4,0
,2.04,4,0
,2.01,4,0
,2.05,4,0
,1.95,4,0
,1.96,4,0
,2.49,4,0
,2.68,4,0
,1.74,4,0
,2.01,4,0
,2.16,4,0
,2.26,4,0
,2.18,4,0
,2.05,4,0
,,4,4
,2.65,4,0
,2.26,4,0
,2.45,4,0
,2.46,4,0
,2.33,4,0
,2.57,4,0
,2.33,4,0
,2.48,4,0
,3.05,4,0
,2.53,4,0
,2.25,4,0
,2.39,4,0
,2.32,4,0
,2.25,4,0
,2.27,4,0
,2.25,4,0
,2.35,4,0
,2.27,4,0
,2.27,4,0
,2.48,4,0
,2.18,4,0
,2.19,4,0
,2.17,4,0
,2.16,4,0
,2.14,4,0
,,4,4
,2.24,4,0
,2.2,4,0
,2.22,4,0
,2.22,4,0
,2.14,4,0
,2.21,4,0
,,4,4
,2.18,4,0
,,4,4
,2.18,4,0
,2.33,4,0
,,4,4
,,4,4
,2.18,4,0
,2.09,4,0
,2.21,4,0
,2.19,4,0
,2.2,4,0
,2.21,4,0
,2.23,4,0
,2.21,4,0
,2.23,4,0
,2.22,4,0
,2.24,4,0
,2.23,4,0
,2.22,4,0
,2.23,4,0
,2.22,4,0
,2.21,4,0
,2.22,4,0
,2.22,4,0
,2.21,4,0
,2.22,4,0
,2.24,4,0
,2.25,4,0
,2.25,4,0
,2.24,4,0
,2.25,4,0
,2.27,4,0
,2.26,4,0
,2.28,4,0
,2.28,4,0
,2.29,4,0
,2.29,4,0
,2.31,4,0
,2.31,4,0
,2.33,4,0
,2.36,4,0
,2.38,4,0
,2.38,4,0
,2.39,4,0
,2.39,4,0
,2.4,4,0
,2.41,4,0
,2.41,4,0
,2.42,4,0
,2.41,4,0
,2.41,4,0
,2.38,4,0
,2.36,4,0
,2.36,4,0
,2.35,4,0
,2.35,4,0
,2.35,4,0
,2.35,4,0
,2.34,4,0
,2.34,4,0
,2.34,4,0
,2.33,4,0
,2.34,4,0
,2.32,4,0
,2.3,4,0
,2.31,4,0
,2.29,4,0
,2.29,4,0
,2.29,4,0
,2.28,4,0
,2.26,4,0
,2.28,4,0
,1.98,4,0
,,4,4
,,4,4
,,4,4
,,4,4
,,4,4
,,4,4
,,4,4
,,4,4
,,4,4
,,4,4
,,4,4
,,4,4
,,4,4
,,4,4
,,4,4
,,4,4
,,4,4
,,4,4
,,4,4
,,4,4
,,4,4
,,4,4
,,4,4
,,4,4
,,4,4
,,4,4
,,4,4
,,4,4
2.41,2.43,0,0
2.36,2.44,0,0
2.31,2.46,0,0
2.35,2.47,0,0
2.34,2.47,0,0
2.45,2.49,0,0
2.36,2.49,0,0
2.4,2.49,0,0
2.36,2.48,0,0
2.36,2.47,0,0
2.35,2.46,0,0
2.34,2.44,0,0
2.42,2.43,0,0
2.38,2.4,0,0
2.38,2.38,0,0
2.37,2.38,0,0
2.37,2.36,0,0
2.36,2.37,0,0
2.35,2.36,0,0
2.34,2.35,0,0
2.35,2.35,0,0
2.33,2.34,0,0
2.36,2.35,0,0
2.31,2.34,0,0
2.3,2.33,0,0
2.3,2.33,0,0
2.29,2.33,0,0
2.27,2.33,0,0
2.27,2.31,0,0
2.27,2.31,0,0
2.31,2.31,0,0
2.22,2.3,0,0
2.24,2.29,0,0
2.24,2.28,0,0
2.23,2.25,0,0
2.26,2.28,0,0
2.21,2.27,0,0
2.21,2.27,0,0
2.2,2.28,0,0
2.2,2.28,0,0
2.22,2.28,0,0
2.23,2.27,0,0
2.22,2.28,0,0
2.23,2.29,0,0
2.25,2.31,0,0
2.26,2.3,0,0
2.25,2.33,0,0
2.27,2.33,0,0
2.28,2.34,0,0
2.32,2.38,0,0
2.36,2.37,0,0
2.37,2.37,0,0
2.39,2.36,0,0
2.41,2.39,0,0
2.42,2.4,0,0
2.42,2.42,0,0
2.45,2.42,0,0
2.47,2.43,0,0
2.49,2.46,0,0
2.52,2.47,0,0
2.53,2.48,0,0
2.54,2.51,0,0
2.55,2.52,0,0
2.57,2.54,0,0
2.57,2.54,0,0
2.58,2.56,0,0
2.58,2.57,0,0
2.59,2.58,0,0
2.6,2.63,0,0
2.55,2.63,0,0
2.53,2.62,0,0
2.54,2.61,0,0
2.52,2.6,0,0
2.51,2.6,0,0
2.51,2.59,0,0
2.51,2.58,0,0
2.5,2.58,0,0
2.49,2.58,0,0
2.48,2.57,0,0
2.47,2.57,0,0
2.48,2.57,0,0
2.48,2.56,0,0
2.5,2.56,0,0
2.48,2.55,0,0
2.47,2.55,0,0
2.46,2.54,0,0
2.47,2.54,0,0
2.48,2.54,0,0
2.47,2.54,0,0
2.47,2.54,0,0
2.48,2.54,0,0
2.49,2.54,0,0
2.5,2.54,0,0
2.48,2.56,0,0
2.5,2.55,0,0
2.49,2.56,0,0
2.49,2.55,0,0
2.5,2.56,0,0
2.52,2.56,0,0
2.53,2.57,0,0
2.54,2.58,0,0
2.55,2.58,0,0
2.55,2.58,0,0
2.57,2.6,0,0
2.58,2.61,0,0
2.59,2.62,0,0
2.59,2.64,0,0
2.62,2.65,0,0
2.64,2.66,0,0
2.66,2.67,0,0
2.67,2.67,0,0
2.67,2.69,0,0
2.68,2.7,0,0
2.68,2.71,0,0
2.7,2.72,0,0
2.71,2.73,0,0
2.72,2.75,0,0
2.73,2.76,0,0
2.75,2.77,0,0
2.75,2.79,0,0
2.76,2.82,0,0
2.78,2.83,0,0
2.8,2.84,0,0
2.8,2.85,0,0
2.8,2.86,0,0
2.82,2.87,0,0
2.83,2.88,0,0
2.83,2.89,0,0
2.84,2.9,0,0
2.85,2.9,0,0
2.85,2.91,0,0
2.85,2.92,0,0
2.89,2.93,0,0
2.89,2.92,0,0
2.89,2.91,0,0
2.89,2.91,0,0
2.89,2.91,0,0
2.89,2.9,0,0
2.89,2.9,0,0
2.89,2.89,0,0
2.89,2.89,0,0
2.89,2.89,0,0
2.9,2.89,0,0
2.9,2.89,0,0
2.9,2.9,0,0
2.9,2.9,0,0
2.9,2.9,0,0
2.9,2.91,0,0
2.91,2.92,0,0
2.92,2.92,0,0
2.92,2.92,0,0
2.91,2.92,0,0
2.91,2.93,0,0
2.91,2.93,0,0
2.9,2.93,0,0
2.9,2.93,0,0
2.88,2.93,0,0
2.85,2.93,0,0
2.77,2.94,0,0
,2.84,4,0
,,4,4
,,4,4
,,4,4
,,4,4
,,4,4
,,4,4
,,4,4
,,4,4
,,4,4
,,4,4
,,4,4
,,4,4
,,4,4
,,4,4
,,4,4
,,4,4
,,4,4
,,4,4
2.86,2.97,0,0
,,4,4
,,4,4
,,4,4
,,4,4
,,4,4
,,4,4
,,4,4
,,4,4
,,4,4
2.84,2.97,0,0
2.73,2.98,0,0
2.82,2.99,0,0
2.81,3.01,0,0
2.87,3.02,0,0
2.84,3.03,0,0
2.82,3.04,0,0
2.89,3.05,0,0
2.9,3.07,0,0
2.96,3.08,0,0
2.97,3.1,0,0
2.99,3.11,0,0
2.99,3.12,0,0
2.98,3.13,0,0
3.01,3.14,0,0
3.04,3.16,0,0
3.05,3.16,0,0
3.07,3.17,0,0
3.08,3.17,0,0
3.08,3.18,0,0
3.08,3.19,0,0
3.12,3.19,0,0
3.09,3.19,0,0
3.11,3.19,0,0
3.15,3.2,0,0
3.18,3.21,0,0
3.18,3.22,0,0
3.18,3.23,0,0
3.16,3.24,0,0
3.21,3.24,0,0
3.22,3.25,0,0
3.22,3.26,0,0
3.23,3.26,0,0
3.23,3.27,0,0
3.25,3.27,0,0
3.18,3.28,0,0
3.22,3.28,0,0
3.16,3.29,0,0
3.21,3.29,0,0
3.21,3.29,0,0
3.21,3.28,0,0
3.21,3.28,0,0
3.21,3.28,0,0
3.2,3.29,0,0
3.21,3.29,0,0
3.21,3.29,0,0
3.21,3.29,0,0
3.22,3.3,0,0
3.21,3.3,0,0
3.2,3.3,0,0
3.21,3.3,0,0
3.21,3.31,0,0
3.23,3.32,0,0
3.23,3.32,0,0
3.23,3.33,0,0
3.23,3.33,0,0
3.24,3.34,0,0
3.24,3.34,0,0
3.24,3.35,0,0
3.25,3.35,0,0
3.24,3.36,0,0
3.25,3.37,0,0
3.25,3.37,0,0
3.27,3.38,0,0
3.27,3.39,0,0
3.26,3.39,0,0
3.27,3.4,0,0
3.27,3.4,0,0
3.28,3.41,0,0
3.29,3.41,0,0
3.3,3.42,0,0
3.29,3.42,0,0
3.3,3.42,0,0
3.31,3.43,0,0
3.31,3.43,0,0
3.32,3.44,0,0
3.33,3.44,0,0
3.32,3.45,0,0
3.33,3.46,0,0
3.34,3.46,0,0
3.34,3.47,0,0
3.33,3.47,0,0
3.34,3.48,0,0
3.34,3.48,0,0
3.34,3.49,0,0
3.34,3.49,0,0
3.32,3.49,0,0
3.33,3.49,0,0
3.34,3.5,0,0
3.33,3.5,0,0
3.33,3.5,0,0
3.33,3.5,0,0
3.31,3.5,0,0
3.33,3.5,0,0
3.32,3.51,0,0
3.32,3.51,0,0
3.33,3.51,0,0
3.33,3.51,0,0
3.33,3.51,0,0
3.32,3.49,0,0
3.31,3.48,0,0
3.32,3.48,0,0
3.31,3.48,0,0
3.31,3.47,0,0
3.3,3.46,0,0
3.29,3.45,0,0
3.28,3.44,0,0
3.27,3.43,0,0
3.27,3.41,0,0
3.25,3.4,0,0
3.23,3.39,0,0
3.23,3.38,0,0
3.22,3.37,0,0
3.22,3.36,0,0
3.22,3.34,0,0
3.2,3.34,0,0
3.21,3.33,0,0
3.19,3.33,0,0
3.18,3.33,0,0
3.19,3.33,0,0
3.18,3.33,0,0
3.2,3.33,0,0
3.19,3.33,0,0
3.19,3.34,0,0
3.19,3.34,0,0
3.12,3.35,0,0
3.2,3.35,0,0
3.2,3.35,0,0
3.21,3.36,0,0
3.21,3.36,0,0
3.21,3.37,0,0
3.21,3.37,0,0
3.21,3.38,0,0
3.22,3.38,0,0
3.21,3.39,0,0
3.21,3.39,0,0
3.21,3.38,0,0
3.21,3.4,0,0
3.21,3.39,0,0
3.24,3.39,0,0
3.24,3.4,0,0
3.24,3.4,0,0
3.24,3.4,0,0
3.24,3.4,0,0
3.24,3.4,0,0
3.21,3.4,0,0
3.22,3.4,0,0
3.23,3.41,0,0
3.25,3.41,0,0
3.24,3.41,0,0
3.24,3.41,0,0
3.24,3.41,0,0
3.22,3.41,0,0
3.21,3.41,0,0
3.21,3.41,0,0
3.21,3.41,0,0
3.21,3.4,0,0
3.22,3.4,0,0
3.22,3.4,0,0
3.23,3.39,0,0
3.22,3.39,0,0
3.22,3.38,0,0
3.21,3.39,0,0
3.24,3.39,0,0
3.23,3.38,0,0
3.23,3.38,0,0
3.22,3.37,0,0
3.21,3.36,0,0
3.21,3.35,0,0
3.21,3.34,0,0
3.21,3.33,0,0
3.19,3.32,0,0
3.19,3.31,0,0
3.18,3.31,0,0
3.18,3.29,0,0
3.18,3.29,0,0
3.17,3.28,0,0
3.15,3.27,0,0
3.14,3.26,0,0
3.14,3.25,0,0
3.13,3.25,0,0
3.13,3.25,0,0
3.12,3.24,0,0
3.11,3.23,0,0
3.11,3.23,0,0
3.11,3.22,0,0
3.11,3.21,0,0
3.1,3.2,0,0
3.09,3.19,0,0
3.08,3.19,0,0
3.07,3.18,0,0
3.06,3.17,0,0
3.05,3.16,0,0
3.05,3.15,0,0
3.02,3.14,0,0
3.01,3.12,0,0
3,3.11,0,0
2.98,3.1,0,0
2.97,3.09,0,0
2.96,3.08,0,0
2.95,3.07,0,0
2.94,3.07,0,0
2.94,3.06,0,0
2.91,3.06,0,0
2.82,3.05,0,0
2.85,3.04,0,0
2.86,3.03,0,0
2.85,3.02,0,0
2.84,3.01,0,0
2.83,3,0,0
2.82,2.99,0,0
2.82,2.99,0,0
2.81,2.98,0,0
2.79,2.98,0,0
2.75,2.97,0,0
2.74,2.96,0,0
2.73,2.95,0,0
2.71,2.94,0,0
2.73,2.94,0,0
2.71,2.93,0,0
2.71,2.91,0,0
2.7,2.9,0,0
2.7,2.89,0,0
2.7,2.89,0,0
2.68,2.88,0,0
2.67,2.88,0,0
2.67,2.87,0,0
2.62,2.87,0,0
2.64,2.87,0,0
2.66,2.87,0,0
2.64,2.87,0,0
2.65,2.86,0,0
2.48,2.86,0,0
2.62,2.87,0,0
2.66,2.87,0,0
2.63,2.87,0,0
2.58,2.87,0,0
2.64,2.87,0,0
2.55,2.88,0,0
2.63,2.87,0,0
2.54,2.88,0,0
2.71,2.88,0,0
2.65,2.88,0,0
2.52,2.89,0,0
2.52,2.89,0,0
2.55,2.9,0,0
2.47,2.9,0,0
2.54,2.91,0,0
2.55,2.91,0,0
2.52,2.92,0,0
2.48,2.93,0,0
2.59,2.93,0,0
2.87,2.95,0,0
2.92,2.96,0,0
2.93,2.98,0,0
2.94,2.99,0,0
2.96,3,0,0
2.96,3.01,0,0
2.97,3.02,0,0
2.98,3.03,0,0
2.99,3.04,0,0
3,3.06,0,0
3,3.07,0,0
3.01,3.08,0,0
3.03,3.09,0,0
3.03,3.1,0,0
2.96,3.12,0,0
3,3.15,0,0
3.01,3.14,0,0
3.02,3.15,0,0
3.06,3.16,0,0
3.03,3.17,0,0
2.96,3.17,0,0
3.02,3.17,0,0
3,3.17,0,0
3.01,3.16,0,0
3.01,3.15,0,0
3.01,3.14,0,0
3.01,3.12,0,0
3.01,3.12,0,0
2.99,3.11,0,0
2.99,3.09,0,0
2.98,3.08,0,0
2.97,3.07,0,0
2.95,3.05,0,0
2.94,3.04,0,0
2.93,3.02,0,0
2.93,3.01,0,0
2.92,3.01,0,0
2.92,3,0,0
2.92,3,0,0
2.91,2.99,0,0
2.91,2.99,0,0
2.92,2.98,0,0
2.91,2.98,0,0
2.9,2.98,0,0
2.91,2.98,0,0
2.91,2.97,0,0
2.91,2.97,0,0
2.9,2.97,0,0
2.9,2.96,0,0
2.89,2.96,0,0
2.88,2.95,0,0
2.87,2.94,0,0
2.85,2.94,0,0
2.84,2.93,0,0
2.83,2.93,0,0
2.82,2.92,0,0
2.8,2.91,0,0
2.8,2.91,0,0
2.8,2.91,0,0
2.8,2.9,0,0
2.79,2.9,0,0
2.78,2.88,0,0
2.79,2.88,0,0
2.79,2.88,0,0
2.78,2.88,0,0
2.79,2.88,0,0
2.8,2.87,0,0
2.8,2.87,0,0
2.81,2.88,0,0
2.81,2.87,0,0
2.81,2.88,0,0
2.82,2.88,0,0
2.82,2.88,0,0
2.82,2.89,0,0
2.83,2.89,0,0
2.82,2.89,0,0
2.83,2.89,0,0
2.83,2.89,0,0
2.83,2.9,0,0
2.82,2.9,0,0
2.82,2.9,0,0
2.82,2.9,0,0
2.81,2.9,0,0
2.8,2.9,0,0
2.8,2.89,0,0
2.79,2.88,0,0
2.78,2.88,0,0
2.77,2.87,0,0
2.77,2.86,0,0
2.75,2.85,0,0
2.75,2.84,0,0
2.74,2.84,0,0
2.73,2.82,0,0
2.73,2.82,0,0
2.71,2.81,0,0
2.7,2.8,0,0
2.69,2.79,0,0
2.68,2.78,0,0
2.67,2.77,0,0
2.67,2.76,0,0
2.66,2.76,0,0
2.65,2.74,0,0
2.63,2.73,0,0
2.64,2.72,0,0
2.59,2.7,0,0
,2.12,4,0
,,4,4
,,4,4
,,4,4
,,4,4
,,4,4
,,4,4
,,4,4
,,4,4
,,4,4
,,4,4
,,4,4
,,4,4
,,4,4
,,4,4
,,4,4
,,4,4
,,4,4
,,4,4
,,4,4
2.54,2.52,0,0
,,4,4
,,4,4
,,4,4
,,4,4
,,4,4
,,4,4
,,4,4
,,4,4
,,4,4
,,4,4
2.52,2.5,0,0
2.52,2.5,0,0
2.52,2.51,0,0
2.52,2.51,0,0
2.51,2.5,0,0
2.51,2.49,0,0
2.52,2.5,0,0
2.52,2.5,0,0
2.51,2.5,0,0
2.51,2.49,0,0
2.51,2.49,0,0
2.51,2.48,0,0
2.51,2.48,0,0
2.51,2.48,0,0
2.51,2.51,0,0
2.47,2.52,0,0
2.46,2.51,0,0
2.46,2.52,0,0
2.46,2.52,0,0
2.46,2.5,0,0
2.4,2.49,0,0
2.43,2.47,0,0
2.41,2.46,0,0
2.42,2.45,0,0
2.41,2.45,0,0
2.41,2.44,0,0
2.39,2.43,0,0
2.36,2.41,0,0
2.34,2.4,0,0
2.33,2.39,0,0
2.31,2.37,0,0
2.3,2.36,0,0
2.3,2.45,0,0
2.27,2.32,0,0
2.27,2.31,0,0
2.27,2.33,0,0
2.26,2.31,0,0
2.26,2.29,0,0
2.25,2.28,0,0
2.24,2.28,0,0
2.21,2.26,0,0
2.26,2.25,0,0
2.22,2.27,0,0
2.25,2.25,0,0
2.26,2.26,0,0
2.27,2.25,0,0
2.24,2.25,0,0
2.26,2.21,0,0
2.25,2.25,0,0
2.25,2.24,0,0
2.29,2.22,0,0
2.22,2.24,0,0
2.23,2.2,0,0
2.24,2.25,0,0
2.24,2.25,0,0
2.2,2.25,0,0
2.22,2.25,0,0
2.22,2.24,0,0
2.23,2.22,0,0
2.2,2.24,0,0
2.21,2.23,0,0
2.18,2.23,0,0
2.19,2.22,0,0
2.19,2.21,0,0
2.14,2.22,0,0
2.15,2.18,0,0
2.13,2.22,0,0
2.17,2.18,0,0
2.15,2.2,0,0
2.14,2.19,0,0
2.16,2.2,0,0
2.15,2.2,0,0
2.15,2.18,0,0
2.15,2.18,0,0
2.15,2.17,0,0
2.14,2.17,0,0
2.1,2.17,0,0
2.14,2.17,0,0
2.17,2.15,0,0
2.23,2.15,0,0
2.15,2.16,0,0
2.18,2.15,0,0
2.19,2.14,0,0
2.16,2.16,0,0
2.16,2.15,0,0
2.19,2.14,0,0
2.17,2.14,0,0
2.18,2.15,0,0
2.07,2.14,0,0
2.25,2.17,0,0
,2.13,4,0
,,4,4
,,4,4
,,4,4
,,4,4
,,4,4
,,4,4
,,4,4
,,4,4
,,4,4
,,4,4
,,4,4
,,4,4
,,4,4
,,4,4
,,4,4
,,4,4
